


 ########  #          ######   #           #
 #         #         #      #   #         #
 #####     #         #      #    #   #   #
 #         #         #      #     # # # #
 #         #######    ######       #   #

Flow is a simulator for fully implicit three-phase black-oil flow, and is part of OPM.
For more information visit: https://opm-project.org

Flow Version     =  2026.04-pre (bf0fd3faf)
Machine name     =  [REDACTED] (Number of logical cores: 72, Memory size: 63779.43 MB)
Operating system =  Linux x86_64 (Kernel: 6.6.87.2-microsoft-standard-WSL2, #1 SMP PREEMPT_DYNAMIC Thu Jun  5 18:30:46 UTC 2025 )
Build time       =  2026-01-28 at 12:12:18 hrs
Simulation started on 04-07-2026 at 15:30:56 hrs
Using 16 MPI processes with 2 OMP threads on each
Parameters used by Flow:
# [known parameters which were specified at run-time]
EnableTuning="1" # default: "0"
OutputDir="./out" # default: ""
EclDeckFileName="fine-nocap.data" # default: ""
# [parameters which were specified at compile-time]
AcceleratorMode="none"
ActionParsingStrictness="normal"
AddCorners="0"
AllowDistributedWells="0"
AllowSplittingInactiveWells="1"
AlternativeWellRateInit="1"
CheckGroupConstraintsInnerWellIterations="1"
CheckSatfuncConsistency="1"
ConserveInnerEnergyThermal="0"
ContinueOnConvergenceError="0"
ConvergenceMonitoring="0"
ConvergenceMonitoringCutOff="6"
ConvergenceMonitoringDecayFactor="0.75"
CprReuseInterval="30"
CprReuseSetup="4"
CprWeightsThreadParallel="0"
DbhpMaxRel="1"
DebugEmitCellPartition="0"
DebugVerbosityLevel="1"
DpMaxRel="0.3"
DsMax="0.2"
DwellFractionMax="0.2"
EclOutputDoublePrecision="0"
EclOutputInterval="-1"
EdgeConformal="0"
EdgeWeightsMethod="transmissibility"
EnableAdaptiveTimeStepping="1"
EnableAsyncEclOutput="1"
EnableAsyncVtkOutput="1"
EnableDriftCompensation="0"
EnableDriftCompensationTemp="1"
EnableDryRun="auto"
EnableEclOutput="1"
EnableEsmry="1"
EnableGravity="1"
EnableGridAdaptation="0"
EnableIntensiveQuantityCache="1"
EnableLoggingFalloutWarning="0"
EnableOpmRstFile="0"
EnableStorageCache="1"
EnableTerminalOutput="1"
EnableThermodynamicHints="0"
EnableVtkOutput="0"
EnableWellOperabilityCheck="1"
EnableWellOperabilityCheckIter="0"
EnableWriteAllSolutions="0"
EndTime="1e+100"
ExplicitRockCompaction="0"
ExternalPartition=""
ForceDisableFluidInPlaceOutput="0"
ForceDisableResvFluidInPlaceOutput="0"
FullTimeStepInitially="0"
GpuAwareMpi="0"
GpuDeviceId="0"
HybridNewtonConfigFile="hybridNewtonConfig.json"
IgnoreKeywords=""
IluFillinLevel="0"
IluRedblack="0"
IluRelaxation="0.9"
IluReorderSpheres="0"
ImbalanceTol="1.1"
InitialTimeStepInDays="1"
InitialTimeStepSize="86400"
InjMultDampMult="0.9"
InjMultMinDampFactor="0.05"
InjMultOscThreshold="0.1"
InputSkipMode="100"
LinearSolver="cprw"
LinearSolverAccelerator="cpu"
LinearSolverIgnoreConvergenceFailure="0"
LinearSolverMaxIter="200"
LinearSolverPrintJsonDefinition="1"
LinearSolverReduction="0.01"
LinearSolverRestart="40"
LinearSolverVerbosity="0"
LoadFile=""
LoadStep="-1"
LocalDomainsOrderingMeasure="maxpressure"
LocalDomainsPartitionWellNeighborLevels="1"
LocalDomainsPartitioningImbalance="1.03"
LocalDomainsPartitioningMethod="zoltan"
LocalSolveApproach="gauss-seidel"
LocalToleranceScalingCnv="0.1"
LocalToleranceScalingMb="1"
LocalWellSolveControlSwitching="1"
MatrixAddWellContributions="0"
MaxInnerIterMsWells="100"
MaxInnerIterWells="50"
MaxLocalSolveIterations="20"
MaxNewtonIterationsWithInnerWellIterations="99"
MaxPressureChangeMsWells="1e+06"
MaxResidualAllowed="1e+07"
MaxSinglePrecisionDays="20"
MaxTemperatureChange="5"
MaxTimeStepDivisions="10"
MaxTimeStepSize="inf"
MaxWellStatusSwitchForWells="99"
MaxWellStatusSwitchInInnerIterWells="99"
MaxWelleqIter="30"
MaximumNumberOfGroupSwitches="3"
MaximumNumberOfWellSwitches="3"
MaximumWaterSaturation="1"
MetisParams="default"
MiluVariant="ilu"
MinStrictCnvIter="-1"
MinStrictMbIter="-1"
MinTimeStepBasedOnNewtonIterations="0"
MinTimeStepBeforeShuttingProblematicWellsInDays="0.01"
MinTimeStepSize="0"
NetworkMaxOuterIterations="10"
NetworkMaxPressureUpdateInBars="5"
NetworkMaxStrictOuterIterations="10"
NetworkMaxSubIterations="20"
NetworkPressureUpdateDampingFactor="0.1"
NewtonMaxError="1e+100"
NewtonMaxIterations="20"
NewtonMaxRelax="0.5"
NewtonMinIterations="2"
NewtonRelaxationType="dampen"
NewtonTargetIterations="10"
NewtonTolerance="0.01"
NewtonVerbose="1"
NewtonWriteConvergence="0"
NlddLocalLinearSolver="ilu0"
NlddLocalLinearSolverMaxIter="200"
NlddLocalLinearSolverReduction="0.01"
NlddNumInitialNewtonIter="1"
NlddRelativeMobilityChangeTol="0.1"
NonlinearSolver="newton"
NumLocalDomains="0"
NumOverlap="1"
NumPressurePointsEquil="2000"
NumSatfuncConsistencySamplePoints="5"
NupcolGroupRateTolerance="0.001"
OpenclIluParallel="1"
OpenclPlatformId="0"
OutputExtraConvergenceInfo="none"
OutputInterval="1"
OutputMode="all"
OwnerCellsFirst="1"
ParameterFile=""
ParsingStrictness="normal"
PartitionMethod="zoltanwell"
PreSolveNetwork="1"
PredeterminedTimeStepsFile=""
PressureMax="1e+99"
PressureMin="-1e+99"
PressureScale="1"
PriVarOscilationThreshold="1e-05"
PrintParameters="2"
ProjectSaturations="0"
RegularizationFactorWells="100"
RelaxedLinearSolverReduction="0.01"
RelaxedMaxPvFraction="0.03"
RelaxedPressureTolMsw="10000"
RelaxedWellFlowTol="0.001"
RestartTime="-1e+35"
RestartWritingInterval="16777215"
SaveFile=""
SaveStep=""
ScaleLinearSystem="0"
SchedRestart="0"
SerialPartitioning="0"
ShutUnsolvableWells="1"
Slave="0"
SolveWelleqInitially="1"
SolverContinueOnConvergenceFailure="0"
SolverGrowthFactor="2"
SolverMaxGrowth="3"
SolverMaxRestarts="10"
SolverMaxTimeStepInDays="365"
SolverMinTimeStep="1e-12"
SolverRestartFactor="0.33"
SolverVerbosity="1"
StrictInnerIterWells="40"
StrictOuterIterWells="6"
TemperatureMax="1e+09"
TemperatureMin="0"
ThreadsPerProcess="2"
TimeStepAfterEventInDays="-1"
TimeStepControl="pid+newtoniteration"
TimeStepControlDecayDampingFactor="1"
TimeStepControlDecayRate="0.75"
TimeStepControlFileName="timesteps"
TimeStepControlGrowthDampingFactor="3.2"
TimeStepControlGrowthRate="1.25"
TimeStepControlMaxReductionTimeStep="0.1"
TimeStepControlParameters="0.125;0.25;0.125;0.75;0.25"
TimeStepControlRejectCompletedStep="0"
TimeStepControlSafetyFactor="0.8"
TimeStepControlTargetIterations="30"
TimeStepControlTargetNewtonIterations="8"
TimeStepControlTolerance="0.1"
TimeStepControlToleranceTestVersion="standard"
TimeStepVerbosity="1"
ToleranceCnv="0.01"
ToleranceCnvEnergy="0.4182"
ToleranceCnvEnergyRelaxed="41.82"
ToleranceCnvRelaxed="1"
ToleranceEnergyBalance="4.182e-06"
ToleranceEnergyBalanceRelaxed="4.182e-05"
ToleranceMaxDp="0"
ToleranceMaxDrs="0"
ToleranceMaxDrv="0"
ToleranceMaxDs="0"
ToleranceMb="1e-07"
ToleranceMbRelaxed="1e-06"
TolerancePressureMsWells="1000"
ToleranceWellControl="1e-07"
ToleranceWells="0.0001"
UpdateEquationsScaling="0"
UseAverageDensityMsWells="0"
UseGmres="0"
UseHybridNewton="0"
UseImplicitIpr="1"
UseMultisegmentWell="1"
UseUpdateStabilization="1"
VerifyGpuAwareMpi="0"
VtkWriteAverageMolarMasses="0"
VtkWriteDensities="1"
VtkWriteDiffusionCoefficients="0"
VtkWriteDofIndex="0"
VtkWriteEffectiveDiffusionCoefficients="0"
VtkWriteExtrusionFactor="0"
VtkWriteFilterVelocities="0"
VtkWriteFugacities="0"
VtkWriteFugacityCoeffs="0"
VtkWriteGasDissolutionFactor="0"
VtkWriteGasFormationVolumeFactor="0"
VtkWriteGasSaturationPressure="0"
VtkWriteIntrinsicPermeabilities="0"
VtkWriteMassFractions="0"
VtkWriteMobilities="0"
VtkWriteMolarities="0"
VtkWriteMoleFractions="1"
VtkWriteOilFormationVolumeFactor="0"
VtkWriteOilSaturationPressure="0"
VtkWriteOilVaporizationFactor="0"
VtkWritePorosity="1"
VtkWritePotentialGradients="0"
VtkWritePressures="1"
VtkWritePrimaryVars="0"
VtkWritePrimaryVarsMeaning="0"
VtkWriteProcessRank="0"
VtkWriteRelativePermeabilities="1"
VtkWriteSaturatedGasOilVaporizationFactor="0"
VtkWriteSaturatedOilGasDissolutionFactor="0"
VtkWriteSaturationRatios="0"
VtkWriteSaturations="1"
VtkWriteTemperature="1"
VtkWriteTortuosities="0"
VtkWriteTotalMassFractions="0"
VtkWriteTotalMoleFractions="0"
VtkWriteTracerConcentration="0"
VtkWriteViscosities="0"
VtkWriteWaterFormationVolumeFactor="0"
WaterOnlyThreshold="1"
WellGroupConstraintsMaxIterations="1"
ZoltanImbalanceTol="1.1"
ZoltanParams="graph"
ZoltanPhgEdgeSizeThreshold="0.35"

Reading deck file 'fine-nocap.data'
    0 Reading RUNSPEC  in fine-nocap.data line 1
    1 Reading DIMENS   in fine-nocap.data line 3
    2 Reading WELLDIMS in fine-nocap.data line 6
    3 Reading START    in fine-nocap.data line 9
    4 Reading METRIC   in fine-nocap.data line 12
    5 Reading EQLDIMS  in fine-nocap.data line 14
    6 Reading CO2STORE in fine-nocap.data line 17
    7 Reading GAS      in fine-nocap.data line 18
    8 Reading WATER    in fine-nocap.data line 19
    9 Reading UNIFOUT  in fine-nocap.data line 21
   10 Reading TABDIMS  in fine-nocap.data line 23
   11 Reading GRID     in fine-nocap.data line 26
   12 Reading INIT     in fine-nocap.data line 28
   13 Reading GRIDUNIT in fine-nocap.data line 30
   14 Reading MAPUNITS in fine-nocap.data line 33
   15 Reading MAPAXES  in ecmor-2026/common/MAPAXES.inc line 1
   16 Reading PINCH    in fine-nocap.data line 39
   17 Reading COORD    in ecmor-2026/fine/GRID.INC line 1
   18 Reading ZCORN    in ecmor-2026/fine/GRID.INC line 32729
   19 Reading ACTNUM   in ecmor-2026/fine/ACTNUM.INC line 1
   20 Reading PORO     in ecmor-2026/fine/PORO.INC line 1
   21 Reading PERMX    in ecmor-2026/fine/PERMX.INC line 1
   22 Reading FLUXNUM  in ecmor-2026/fine/FLUXNUM.INC line 1
   23 Reading COPY     in fine-nocap.data line 57
   24 Reading MULTIPLY in fine-nocap.data line 62
   25 Reading ADDREG   in ecmor-2026/fine/ADDREG.INC line 1
   26 Reading PROPS    in fine-nocap.data line 69
   27 Reading SALINITY in ecmor-2026/common/PROPS.INC line 1
   28 Reading ROCK     in ecmor-2026/common/PROPS.INC line 4
   29 Reading SGWFN    in fine-nocap.data line 74
   30 Reading REGIONS  in fine-nocap.data line 118
   31 Reading EQUALS   in fine-nocap.data line 120
   32 Reading SOLUTION in fine-nocap.data line 128
   33 Reading EQUIL    in ecmor-2026/common/SOLUTION.INC line 1
   34 Reading RPTRST   in ecmor-2026/common/SOLUTION.INC line 4
   35 Reading RTEMPVD  in ecmor-2026/common/SOLUTION.INC line 7
   36 Reading SUMMARY  in fine-nocap.data line 133
   37 Reading PERFORMA in ecmor-2026/common/SUMMARY.INC line 1
   38 Reading RPR      in ecmor-2026/common/SUMMARY.INC line 2
   39 Reading RPRP     in ecmor-2026/common/SUMMARY.INC line 4
   40 Reading RGMDS    in ecmor-2026/common/SUMMARY.INC line 6
   41 Reading RGMIP    in ecmor-2026/common/SUMMARY.INC line 8
   42 Reading FPR      in ecmor-2026/common/SUMMARY.INC line 10
   43 Reading FPRP     in ecmor-2026/common/SUMMARY.INC line 11
   44 Reading FGMIP    in ecmor-2026/common/SUMMARY.INC line 12
   45 Reading FGMDS    in ecmor-2026/common/SUMMARY.INC line 13
   46 Reading FGMIR    in ecmor-2026/common/SUMMARY.INC line 14
   47 Reading FGMIT    in ecmor-2026/common/SUMMARY.INC line 15
   48 Reading WGMIR    in ecmor-2026/common/SUMMARY.INC line 16
   49 Reading WGMIT    in ecmor-2026/common/SUMMARY.INC line 18
   50 Reading WBHP     in ecmor-2026/common/SUMMARY.INC line 20
   51 Reading FWCD     in ecmor-2026/common/SUMMARY.INC line 23
   52 Reading BWCD     in ecmor-2026/common/SUMMARY.INC line 26
   53 Reading BWPR     in fine-nocap.data line 138
   54 Reading SCHEDULE in fine-nocap.data line 147
   55 Reading WELSPECS in ecmor-2026/common/WELLSPECS.inc line 1
   56 Reading COMPDAT  in fine-nocap.data line 153
   57 Reading WCONINJE in ecmor-2026/common/SCHEDULE.inc line 1
   58 Reading TUNING   in ecmor-2026/common/SCHEDULE.inc line 19
   59 Reading TSTEP    in ecmor-2026/common/SCHEDULE.inc line 24
   60 Reading TSTEP    in ecmor-2026/common/SCHEDULE.inc line 28
   61 Reading TUNING   in ecmor-2026/common/SCHEDULE.inc line 32
   62 Reading DATES    in ecmor-2026/common/SCHEDULE.inc line 37
   63 Reading WCONINJE in ecmor-2026/common/SCHEDULE.inc line 65
   64 Reading TUNING   in ecmor-2026/common/SCHEDULE.inc line 82
   65 Reading DATES    in ecmor-2026/common/SCHEDULE.inc line 87

The CO2 storage option is given. PVT properties from the Brine-CO2 system are used.
See the OPM manual for details on the used models.

Creating corner-point grid from keywords COORD, ZCORN and others

Warning: Region operation on 3D field PERMX with global storage will not update inactive cells.
Note that this might cause problems for PINCH option 4 or 5 being ALL.
In file ecmor-2026/fine/ADDREG.INC, line 1


Warning: Region operation on 3D field PERMY with global storage will not update inactive cells.
Note that this might cause problems for PINCH option 4 or 5 being ALL.
In file ecmor-2026/fine/ADDREG.INC, line 1


Warning: Region operation on 3D field PERMZ with global storage will not update inactive cells.
Note that this might cause problems for PINCH option 4 or 5 being ALL.
In file ecmor-2026/fine/ADDREG.INC, line 1

2 fluid phases are active

Processing dynamic information from
fine-nocap.data line 147
Initializing report step 0/68 at 2024-01-01 0 DAYS line 147
Reading from: ecmor-2026/common/WELLSPECS.inc line 1
Processing keyword WELSPECS at line 1
Reading from: fine-nocap.data line 153
Processing keyword COMPDAT at line 153

Warning: Problem with COMPDAT keyword
In fine-nocap.data line 153
The cell (33,89,132) in well INJ00 is not active and the connection will be ignored

Warning: Problem with COMPDAT keyword
In fine-nocap.data line 153
The cell (33,89,185) in well INJ00 is not active and the connection will be ignored

Warning: Problem with COMPDAT keyword
In fine-nocap.data line 153
The cell (33,89,186) in well INJ00 is not active and the connection will be ignored

Warning: Problem with COMPDAT keyword
In fine-nocap.data line 153
The cell (33,89,199) in well INJ00 is not active and the connection will be ignored

Warning: Problem with COMPDAT keyword
In fine-nocap.data line 153
The cell (33,89,202) in well INJ00 is not active and the connection will be ignored

Warning: Problem with COMPDAT keyword
In fine-nocap.data line 153
The cell (33,89,203) in well INJ00 is not active and the connection will be ignored

Warning: Problem with COMPDAT keyword
In fine-nocap.data line 153
The cell (33,89,205) in well INJ00 is not active and the connection will be ignored

Warning: Problem with COMPDAT keyword
In fine-nocap.data line 153
The cell (33,89,206) in well INJ00 is not active and the connection will be ignored

Warning: Problem with COMPDAT keyword
In fine-nocap.data line 153
The cell (33,89,208) in well INJ00 is not active and the connection will be ignored

Warning: Problem with COMPDAT keyword
In fine-nocap.data line 153
The cell (33,89,209) in well INJ00 is not active and the connection will be ignored

Warning: Problem with COMPDAT keyword
In fine-nocap.data line 153
The cell (33,89,210) in well INJ00 is not active and the connection will be ignored

Warning: Problem with COMPDAT keyword
In fine-nocap.data line 153
The cell (33,89,211) in well INJ00 is not active and the connection will be ignored

Warning: Problem with COMPDAT keyword
In fine-nocap.data line 153
The cell (33,89,212) in well INJ00 is not active and the connection will be ignored

Warning: Problem with COMPDAT keyword
In fine-nocap.data line 153
The cell (33,89,213) in well INJ00 is not active and the connection will be ignored

Warning: Problem with COMPDAT keyword
In fine-nocap.data line 153
The cell (33,89,214) in well INJ00 is not active and the connection will be ignored

Warning: Problem with COMPDAT keyword
In fine-nocap.data line 153
The cell (33,89,215) in well INJ00 is not active and the connection will be ignored

Warning: Problem with COMPDAT keyword
In fine-nocap.data line 153
The cell (33,89,216) in well INJ00 is not active and the connection will be ignored

Warning: Problem with COMPDAT keyword
In fine-nocap.data line 153
The cell (33,89,217) in well INJ00 is not active and the connection will be ignored

Warning: Problem with COMPDAT keyword
In fine-nocap.data line 153
The cell (84,66,23) in well INJ01 is not active and the connection will be ignored

Warning: Problem with COMPDAT keyword
In fine-nocap.data line 153
The cell (84,66,26) in well INJ01 is not active and the connection will be ignored

Warning: Problem with COMPDAT keyword
In fine-nocap.data line 153
The cell (84,66,27) in well INJ01 is not active and the connection will be ignored

Warning: Problem with COMPDAT keyword
In fine-nocap.data line 153
The cell (84,66,28) in well INJ01 is not active and the connection will be ignored

Warning: Problem with COMPDAT keyword
In fine-nocap.data line 153
The cell (84,66,29) in well INJ01 is not active and the connection will be ignored

Warning: Problem with COMPDAT keyword
In fine-nocap.data line 153
The cell (84,66,30) in well INJ01 is not active and the connection will be ignored

Warning: Problem with COMPDAT keyword
In fine-nocap.data line 153
The cell (84,66,68) in well INJ01 is not active and the connection will be ignored

Warning: Problem with COMPDAT keyword
In fine-nocap.data line 153
The cell (84,66,73) in well INJ01 is not active and the connection will be ignored

Warning: Problem with COMPDAT keyword
In fine-nocap.data line 153
The cell (84,66,80) in well INJ01 is not active and the connection will be ignored

Warning: Problem with COMPDAT keyword
In fine-nocap.data line 153
The cell (84,66,82) in well INJ01 is not active and the connection will be ignored

Warning: Problem with COMPDAT keyword
In fine-nocap.data line 153
The cell (84,66,98) in well INJ01 is not active and the connection will be ignored

Warning: Problem with COMPDAT keyword
In fine-nocap.data line 153
The cell (84,66,103) in well INJ01 is not active and the connection will be ignored

Warning: Problem with COMPDAT keyword
In fine-nocap.data line 153
The cell (84,66,107) in well INJ01 is not active and the connection will be ignored

Warning: Problem with COMPDAT keyword
In fine-nocap.data line 153
The cell (94,47,127) in well INJ02 is not active and the connection will be ignored

Warning: Problem with COMPDAT keyword
In fine-nocap.data line 153
The cell (94,47,134) in well INJ02 is not active and the connection will be ignored

Warning: Problem with COMPDAT keyword
In fine-nocap.data line 153
The cell (94,47,135) in well INJ02 is not active and the connection will be ignored

Warning: Problem with COMPDAT keyword
In fine-nocap.data line 153
The cell (94,47,163) in well INJ02 is not active and the connection will be ignored

Warning: Problem with COMPDAT keyword
In fine-nocap.data line 153
The cell (94,47,165) in well INJ02 is not active and the connection will be ignored

Warning: Problem with COMPDAT keyword
In fine-nocap.data line 153
The cell (94,47,166) in well INJ02 is not active and the connection will be ignored

Warning: Problem with COMPDAT keyword
In fine-nocap.data line 153
The cell (94,47,167) in well INJ02 is not active and the connection will be ignored

Warning: Problem with COMPDAT keyword
In fine-nocap.data line 153
The cell (94,47,168) in well INJ02 is not active and the connection will be ignored

Warning: Problem with COMPDAT keyword
In fine-nocap.data line 153
The cell (94,47,169) in well INJ02 is not active and the connection will be ignored

Warning: Problem with COMPDAT keyword
In fine-nocap.data line 153
The cell (94,47,170) in well INJ02 is not active and the connection will be ignored

Warning: Problem with COMPDAT keyword
In fine-nocap.data line 153
The cell (94,47,171) in well INJ02 is not active and the connection will be ignored

Warning: Problem with COMPDAT keyword
In fine-nocap.data line 153
The cell (94,47,172) in well INJ02 is not active and the connection will be ignored

Warning: Problem with COMPDAT keyword
In fine-nocap.data line 153
The cell (94,47,173) in well INJ02 is not active and the connection will be ignored

Warning: Problem with COMPDAT keyword
In fine-nocap.data line 153
The cell (94,47,174) in well INJ02 is not active and the connection will be ignored

Warning: Problem with COMPDAT keyword
In fine-nocap.data line 153
The cell (94,47,175) in well INJ02 is not active and the connection will be ignored

Warning: Problem with COMPDAT keyword
In fine-nocap.data line 153
The cell (94,47,176) in well INJ02 is not active and the connection will be ignored

Warning: Problem with COMPDAT keyword
In fine-nocap.data line 153
The cell (94,47,177) in well INJ02 is not active and the connection will be ignored

Warning: Problem with COMPDAT keyword
In fine-nocap.data line 153
The cell (94,47,178) in well INJ02 is not active and the connection will be ignored

Warning: Problem with COMPDAT keyword
In fine-nocap.data line 153
The cell (94,47,179) in well INJ02 is not active and the connection will be ignored

Warning: Problem with COMPDAT keyword
In fine-nocap.data line 153
The cell (94,47,180) in well INJ02 is not active and the connection will be ignored

Warning: Problem with COMPDAT keyword
In fine-nocap.data line 153
The cell (22,108,167) in well INJ03 is not active and the connection will be ignored

Warning: Problem with COMPDAT keyword
In fine-nocap.data line 153
The cell (22,108,174) in well INJ03 is not active and the connection will be ignored

Warning: Problem with COMPDAT keyword
In fine-nocap.data line 153
The cell (22,108,199) in well INJ03 is not active and the connection will be ignored

Warning: Problem with COMPDAT keyword
In fine-nocap.data line 153
The cell (22,108,200) in well INJ03 is not active and the connection will be ignored

Warning: Problem with COMPDAT keyword
In fine-nocap.data line 153
The cell (22,108,201) in well INJ03 is not active and the connection will be ignored

Warning: Problem with COMPDAT keyword
In fine-nocap.data line 153
The cell (22,108,202) in well INJ03 is not active and the connection will be ignored

Warning: Problem with COMPDAT keyword
In fine-nocap.data line 153
The cell (22,108,203) in well INJ03 is not active and the connection will be ignored

Warning: Problem with COMPDAT keyword
In fine-nocap.data line 153
The cell (22,108,204) in well INJ03 is not active and the connection will be ignored

Warning: Problem with COMPDAT keyword
In fine-nocap.data line 153
The cell (22,108,205) in well INJ03 is not active and the connection will be ignored

Warning: Problem with COMPDAT keyword
In fine-nocap.data line 153
The cell (22,108,206) in well INJ03 is not active and the connection will be ignored

Warning: Problem with COMPDAT keyword
In fine-nocap.data line 153
The cell (22,108,207) in well INJ03 is not active and the connection will be ignored

Warning: Problem with COMPDAT keyword
In fine-nocap.data line 153
The cell (22,108,208) in well INJ03 is not active and the connection will be ignored

Warning: Problem with COMPDAT keyword
In fine-nocap.data line 153
The cell (22,108,209) in well INJ03 is not active and the connection will be ignored

Warning: Problem with COMPDAT keyword
In fine-nocap.data line 153
The cell (22,108,210) in well INJ03 is not active and the connection will be ignored

Warning: Problem with COMPDAT keyword
In fine-nocap.data line 153
The cell (22,108,211) in well INJ03 is not active and the connection will be ignored

Warning: Problem with COMPDAT keyword
In fine-nocap.data line 153
The cell (22,108,212) in well INJ03 is not active and the connection will be ignored

Warning: Problem with COMPDAT keyword
In fine-nocap.data line 153
The cell (22,108,213) in well INJ03 is not active and the connection will be ignored

Warning: Problem with COMPDAT keyword
In fine-nocap.data line 153
The cell (22,108,214) in well INJ03 is not active and the connection will be ignored

Warning: Problem with COMPDAT keyword
In fine-nocap.data line 153
The cell (22,108,215) in well INJ03 is not active and the connection will be ignored

Warning: Problem with COMPDAT keyword
In fine-nocap.data line 153
The cell (22,108,216) in well INJ03 is not active and the connection will be ignored

Warning: Problem with COMPDAT keyword
In fine-nocap.data line 153
The cell (22,108,217) in well INJ03 is not active and the connection will be ignored

Warning: Problem with COMPDAT keyword
In fine-nocap.data line 153
The cell (99,104,1) in well INJ04 is not active and the connection will be ignored

Warning: Problem with COMPDAT keyword
In fine-nocap.data line 153
The cell (99,104,2) in well INJ04 is not active and the connection will be ignored

Warning: Problem with COMPDAT keyword
In fine-nocap.data line 153
The cell (99,104,3) in well INJ04 is not active and the connection will be ignored

Warning: Problem with COMPDAT keyword
In fine-nocap.data line 153
The cell (99,104,4) in well INJ04 is not active and the connection will be ignored

Warning: Problem with COMPDAT keyword
In fine-nocap.data line 153
The cell (99,104,5) in well INJ04 is not active and the connection will be ignored

Warning: Problem with COMPDAT keyword
In fine-nocap.data line 153
The cell (99,104,6) in well INJ04 is not active and the connection will be ignored

Warning: Problem with COMPDAT keyword
In fine-nocap.data line 153
The cell (99,104,7) in well INJ04 is not active and the connection will be ignored

Warning: Problem with COMPDAT keyword
In fine-nocap.data line 153
The cell (99,104,8) in well INJ04 is not active and the connection will be ignored

Warning: Problem with COMPDAT keyword
In fine-nocap.data line 153
The cell (99,104,9) in well INJ04 is not active and the connection will be ignored

Warning: Problem with COMPDAT keyword
In fine-nocap.data line 153
The cell (99,104,10) in well INJ04 is not active and the connection will be ignored

Warning: Problem with COMPDAT keyword
In fine-nocap.data line 153
The cell (99,104,11) in well INJ04 is not active and the connection will be ignored

Warning: Problem with COMPDAT keyword
In fine-nocap.data line 153
The cell (99,104,12) in well INJ04 is not active and the connection will be ignored

Warning: Problem with COMPDAT keyword
In fine-nocap.data line 153
The cell (99,104,13) in well INJ04 is not active and the connection will be ignored

Warning: Problem with COMPDAT keyword
In fine-nocap.data line 153
The cell (99,104,14) in well INJ04 is not active and the connection will be ignored

Warning: Problem with COMPDAT keyword
In fine-nocap.data line 153
The cell (99,104,15) in well INJ04 is not active and the connection will be ignored

Warning: Problem with COMPDAT keyword
In fine-nocap.data line 153
The cell (99,104,16) in well INJ04 is not active and the connection will be ignored

Warning: Problem with COMPDAT keyword
In fine-nocap.data line 153
The cell (99,104,17) in well INJ04 is not active and the connection will be ignored

Warning: Problem with COMPDAT keyword
In fine-nocap.data line 153
The cell (99,104,18) in well INJ04 is not active and the connection will be ignored

Warning: Problem with COMPDAT keyword
In fine-nocap.data line 153
The cell (99,104,19) in well INJ04 is not active and the connection will be ignored

Warning: Problem with COMPDAT keyword
In fine-nocap.data line 153
The cell (99,104,20) in well INJ04 is not active and the connection will be ignored

Warning: Problem with COMPDAT keyword
In fine-nocap.data line 153
The cell (99,104,21) in well INJ04 is not active and the connection will be ignored

Warning: Problem with COMPDAT keyword
In fine-nocap.data line 153
The cell (99,104,22) in well INJ04 is not active and the connection will be ignored

Warning: Problem with COMPDAT keyword
In fine-nocap.data line 153
The cell (99,104,23) in well INJ04 is not active and the connection will be ignored

Warning: Problem with COMPDAT keyword
In fine-nocap.data line 153
The cell (99,104,24) in well INJ04 is not active and the connection will be ignored

Warning: Problem with COMPDAT keyword
In fine-nocap.data line 153
The cell (99,104,25) in well INJ04 is not active and the connection will be ignored

Warning: Problem with COMPDAT keyword
In fine-nocap.data line 153
The cell (99,104,26) in well INJ04 is not active and the connection will be ignored

Warning: Problem with COMPDAT keyword
In fine-nocap.data line 153
The cell (99,104,27) in well INJ04 is not active and the connection will be ignored

Warning: Problem with COMPDAT keyword
In fine-nocap.data line 153
The cell (99,104,28) in well INJ04 is not active and the connection will be ignored

Warning: Problem with COMPDAT keyword
In fine-nocap.data line 153
The cell (99,104,29) in well INJ04 is not active and the connection will be ignored

Warning: Problem with COMPDAT keyword
In fine-nocap.data line 153
The cell (99,104,30) in well INJ04 is not active and the connection will be ignored

Warning: Problem with COMPDAT keyword
In fine-nocap.data line 153
The cell (99,104,40) in well INJ04 is not active and the connection will be ignored

Warning: Problem with COMPDAT keyword
In fine-nocap.data line 153
The cell (99,104,45) in well INJ04 is not active and the connection will be ignored

Warning: Problem with COMPDAT keyword
In fine-nocap.data line 153
The cell (99,104,47) in well INJ04 is not active and the connection will be ignored

Warning: Problem with COMPDAT keyword
In fine-nocap.data line 153
The cell (99,104,48) in well INJ04 is not active and the connection will be ignored

Warning: Problem with COMPDAT keyword
In fine-nocap.data line 153
The cell (99,104,49) in well INJ04 is not active and the connection will be ignored

Warning: Problem with COMPDAT keyword
In fine-nocap.data line 153
The cell (99,104,50) in well INJ04 is not active and the connection will be ignored

Warning: Problem with COMPDAT keyword
In fine-nocap.data line 153
The cell (99,104,51) in well INJ04 is not active and the connection will be ignored

Warning: Problem with COMPDAT keyword
In fine-nocap.data line 153
The cell (99,104,52) in well INJ04 is not active and the connection will be ignored

Warning: Problem with COMPDAT keyword
In fine-nocap.data line 153
The cell (99,104,53) in well INJ04 is not active and the connection will be ignored

Warning: Problem with COMPDAT keyword
In fine-nocap.data line 153
The cell (99,104,54) in well INJ04 is not active and the connection will be ignored

Warning: Problem with COMPDAT keyword
In fine-nocap.data line 153
The cell (99,104,55) in well INJ04 is not active and the connection will be ignored

Warning: Problem with COMPDAT keyword
In fine-nocap.data line 153
The cell (99,104,56) in well INJ04 is not active and the connection will be ignored

Warning: Problem with COMPDAT keyword
In fine-nocap.data line 153
The cell (102,81,1) in well INJ05 is not active and the connection will be ignored

Warning: Problem with COMPDAT keyword
In fine-nocap.data line 153
The cell (102,81,2) in well INJ05 is not active and the connection will be ignored

Warning: Problem with COMPDAT keyword
In fine-nocap.data line 153
The cell (102,81,3) in well INJ05 is not active and the connection will be ignored

Warning: Problem with COMPDAT keyword
In fine-nocap.data line 153
The cell (102,81,4) in well INJ05 is not active and the connection will be ignored

Warning: Problem with COMPDAT keyword
In fine-nocap.data line 153
The cell (102,81,5) in well INJ05 is not active and the connection will be ignored

Warning: Problem with COMPDAT keyword
In fine-nocap.data line 153
The cell (102,81,6) in well INJ05 is not active and the connection will be ignored

Warning: Problem with COMPDAT keyword
In fine-nocap.data line 153
The cell (102,81,7) in well INJ05 is not active and the connection will be ignored

Warning: Problem with COMPDAT keyword
In fine-nocap.data line 153
The cell (102,81,8) in well INJ05 is not active and the connection will be ignored

Warning: Problem with COMPDAT keyword
In fine-nocap.data line 153
The cell (102,81,9) in well INJ05 is not active and the connection will be ignored

Warning: Problem with COMPDAT keyword
In fine-nocap.data line 153
The cell (102,81,10) in well INJ05 is not active and the connection will be ignored

Warning: Problem with COMPDAT keyword
In fine-nocap.data line 153
The cell (102,81,11) in well INJ05 is not active and the connection will be ignored

Warning: Problem with COMPDAT keyword
In fine-nocap.data line 153
The cell (102,81,12) in well INJ05 is not active and the connection will be ignored

Warning: Problem with COMPDAT keyword
In fine-nocap.data line 153
The cell (102,81,13) in well INJ05 is not active and the connection will be ignored

Warning: Problem with COMPDAT keyword
In fine-nocap.data line 153
The cell (102,81,14) in well INJ05 is not active and the connection will be ignored

Warning: Problem with COMPDAT keyword
In fine-nocap.data line 153
The cell (102,81,15) in well INJ05 is not active and the connection will be ignored

Warning: Problem with COMPDAT keyword
In fine-nocap.data line 153
The cell (102,81,16) in well INJ05 is not active and the connection will be ignored

Warning: Problem with COMPDAT keyword
In fine-nocap.data line 153
The cell (102,81,17) in well INJ05 is not active and the connection will be ignored

Warning: Problem with COMPDAT keyword
In fine-nocap.data line 153
The cell (102,81,18) in well INJ05 is not active and the connection will be ignored

Warning: Problem with COMPDAT keyword
In fine-nocap.data line 153
The cell (102,81,19) in well INJ05 is not active and the connection will be ignored

Warning: Problem with COMPDAT keyword
In fine-nocap.data line 153
The cell (102,81,20) in well INJ05 is not active and the connection will be ignored

Warning: Problem with COMPDAT keyword
In fine-nocap.data line 153
The cell (102,81,21) in well INJ05 is not active and the connection will be ignored

Warning: Problem with COMPDAT keyword
In fine-nocap.data line 153
The cell (102,81,22) in well INJ05 is not active and the connection will be ignored

Warning: Problem with COMPDAT keyword
In fine-nocap.data line 153
The cell (102,81,23) in well INJ05 is not active and the connection will be ignored

Warning: Problem with COMPDAT keyword
In fine-nocap.data line 153
The cell (102,81,24) in well INJ05 is not active and the connection will be ignored

Warning: Problem with COMPDAT keyword
In fine-nocap.data line 153
The cell (102,81,25) in well INJ05 is not active and the connection will be ignored

Warning: Problem with COMPDAT keyword
In fine-nocap.data line 153
The cell (102,81,26) in well INJ05 is not active and the connection will be ignored

Warning: Problem with COMPDAT keyword
In fine-nocap.data line 153
The cell (102,81,27) in well INJ05 is not active and the connection will be ignored

Warning: Problem with COMPDAT keyword
In fine-nocap.data line 153
The cell (102,81,28) in well INJ05 is not active and the connection will be ignored

Warning: Problem with COMPDAT keyword
In fine-nocap.data line 153
The cell (102,81,29) in well INJ05 is not active and the connection will be ignored

Warning: Problem with COMPDAT keyword
In fine-nocap.data line 153
The cell (102,81,30) in well INJ05 is not active and the connection will be ignored

Warning: Problem with COMPDAT keyword
In fine-nocap.data line 153
The cell (102,81,44) in well INJ05 is not active and the connection will be ignored

Warning: Problem with COMPDAT keyword
In fine-nocap.data line 153
The cell (102,81,45) in well INJ05 is not active and the connection will be ignored

Warning: Problem with COMPDAT keyword
In fine-nocap.data line 153
The cell (102,81,46) in well INJ05 is not active and the connection will be ignored

Warning: Problem with COMPDAT keyword
In fine-nocap.data line 153
The cell (102,81,47) in well INJ05 is not active and the connection will be ignored

Warning: Problem with COMPDAT keyword
In fine-nocap.data line 153
The cell (102,81,48) in well INJ05 is not active and the connection will be ignored

Warning: Problem with COMPDAT keyword
In fine-nocap.data line 153
The cell (102,81,49) in well INJ05 is not active and the connection will be ignored

Warning: Problem with COMPDAT keyword
In fine-nocap.data line 153
The cell (102,81,50) in well INJ05 is not active and the connection will be ignored

Warning: Problem with COMPDAT keyword
In fine-nocap.data line 153
The cell (102,81,51) in well INJ05 is not active and the connection will be ignored

Warning: Problem with COMPDAT keyword
In fine-nocap.data line 153
The cell (102,81,52) in well INJ05 is not active and the connection will be ignored

Warning: Problem with COMPDAT keyword
In fine-nocap.data line 153
The cell (102,81,53) in well INJ05 is not active and the connection will be ignored

Warning: Problem with COMPDAT keyword
In fine-nocap.data line 153
The cell (102,81,54) in well INJ05 is not active and the connection will be ignored

Warning: Problem with COMPDAT keyword
In fine-nocap.data line 153
The cell (102,81,55) in well INJ05 is not active and the connection will be ignored

Warning: Problem with COMPDAT keyword
In fine-nocap.data line 153
The cell (102,81,56) in well INJ05 is not active and the connection will be ignored

Warning: Problem with COMPDAT keyword
In fine-nocap.data line 153
The cell (102,81,90) in well INJ05 is not active and the connection will be ignored

Warning: Problem with COMPDAT keyword
In fine-nocap.data line 153
The cell (102,81,102) in well INJ05 is not active and the connection will be ignored

Warning: Problem with COMPDAT keyword
In fine-nocap.data line 153
The cell (102,81,111) in well INJ05 is not active and the connection will be ignored

Warning: Problem with COMPDAT keyword
In fine-nocap.data line 153
The cell (30,79,184) in well INJ06 is not active and the connection will be ignored

Warning: Problem with COMPDAT keyword
In fine-nocap.data line 153
The cell (30,79,204) in well INJ06 is not active and the connection will be ignored

Warning: Problem with COMPDAT keyword
In fine-nocap.data line 153
The cell (30,79,205) in well INJ06 is not active and the connection will be ignored

Warning: Problem with COMPDAT keyword
In fine-nocap.data line 153
The cell (30,79,206) in well INJ06 is not active and the connection will be ignored

Warning: Problem with COMPDAT keyword
In fine-nocap.data line 153
The cell (30,79,207) in well INJ06 is not active and the connection will be ignored

Warning: Problem with COMPDAT keyword
In fine-nocap.data line 153
The cell (30,79,208) in well INJ06 is not active and the connection will be ignored

Warning: Problem with COMPDAT keyword
In fine-nocap.data line 153
The cell (30,79,209) in well INJ06 is not active and the connection will be ignored

Warning: Problem with COMPDAT keyword
In fine-nocap.data line 153
The cell (30,79,210) in well INJ06 is not active and the connection will be ignored

Warning: Problem with COMPDAT keyword
In fine-nocap.data line 153
The cell (30,79,211) in well INJ06 is not active and the connection will be ignored

Warning: Problem with COMPDAT keyword
In fine-nocap.data line 153
The cell (30,79,212) in well INJ06 is not active and the connection will be ignored

Warning: Problem with COMPDAT keyword
In fine-nocap.data line 153
The cell (30,79,213) in well INJ06 is not active and the connection will be ignored

Warning: Problem with COMPDAT keyword
In fine-nocap.data line 153
The cell (30,79,214) in well INJ06 is not active and the connection will be ignored

Warning: Problem with COMPDAT keyword
In fine-nocap.data line 153
The cell (30,79,215) in well INJ06 is not active and the connection will be ignored

Warning: Problem with COMPDAT keyword
In fine-nocap.data line 153
The cell (30,79,216) in well INJ06 is not active and the connection will be ignored

Warning: Problem with COMPDAT keyword
In fine-nocap.data line 153
The cell (30,79,217) in well INJ06 is not active and the connection will be ignored

Warning: Problem with COMPDAT keyword
In fine-nocap.data line 153
The cell (87,22,159) in well INJ08 is not active and the connection will be ignored

Warning: Problem with COMPDAT keyword
In fine-nocap.data line 153
The cell (87,22,162) in well INJ08 is not active and the connection will be ignored

Warning: Problem with COMPDAT keyword
In fine-nocap.data line 153
The cell (87,22,163) in well INJ08 is not active and the connection will be ignored

Warning: Problem with COMPDAT keyword
In fine-nocap.data line 153
The cell (87,22,164) in well INJ08 is not active and the connection will be ignored

Warning: Problem with COMPDAT keyword
In fine-nocap.data line 153
The cell (87,22,165) in well INJ08 is not active and the connection will be ignored

Warning: Problem with COMPDAT keyword
In fine-nocap.data line 153
The cell (87,22,166) in well INJ08 is not active and the connection will be ignored

Warning: Problem with COMPDAT keyword
In fine-nocap.data line 153
The cell (87,22,167) in well INJ08 is not active and the connection will be ignored

Warning: Problem with COMPDAT keyword
In fine-nocap.data line 153
The cell (87,22,168) in well INJ08 is not active and the connection will be ignored

Warning: Problem with COMPDAT keyword
In fine-nocap.data line 153
The cell (87,22,169) in well INJ08 is not active and the connection will be ignored

Warning: Problem with COMPDAT keyword
In fine-nocap.data line 153
The cell (87,22,170) in well INJ08 is not active and the connection will be ignored

Warning: Problem with COMPDAT keyword
In fine-nocap.data line 153
The cell (87,22,171) in well INJ08 is not active and the connection will be ignored

Warning: Problem with COMPDAT keyword
In fine-nocap.data line 153
The cell (87,22,172) in well INJ08 is not active and the connection will be ignored

Warning: Problem with COMPDAT keyword
In fine-nocap.data line 153
The cell (87,22,173) in well INJ08 is not active and the connection will be ignored

Warning: Problem with COMPDAT keyword
In fine-nocap.data line 153
The cell (87,22,174) in well INJ08 is not active and the connection will be ignored

Warning: Problem with COMPDAT keyword
In fine-nocap.data line 153
The cell (87,22,175) in well INJ08 is not active and the connection will be ignored

Warning: Problem with COMPDAT keyword
In fine-nocap.data line 153
The cell (87,22,176) in well INJ08 is not active and the connection will be ignored

Warning: Problem with COMPDAT keyword
In fine-nocap.data line 153
The cell (87,22,177) in well INJ08 is not active and the connection will be ignored

Warning: Problem with COMPDAT keyword
In fine-nocap.data line 153
The cell (87,22,178) in well INJ08 is not active and the connection will be ignored

Warning: Problem with COMPDAT keyword
In fine-nocap.data line 153
The cell (87,22,179) in well INJ08 is not active and the connection will be ignored

Warning: Problem with COMPDAT keyword
In fine-nocap.data line 153
The cell (87,22,180) in well INJ08 is not active and the connection will be ignored

Warning: Problem with COMPDAT keyword
In fine-nocap.data line 153
The cell (85,64,28) in well INJ09 is not active and the connection will be ignored

Warning: Problem with COMPDAT keyword
In fine-nocap.data line 153
The cell (85,64,29) in well INJ09 is not active and the connection will be ignored

Warning: Problem with COMPDAT keyword
In fine-nocap.data line 153
The cell (85,64,30) in well INJ09 is not active and the connection will be ignored

Warning: Problem with COMPDAT keyword
In fine-nocap.data line 153
The cell (85,64,74) in well INJ09 is not active and the connection will be ignored

Warning: Problem with COMPDAT keyword
In fine-nocap.data line 153
The cell (80,75,28) in well INJ10 is not active and the connection will be ignored

Warning: Problem with COMPDAT keyword
In fine-nocap.data line 153
The cell (80,75,100) in well INJ10 is not active and the connection will be ignored

Warning: Problem with COMPDAT keyword
In fine-nocap.data line 153
The cell (80,75,101) in well INJ10 is not active and the connection will be ignored

Warning: Problem with COMPDAT keyword
In fine-nocap.data line 153
The cell (80,75,102) in well INJ10 is not active and the connection will be ignored

Warning: Problem with COMPDAT keyword
In fine-nocap.data line 153
The cell (80,75,103) in well INJ10 is not active and the connection will be ignored

Warning: Problem with COMPDAT keyword
In fine-nocap.data line 153
The cell (80,75,104) in well INJ10 is not active and the connection will be ignored

Warning: Problem with COMPDAT keyword
In fine-nocap.data line 153
The cell (80,75,105) in well INJ10 is not active and the connection will be ignored

Warning: Problem with COMPDAT keyword
In fine-nocap.data line 153
The cell (80,75,106) in well INJ10 is not active and the connection will be ignored

Warning: Problem with COMPDAT keyword
In fine-nocap.data line 153
The cell (80,75,107) in well INJ10 is not active and the connection will be ignored

Warning: Problem with COMPDAT keyword
In fine-nocap.data line 153
The cell (80,75,108) in well INJ10 is not active and the connection will be ignored

Warning: Problem with COMPDAT keyword
In fine-nocap.data line 153
The cell (80,75,109) in well INJ10 is not active and the connection will be ignored

Warning: Problem with COMPDAT keyword
In fine-nocap.data line 153
The cell (80,75,110) in well INJ10 is not active and the connection will be ignored

Warning: Problem with COMPDAT keyword
In fine-nocap.data line 153
The cell (80,75,111) in well INJ10 is not active and the connection will be ignored

Warning: Problem with COMPDAT keyword
In fine-nocap.data line 153
The cell (129,48,1) in well INJ11 is not active and the connection will be ignored

Warning: Problem with COMPDAT keyword
In fine-nocap.data line 153
The cell (129,48,2) in well INJ11 is not active and the connection will be ignored

Warning: Problem with COMPDAT keyword
In fine-nocap.data line 153
The cell (129,48,3) in well INJ11 is not active and the connection will be ignored

Warning: Problem with COMPDAT keyword
In fine-nocap.data line 153
The cell (129,48,4) in well INJ11 is not active and the connection will be ignored

Warning: Problem with COMPDAT keyword
In fine-nocap.data line 153
The cell (129,48,5) in well INJ11 is not active and the connection will be ignored

Warning: Problem with COMPDAT keyword
In fine-nocap.data line 153
The cell (129,48,6) in well INJ11 is not active and the connection will be ignored

Warning: Problem with COMPDAT keyword
In fine-nocap.data line 153
The cell (129,48,7) in well INJ11 is not active and the connection will be ignored

Warning: Problem with COMPDAT keyword
In fine-nocap.data line 153
The cell (129,48,8) in well INJ11 is not active and the connection will be ignored

Warning: Problem with COMPDAT keyword
In fine-nocap.data line 153
The cell (129,48,9) in well INJ11 is not active and the connection will be ignored

Warning: Problem with COMPDAT keyword
In fine-nocap.data line 153
The cell (129,48,10) in well INJ11 is not active and the connection will be ignored

Warning: Problem with COMPDAT keyword
In fine-nocap.data line 153
The cell (129,48,11) in well INJ11 is not active and the connection will be ignored

Warning: Problem with COMPDAT keyword
In fine-nocap.data line 153
The cell (129,48,12) in well INJ11 is not active and the connection will be ignored

Warning: Problem with COMPDAT keyword
In fine-nocap.data line 153
The cell (129,48,13) in well INJ11 is not active and the connection will be ignored

Warning: Problem with COMPDAT keyword
In fine-nocap.data line 153
The cell (129,48,14) in well INJ11 is not active and the connection will be ignored

Warning: Problem with COMPDAT keyword
In fine-nocap.data line 153
The cell (129,48,15) in well INJ11 is not active and the connection will be ignored

Warning: Problem with COMPDAT keyword
In fine-nocap.data line 153
The cell (129,48,16) in well INJ11 is not active and the connection will be ignored

Warning: Problem with COMPDAT keyword
In fine-nocap.data line 153
The cell (129,48,17) in well INJ11 is not active and the connection will be ignored

Warning: Problem with COMPDAT keyword
In fine-nocap.data line 153
The cell (129,48,18) in well INJ11 is not active and the connection will be ignored

Warning: Problem with COMPDAT keyword
In fine-nocap.data line 153
The cell (129,48,19) in well INJ11 is not active and the connection will be ignored

Warning: Problem with COMPDAT keyword
In fine-nocap.data line 153
The cell (129,48,20) in well INJ11 is not active and the connection will be ignored

Warning: Problem with COMPDAT keyword
In fine-nocap.data line 153
The cell (129,48,21) in well INJ11 is not active and the connection will be ignored

Warning: Problem with COMPDAT keyword
In fine-nocap.data line 153
The cell (129,48,22) in well INJ11 is not active and the connection will be ignored

Warning: Problem with COMPDAT keyword
In fine-nocap.data line 153
The cell (129,48,23) in well INJ11 is not active and the connection will be ignored

Warning: Problem with COMPDAT keyword
In fine-nocap.data line 153
The cell (129,48,24) in well INJ11 is not active and the connection will be ignored

Warning: Problem with COMPDAT keyword
In fine-nocap.data line 153
The cell (129,48,25) in well INJ11 is not active and the connection will be ignored

Warning: Problem with COMPDAT keyword
In fine-nocap.data line 153
The cell (129,48,26) in well INJ11 is not active and the connection will be ignored

Warning: Problem with COMPDAT keyword
In fine-nocap.data line 153
The cell (129,48,27) in well INJ11 is not active and the connection will be ignored

Warning: Problem with COMPDAT keyword
In fine-nocap.data line 153
The cell (129,48,28) in well INJ11 is not active and the connection will be ignored

Warning: Problem with COMPDAT keyword
In fine-nocap.data line 153
The cell (129,48,29) in well INJ11 is not active and the connection will be ignored

Warning: Problem with COMPDAT keyword
In fine-nocap.data line 153
The cell (129,48,30) in well INJ11 is not active and the connection will be ignored

Warning: Problem with COMPDAT keyword
In fine-nocap.data line 153
The cell (129,48,35) in well INJ11 is not active and the connection will be ignored

Warning: Problem with COMPDAT keyword
In fine-nocap.data line 153
The cell (129,48,43) in well INJ11 is not active and the connection will be ignored

Warning: Problem with COMPDAT keyword
In fine-nocap.data line 153
The cell (129,48,44) in well INJ11 is not active and the connection will be ignored

Warning: Problem with COMPDAT keyword
In fine-nocap.data line 153
The cell (129,48,45) in well INJ11 is not active and the connection will be ignored

Warning: Problem with COMPDAT keyword
In fine-nocap.data line 153
The cell (129,48,46) in well INJ11 is not active and the connection will be ignored

Warning: Problem with COMPDAT keyword
In fine-nocap.data line 153
The cell (129,48,47) in well INJ11 is not active and the connection will be ignored

Warning: Problem with COMPDAT keyword
In fine-nocap.data line 153
The cell (129,48,48) in well INJ11 is not active and the connection will be ignored

Warning: Problem with COMPDAT keyword
In fine-nocap.data line 153
The cell (129,48,49) in well INJ11 is not active and the connection will be ignored

Warning: Problem with COMPDAT keyword
In fine-nocap.data line 153
The cell (129,48,50) in well INJ11 is not active and the connection will be ignored

Warning: Problem with COMPDAT keyword
In fine-nocap.data line 153
The cell (129,48,51) in well INJ11 is not active and the connection will be ignored

Warning: Problem with COMPDAT keyword
In fine-nocap.data line 153
The cell (129,48,52) in well INJ11 is not active and the connection will be ignored

Warning: Problem with COMPDAT keyword
In fine-nocap.data line 153
The cell (129,48,53) in well INJ11 is not active and the connection will be ignored

Warning: Problem with COMPDAT keyword
In fine-nocap.data line 153
The cell (129,48,54) in well INJ11 is not active and the connection will be ignored

Warning: Problem with COMPDAT keyword
In fine-nocap.data line 153
The cell (129,48,55) in well INJ11 is not active and the connection will be ignored

Warning: Problem with COMPDAT keyword
In fine-nocap.data line 153
The cell (129,48,56) in well INJ11 is not active and the connection will be ignored

Warning: Problem with COMPDAT keyword
In fine-nocap.data line 153
The cell (40,215,149) in well INJ12 is not active and the connection will be ignored

Warning: Problem with COMPDAT keyword
In fine-nocap.data line 153
The cell (40,215,160) in well INJ12 is not active and the connection will be ignored

Warning: Problem with COMPDAT keyword
In fine-nocap.data line 153
The cell (40,215,184) in well INJ12 is not active and the connection will be ignored

Warning: Problem with COMPDAT keyword
In fine-nocap.data line 153
The cell (40,215,186) in well INJ12 is not active and the connection will be ignored

Warning: Problem with COMPDAT keyword
In fine-nocap.data line 153
The cell (40,215,199) in well INJ12 is not active and the connection will be ignored

Warning: Problem with COMPDAT keyword
In fine-nocap.data line 153
The cell (40,215,200) in well INJ12 is not active and the connection will be ignored

Warning: Problem with COMPDAT keyword
In fine-nocap.data line 153
The cell (40,215,201) in well INJ12 is not active and the connection will be ignored

Warning: Problem with COMPDAT keyword
In fine-nocap.data line 153
The cell (40,215,202) in well INJ12 is not active and the connection will be ignored

Warning: Problem with COMPDAT keyword
In fine-nocap.data line 153
The cell (40,215,203) in well INJ12 is not active and the connection will be ignored

Warning: Problem with COMPDAT keyword
In fine-nocap.data line 153
The cell (40,215,207) in well INJ12 is not active and the connection will be ignored

Warning: Problem with COMPDAT keyword
In fine-nocap.data line 153
The cell (40,215,208) in well INJ12 is not active and the connection will be ignored

Warning: Problem with COMPDAT keyword
In fine-nocap.data line 153
The cell (40,215,213) in well INJ12 is not active and the connection will be ignored

Warning: Problem with COMPDAT keyword
In fine-nocap.data line 153
The cell (40,215,214) in well INJ12 is not active and the connection will be ignored

Warning: Problem with COMPDAT keyword
In fine-nocap.data line 153
The cell (40,215,216) in well INJ12 is not active and the connection will be ignored

Warning: Problem with COMPDAT keyword
In fine-nocap.data line 153
The cell (29,100,163) in well INJ13 is not active and the connection will be ignored

Warning: Problem with COMPDAT keyword
In fine-nocap.data line 153
The cell (29,100,195) in well INJ13 is not active and the connection will be ignored

Warning: Problem with COMPDAT keyword
In fine-nocap.data line 153
The cell (29,100,204) in well INJ13 is not active and the connection will be ignored

Warning: Problem with COMPDAT keyword
In fine-nocap.data line 153
The cell (29,100,205) in well INJ13 is not active and the connection will be ignored

Warning: Problem with COMPDAT keyword
In fine-nocap.data line 153
The cell (29,100,206) in well INJ13 is not active and the connection will be ignored

Warning: Problem with COMPDAT keyword
In fine-nocap.data line 153
The cell (29,100,207) in well INJ13 is not active and the connection will be ignored

Warning: Problem with COMPDAT keyword
In fine-nocap.data line 153
The cell (29,100,208) in well INJ13 is not active and the connection will be ignored

Warning: Problem with COMPDAT keyword
In fine-nocap.data line 153
The cell (29,100,209) in well INJ13 is not active and the connection will be ignored

Warning: Problem with COMPDAT keyword
In fine-nocap.data line 153
The cell (29,100,210) in well INJ13 is not active and the connection will be ignored

Warning: Problem with COMPDAT keyword
In fine-nocap.data line 153
The cell (29,100,211) in well INJ13 is not active and the connection will be ignored

Warning: Problem with COMPDAT keyword
In fine-nocap.data line 153
The cell (29,100,212) in well INJ13 is not active and the connection will be ignored

Warning: Problem with COMPDAT keyword
In fine-nocap.data line 153
The cell (29,100,213) in well INJ13 is not active and the connection will be ignored

Warning: Problem with COMPDAT keyword
In fine-nocap.data line 153
The cell (29,100,214) in well INJ13 is not active and the connection will be ignored

Warning: Problem with COMPDAT keyword
In fine-nocap.data line 153
The cell (29,100,215) in well INJ13 is not active and the connection will be ignored

Warning: Problem with COMPDAT keyword
In fine-nocap.data line 153
The cell (29,100,216) in well INJ13 is not active and the connection will be ignored

Warning: Problem with COMPDAT keyword
In fine-nocap.data line 153
The cell (29,100,217) in well INJ13 is not active and the connection will be ignored
Reading from: ecmor-2026/common/SCHEDULE.inc line 1
Processing keyword WCONINJE at line 1
Processing keyword TUNING at line 19
Complete report step 1 (1 DAYS) at 2024-01-02 (0 DAYS)

Initializing report step 2/68 at 2024-01-02 (0 DAYS) line 24
Complete report step 2 (2 DAYS) at 2024-01-04 (1 DAYS)

Initializing report step 3/68 at 2024-01-04 (1 DAYS) line 24
Complete report step 3 (5 DAYS) at 2024-01-09 (3 DAYS)

Initializing report step 4/68 at 2024-01-09 (3 DAYS) line 24
Complete report step 4 (10 DAYS) at 2024-01-19 (8 DAYS)

Initializing report step 5/68 at 2024-01-19 (8 DAYS) line 24
Complete report step 5 (10 DAYS) at 2024-01-29 (18 DAYS)
Report limit reached, see PRT-file for remaining Schedule initialization.

Initializing report step 6/68 at 2024-01-29 (18 DAYS) line 28
Complete report step 6 (10 DAYS) at 2024-02-08 (28 DAYS)

Initializing report step 7/68 at 2024-02-08 (28 DAYS) line 28
Complete report step 7 (10 DAYS) at 2024-02-18 (38 DAYS)

Initializing report step 8/68 at 2024-02-18 (38 DAYS) line 28
Complete report step 8 (10 DAYS) at 2024-02-28 (48 DAYS)

Initializing report step 9/68 at 2024-02-28 (48 DAYS) line 28
Complete report step 9 (10 DAYS) at 2024-03-09 (58 DAYS)

Initializing report step 10/68 at 2024-03-09 (58 DAYS) line 28
Complete report step 10 (10 DAYS) at 2024-03-19 (68 DAYS)

Initializing report step 11/68 at 2024-03-19 (68 DAYS) line 28
Complete report step 11 (10 DAYS) at 2024-03-29 (78 DAYS)

Initializing report step 12/68 at 2024-03-29 (78 DAYS) line 28
Complete report step 12 (10 DAYS) at 2024-04-08 (88 DAYS)

Initializing report step 13/68 at 2024-04-08 (88 DAYS) line 28
Complete report step 13 (10 DAYS) at 2024-04-18 (98 DAYS)

Initializing report step 14/68 at 2024-04-18 (98 DAYS) line 28
Complete report step 14 (10 DAYS) at 2024-04-28 (108 DAYS)

Initializing report step 15/68 at 2024-04-28 (108 DAYS) line 28
Complete report step 15 (10 DAYS) at 2024-05-08 (118 DAYS)

Initializing report step 16/68 at 2024-05-08 (118 DAYS) line 28
Complete report step 16 (10 DAYS) at 2024-05-18 (128 DAYS)

Initializing report step 17/68 at 2024-05-18 (128 DAYS) line 28
Complete report step 17 (10 DAYS) at 2024-05-28 (138 DAYS)

Initializing report step 18/68 at 2024-05-28 (138 DAYS) line 28
Complete report step 18 (10 DAYS) at 2024-06-07 (148 DAYS)

Initializing report step 19/68 at 2024-06-07 (148 DAYS) line 28
Complete report step 19 (10 DAYS) at 2024-06-17 (158 DAYS)

Initializing report step 20/68 at 2024-06-17 (158 DAYS) line 28
Complete report step 20 (10 DAYS) at 2024-06-27 (168 DAYS)

Initializing report step 21/68 at 2024-06-27 (168 DAYS) line 28
Complete report step 21 (10 DAYS) at 2024-07-07 (178 DAYS)

Initializing report step 22/68 at 2024-07-07 (178 DAYS) line 28
Complete report step 22 (10 DAYS) at 2024-07-17 (188 DAYS)

Initializing report step 23/68 at 2024-07-17 (188 DAYS) line 28
Complete report step 23 (10 DAYS) at 2024-07-27 (198 DAYS)

Initializing report step 24/68 at 2024-07-27 (198 DAYS) line 28
Complete report step 24 (10 DAYS) at 2024-08-06 (208 DAYS)

Initializing report step 25/68 at 2024-08-06 (208 DAYS) line 28
Complete report step 25 (10 DAYS) at 2024-08-16 (218 DAYS)

Initializing report step 26/68 at 2024-08-16 (218 DAYS) line 28
Complete report step 26 (10 DAYS) at 2024-08-26 (228 DAYS)

Initializing report step 27/68 at 2024-08-26 (228 DAYS) line 28
Complete report step 27 (10 DAYS) at 2024-09-05 (238 DAYS)

Initializing report step 28/68 at 2024-09-05 (238 DAYS) line 28
Complete report step 28 (10 DAYS) at 2024-09-15 (248 DAYS)

Initializing report step 29/68 at 2024-09-15 (248 DAYS) line 28
Complete report step 29 (10 DAYS) at 2024-09-25 (258 DAYS)

Initializing report step 30/68 at 2024-09-25 (258 DAYS) line 28
Complete report step 30 (10 DAYS) at 2024-10-05 (268 DAYS)

Initializing report step 31/68 at 2024-10-05 (268 DAYS) line 28
Complete report step 31 (10 DAYS) at 2024-10-15 (278 DAYS)

Initializing report step 32/68 at 2024-10-15 (278 DAYS) line 28
Complete report step 32 (10 DAYS) at 2024-10-25 (288 DAYS)

Initializing report step 33/68 at 2024-10-25 (288 DAYS) line 28
Complete report step 33 (10 DAYS) at 2024-11-04 (298 DAYS)

Initializing report step 34/68 at 2024-11-04 (298 DAYS) line 28
Complete report step 34 (10 DAYS) at 2024-11-14 (308 DAYS)

Initializing report step 35/68 at 2024-11-14 (308 DAYS) line 28
Complete report step 35 (10 DAYS) at 2024-11-24 (318 DAYS)

Initializing report step 36/68 at 2024-11-24 (318 DAYS) line 28
Complete report step 36 (10 DAYS) at 2024-12-04 (328 DAYS)

Initializing report step 37/68 at 2024-12-04 (328 DAYS) line 28
Complete report step 37 (10 DAYS) at 2024-12-14 (338 DAYS)

Initializing report step 38/68 at 2024-12-14 (338 DAYS) line 28
Processing keyword TUNING at line 32
Complete report step 38 (18 DAYS) at 2025-01-01 (348 DAYS)

Initializing report step 39/68 at 2025-01-01 (348 DAYS) line 37
Complete report step 39 (365 DAYS) at 2026-01-01 (366 DAYS)

Initializing report step 40/68 at 2026-01-01 (366 DAYS) line 37
Complete report step 40 (365 DAYS) at 2027-01-01 (731 DAYS)

Initializing report step 41/68 at 2027-01-01 (731 DAYS) line 37
Complete report step 41 (365 DAYS) at 2028-01-01 (1096 DAYS)

Initializing report step 42/68 at 2028-01-01 (1096 DAYS) line 37
Complete report step 42 (366 DAYS) at 2029-01-01 (1461 DAYS)

Initializing report step 43/68 at 2029-01-01 (1461 DAYS) line 37
Complete report step 43 (365 DAYS) at 2030-01-01 (1827 DAYS)

Initializing report step 44/68 at 2030-01-01 (1827 DAYS) line 37
Complete report step 44 (365 DAYS) at 2031-01-01 (2192 DAYS)

Initializing report step 45/68 at 2031-01-01 (2192 DAYS) line 37
Complete report step 45 (365 DAYS) at 2032-01-01 (2557 DAYS)

Initializing report step 46/68 at 2032-01-01 (2557 DAYS) line 37
Complete report step 46 (366 DAYS) at 2033-01-01 (2922 DAYS)

Initializing report step 47/68 at 2033-01-01 (2922 DAYS) line 37
Complete report step 47 (365 DAYS) at 2034-01-01 (3288 DAYS)

Initializing report step 48/68 at 2034-01-01 (3288 DAYS) line 37
Complete report step 48 (365 DAYS) at 2035-01-01 (3653 DAYS)

Initializing report step 49/68 at 2035-01-01 (3653 DAYS) line 37
Complete report step 49 (365 DAYS) at 2036-01-01 (4018 DAYS)

Initializing report step 50/68 at 2036-01-01 (4018 DAYS) line 37
Complete report step 50 (366 DAYS) at 2037-01-01 (4383 DAYS)

Initializing report step 51/68 at 2037-01-01 (4383 DAYS) line 37
Complete report step 51 (365 DAYS) at 2038-01-01 (4749 DAYS)

Initializing report step 52/68 at 2038-01-01 (4749 DAYS) line 37
Complete report step 52 (365 DAYS) at 2039-01-01 (5114 DAYS)

Initializing report step 53/68 at 2039-01-01 (5114 DAYS) line 37
Complete report step 53 (365 DAYS) at 2040-01-01 (5479 DAYS)

Initializing report step 54/68 at 2040-01-01 (5479 DAYS) line 37
Complete report step 54 (366 DAYS) at 2041-01-01 (5844 DAYS)

Initializing report step 55/68 at 2041-01-01 (5844 DAYS) line 37
Complete report step 55 (365 DAYS) at 2042-01-01 (6210 DAYS)

Initializing report step 56/68 at 2042-01-01 (6210 DAYS) line 37
Complete report step 56 (365 DAYS) at 2043-01-01 (6575 DAYS)

Initializing report step 57/68 at 2043-01-01 (6575 DAYS) line 37
Complete report step 57 (365 DAYS) at 2044-01-01 (6940 DAYS)

Initializing report step 58/68 at 2044-01-01 (6940 DAYS) line 37
Complete report step 58 (366 DAYS) at 2045-01-01 (7305 DAYS)

Initializing report step 59/68 at 2045-01-01 (7305 DAYS) line 37
Complete report step 59 (365 DAYS) at 2046-01-01 (7671 DAYS)

Initializing report step 60/68 at 2046-01-01 (7671 DAYS) line 37
Complete report step 60 (365 DAYS) at 2047-01-01 (8036 DAYS)

Initializing report step 61/68 at 2047-01-01 (8036 DAYS) line 37
Complete report step 61 (365 DAYS) at 2048-01-01 (8401 DAYS)

Initializing report step 62/68 at 2048-01-01 (8401 DAYS) line 37
Complete report step 62 (366 DAYS) at 2049-01-01 (8766 DAYS)

Initializing report step 63/68 at 2049-01-01 (8766 DAYS) line 37
Processing keyword WCONINJE at line 65
Processing keyword TUNING at line 82
Complete report step 63 (365 DAYS) at 2050-01-01 (9132 DAYS)

Initializing report step 64/68 at 2050-01-01 (9132 DAYS) line 87
Complete report step 64 (36524 DAYS) at 2150-01-01 (9497 DAYS)

Initializing report step 65/68 at 2150-01-01 (9497 DAYS) line 87
Complete report step 65 (36524 DAYS) at 2250-01-01 (46021 DAYS)

Initializing report step 66/68 at 2250-01-01 (46021 DAYS) line 87
Complete report step 66 (36524 DAYS) at 1765-06-12 (82545 DAYS)

Initializing report step 67/68 at 1765-06-12 (82545 DAYS) line 87
Complete report step 67 (36525 DAYS) at 1865-06-13 (119069 DAYS)

Initializing report step 68/68 at 1865-06-13 (119069 DAYS) line 87
Complete report step 68 (36524 DAYS) at 1965-06-13 (155594 DAYS)


The CO2 storage option is given. PVT properties from the Brine-CO2 system are used.
See the OPM manual for details on the used models.

Processing grid
82572 pinch-out connections generated
Total number of active cells: 4722188 / total pore volume: 161991340521 RM3

Load balancing distributes level 0 with 4722188 active cells on 16 processes as follows:
  rank   owned cells   overlap cells   total cells
--------------------------------------------------
     0        313303           26153        339456
     1        305904           60201        366105
     2        318242           33043        351285
     3        209953           33930        243883
     4        300554           30774        331328
     5        324650           27417        352067
     6        322962           45198        368160
     7        199937           48179        248116
     8        324256           42388        366644
     9        318431           42126        360557
    10        324526           26145        350671
    11        296431           19444        315875
    12        324495           32852        357347
    13        228494           47461        275955
    14        322726           51826        374552
    15        287324           49268        336592
--------------------------------------------------
   sum       4722188          616405       5338593


Load balancing distributed the wells as follows:
  well name            ranks with perforated cells
---------------------------------------------------
           INJ00       2
           INJ01       0
           INJ02       3
           INJ03       2
           INJ04       4
           INJ05       4
           INJ06       2
           INJ07       0
           INJ08       1
           INJ09       0
           INJ10       0
           INJ11       4
           INJ12      10
           INJ13       2


Property tree for linear solvers:
{
    "maxiter": "20",
    "tol": "0.0050000000000000001",
    "verbosity": "0",
    "solver": "bicgstab",
    "preconditioner": {
        "type": "cprw",
        "use_well_weights": "false",
        "add_wells": "true",
        "weight_type": "trueimpes",
        "pre_smooth": "0",
        "post_smooth": "1",
        "finesmoother": {
            "type": "paroverilu0",
            "relaxation": "1"
        },
        "verbosity": "0",
        "coarsesolver": {
            "maxiter": "1",
            "tol": "0.10000000000000001",
            "solver": "loopsolver",
            "verbosity": "0",
            "preconditioner": {
                "type": "amg",
                "alpha": "0.33333333333300003",
                "relaxation": "1",
                "iterations": "1",
                "coarsenTarget": "1200",
                "pre_smooth": "1",
                "post_smooth": "1",
                "beta": "0",
                "smoother": "ilu0",
                "verbosity": "0",
                "maxlevel": "15",
                "skip_isolated": "0",
                "accumulate": "1",
                "prolongationdamping": "1",
                "maxdistance": "2",
                "maxconnectivity": "15",
                "maxaggsize": "6",
                "minaggsize": "4"
            }
        }
    }
}

CO2STORE/CO2SOL is enabled.
The surface density of CO2 is 1.868433 KG/M3.
The surface density of brine is 1104.025630 KG/M3.
The surface densities are computed using the reference pressure (1.013 BARSA) and reference temperature (15.56 DEG C).


================ Starting main simulation loop ===============


Report step  0/68 at day 0/192118, date = 01-Jan-2024
Using Newton nonlinear solver.

Starting time step 0, stepsize 1 days, at day 0/1, date = 01-Jan-2024
Restart file written for report step  0/68, date = 01-Jan-2024 00:00:00
 Newton its= 1, linearizations= 2 (2.7sec), linear its=  0 (6.1sec)


Report step  1/68 at day 1/192118, date = 02-Jan-2024

Starting time step 0, stepsize 2 days, at day 1/3, date = 02-Jan-2024
 Newton its= 1, linearizations= 2 (0.6sec), linear its=  1 (1.3sec)
Restart file written for report step  1/68, date = 02-Jan-2024 00:00:00


Report step  2/68 at day 3/192118, date = 04-Jan-2024

Starting time step 0, stepsize 5 days, at day 3/8, date = 04-Jan-2024
Restart file written for report step  2/68, date = 04-Jan-2024 00:00:00
 Newton its= 2, linearizations= 3 (1.0sec), linear its=  2 (2.4sec)


Report step  3/68 at day 8/192118, date = 09-Jan-2024

Starting time step 0, stepsize 10 days, at day 8/18, date = 09-Jan-2024
Restart file written for report step  3/68, date = 09-Jan-2024 00:00:00
 Newton its= 3, linearizations= 4 (1.4sec), linear its=  3 (4.0sec)


Report step  4/68 at day 18/192118, date = 19-Jan-2024

Starting time step 0, stepsize 10 days, at day 18/28, date = 19-Jan-2024
Restart file written for report step  4/68, date = 19-Jan-2024 00:00:00
 Newton its= 3, linearizations= 4 (1.2sec), linear its=  3 (4.0sec)


Report step  5/68 at day 28/192118, date = 29-Jan-2024

Starting time step 0, stepsize 10 days, at day 28/38, date = 29-Jan-2024
Restart file written for report step  5/68, date = 29-Jan-2024 00:00:00
 Newton its= 3, linearizations= 4 (1.5sec), linear its=  3 (3.6sec)


Report step  6/68 at day 38/192118, date = 08-Feb-2024

Starting time step 0, stepsize 10 days, at day 38/48, date = 08-Feb-2024
Restart file written for report step  6/68, date = 08-Feb-2024 00:00:00
 Newton its= 5, linearizations= 6 (2.2sec), linear its=  5 (7.0sec)


Report step  7/68 at day 48/192118, date = 18-Feb-2024

Starting time step 0, stepsize 10 days, at day 48/58, date = 18-Feb-2024
Restart file written for report step  7/68, date = 18-Feb-2024 00:00:00
 Newton its= 4, linearizations= 5 (1.6sec), linear its=  2 (4.7sec)


Report step  8/68 at day 58/192118, date = 28-Feb-2024

Starting time step 0, stepsize 10 days, at day 58/68, date = 28-Feb-2024
Restart file written for report step  8/68, date = 28-Feb-2024 00:00:00
    Oscillating behavior detected: Relaxation set to 0.900000
 Newton its= 5, linearizations= 6 (1.9sec), linear its=  4 (6.1sec)


Report step  9/68 at day 68/192118, date = 09-Mar-2024

Starting time step 0, stepsize 10 days, at day 68/78, date = 09-Mar-2024
Restart file written for report step  9/68, date = 09-Mar-2024 00:00:00
 Newton its= 5, linearizations= 6 (2.0sec), linear its=  4 (11.4sec)


Report step 10/68 at day 78/192118, date = 19-Mar-2024

Starting time step 0, stepsize 10 days, at day 78/88, date = 19-Mar-2024
Restart file written for report step 10/68, date = 19-Mar-2024 00:00:00
 Newton its= 4, linearizations= 5 (1.6sec), linear its=  2 (4.6sec)


Report step 11/68 at day 88/192118, date = 29-Mar-2024

Starting time step 0, stepsize 10 days, at day 88/98, date = 29-Mar-2024
Restart file written for report step 11/68, date = 29-Mar-2024 00:00:00
    Oscillating behavior detected: Relaxation set to 0.900000
 Newton its= 3, linearizations= 4 (1.3sec), linear its=  1 (3.6sec)


Report step 12/68 at day 98/192118, date = 08-Apr-2024

Starting time step 0, stepsize 10 days, at day 98/108, date = 08-Apr-2024
Restart file written for report step 12/68, date = 08-Apr-2024 00:00:00
 Newton its= 4, linearizations= 5 (1.6sec), linear its=  1 (4.5sec)


Report step 13/68 at day 108/192118, date = 18-Apr-2024

Starting time step 0, stepsize 10 days, at day 108/118, date = 18-Apr-2024
Restart file written for report step 13/68, date = 18-Apr-2024 00:00:00
 Newton its= 4, linearizations= 5 (1.6sec), linear its=  1 (4.2sec)


Report step 14/68 at day 118/192118, date = 28-Apr-2024

Starting time step 0, stepsize 10 days, at day 118/128, date = 28-Apr-2024
Restart file written for report step 14/68, date = 28-Apr-2024 00:00:00
 Newton its= 3, linearizations= 4 (1.4sec), linear its=  1 (3.3sec)


Report step 15/68 at day 128/192118, date = 08-May-2024

Starting time step 0, stepsize 10 days, at day 128/138, date = 08-May-2024
Restart file written for report step 15/68, date = 08-May-2024 00:00:00
 Newton its= 4, linearizations= 5 (1.6sec), linear its=  2 (4.5sec)


Report step 16/68 at day 138/192118, date = 18-May-2024

Starting time step 0, stepsize 10 days, at day 138/148, date = 18-May-2024
Restart file written for report step 16/68, date = 18-May-2024 00:00:00
    Oscillating behavior detected: Relaxation set to 0.900000
 Newton its= 3, linearizations= 4 (1.2sec), linear its=  1 (3.2sec)


Report step 17/68 at day 148/192118, date = 28-May-2024

Starting time step 0, stepsize 10 days, at day 148/158, date = 28-May-2024
Restart file written for report step 17/68, date = 28-May-2024 00:00:00
 Newton its= 4, linearizations= 5 (1.7sec), linear its=  1 (10.3sec)


Report step 18/68 at day 158/192118, date = 07-Jun-2024

Starting time step 0, stepsize 10 days, at day 158/168, date = 07-Jun-2024
Restart file written for report step 18/68, date = 07-Jun-2024 00:00:00
 Newton its= 3, linearizations= 4 (1.3sec), linear its=  1 (3.1sec)


Report step 19/68 at day 168/192118, date = 17-Jun-2024

Starting time step 0, stepsize 10 days, at day 168/178, date = 17-Jun-2024
Restart file written for report step 19/68, date = 17-Jun-2024 00:00:00
 Newton its= 3, linearizations= 4 (1.4sec), linear its=  2 (3.5sec)


Report step 20/68 at day 178/192118, date = 27-Jun-2024

Starting time step 0, stepsize 10 days, at day 178/188, date = 27-Jun-2024
Restart file written for report step 20/68, date = 27-Jun-2024 00:00:00
 Newton its= 3, linearizations= 4 (1.3sec), linear its=  1 (3.4sec)


Report step 21/68 at day 188/192118, date = 07-Jul-2024

Starting time step 0, stepsize 10 days, at day 188/198, date = 07-Jul-2024
Restart file written for report step 21/68, date = 07-Jul-2024 00:00:00
 Newton its= 4, linearizations= 5 (1.7sec), linear its=  1 (4.2sec)


Report step 22/68 at day 198/192118, date = 17-Jul-2024

Starting time step 0, stepsize 10 days, at day 198/208, date = 17-Jul-2024
Restart file written for report step 22/68, date = 17-Jul-2024 00:00:00
 Newton its= 3, linearizations= 4 (1.4sec), linear its=  1 (3.0sec)


Report step 23/68 at day 208/192118, date = 27-Jul-2024

Starting time step 0, stepsize 10 days, at day 208/218, date = 27-Jul-2024
Restart file written for report step 23/68, date = 27-Jul-2024 00:00:00
 Newton its= 3, linearizations= 4 (1.3sec), linear its=  1 (3.1sec)


Report step 24/68 at day 218/192118, date = 06-Aug-2024

Starting time step 0, stepsize 10 days, at day 218/228, date = 06-Aug-2024
Restart file written for report step 24/68, date = 06-Aug-2024 00:00:00
 Newton its= 3, linearizations= 4 (1.3sec), linear its=  3 (3.7sec)


Report step 25/68 at day 228/192118, date = 16-Aug-2024

Starting time step 0, stepsize 10 days, at day 228/238, date = 16-Aug-2024
Restart file written for report step 25/68, date = 16-Aug-2024 00:00:00
 Newton its= 3, linearizations= 4 (1.4sec), linear its=  1 (3.3sec)


Report step 26/68 at day 238/192118, date = 26-Aug-2024

Starting time step 0, stepsize 10 days, at day 238/248, date = 26-Aug-2024
Restart file written for report step 26/68, date = 26-Aug-2024 00:00:00
 Newton its= 4, linearizations= 5 (1.6sec), linear its=  2 (4.5sec)


Report step 27/68 at day 248/192118, date = 05-Sep-2024

Starting time step 0, stepsize 10 days, at day 248/258, date = 05-Sep-2024
Restart file written for report step 27/68, date = 05-Sep-2024 00:00:00
 Newton its= 5, linearizations= 6 (2.0sec), linear its=  1 (10.8sec)


Report step 28/68 at day 258/192118, date = 15-Sep-2024

Starting time step 0, stepsize 10 days, at day 258/268, date = 15-Sep-2024
Restart file written for report step 28/68, date = 15-Sep-2024 00:00:00
 Newton its= 3, linearizations= 4 (1.2sec), linear its=  1 (3.3sec)


Report step 29/68 at day 268/192118, date = 25-Sep-2024

Starting time step 0, stepsize 10 days, at day 268/278, date = 25-Sep-2024
Restart file written for report step 29/68, date = 25-Sep-2024 00:00:00
 Newton its= 4, linearizations= 5 (1.7sec), linear its=  1 (4.2sec)


Report step 30/68 at day 278/192118, date = 05-Oct-2024

Starting time step 0, stepsize 10 days, at day 278/288, date = 05-Oct-2024
Restart file written for report step 30/68, date = 05-Oct-2024 00:00:00
 Newton its= 3, linearizations= 4 (1.3sec), linear its=  1 (2.9sec)


Report step 31/68 at day 288/192118, date = 15-Oct-2024

Starting time step 0, stepsize 10 days, at day 288/298, date = 15-Oct-2024
Restart file written for report step 31/68, date = 15-Oct-2024 00:00:00
 Newton its= 3, linearizations= 4 (1.3sec), linear its=  1 (3.2sec)


Report step 32/68 at day 298/192118, date = 25-Oct-2024

Starting time step 0, stepsize 10 days, at day 298/308, date = 25-Oct-2024
Restart file written for report step 32/68, date = 25-Oct-2024 00:00:00
 Newton its= 3, linearizations= 4 (1.3sec), linear its=  1 (3.2sec)


Report step 33/68 at day 308/192118, date = 04-Nov-2024

Starting time step 0, stepsize 10 days, at day 308/318, date = 04-Nov-2024
Restart file written for report step 33/68, date = 04-Nov-2024 00:00:00
 Newton its= 4, linearizations= 5 (1.6sec), linear its=  1 (4.5sec)


Report step 34/68 at day 318/192118, date = 14-Nov-2024

Starting time step 0, stepsize 10 days, at day 318/328, date = 14-Nov-2024
Restart file written for report step 34/68, date = 14-Nov-2024 00:00:00
 Newton its= 3, linearizations= 4 (1.3sec), linear its=  1 (3.1sec)


Report step 35/68 at day 328/192118, date = 24-Nov-2024

Starting time step 0, stepsize 10 days, at day 328/338, date = 24-Nov-2024
Restart file written for report step 35/68, date = 24-Nov-2024 00:00:00
 Newton its= 3, linearizations= 4 (1.3sec), linear its=  2 (9.7sec)


Report step 36/68 at day 338/192118, date = 04-Dec-2024

Starting time step 0, stepsize 10 days, at day 338/348, date = 04-Dec-2024
Restart file written for report step 36/68, date = 04-Dec-2024 00:00:00
    Oscillating behavior detected: Relaxation set to 0.900000
 Newton its= 4, linearizations= 5 (1.8sec), linear its=  1 (4.1sec)


Report step 37/68 at day 348/192118, date = 14-Dec-2024

Starting time step 0, stepsize 10 days, at day 348/366, date = 14-Dec-2024
Restart file written for report step 37/68, date = 14-Dec-2024 00:00:00
    Oscillating behavior detected: Relaxation set to 0.900000
 Newton its= 4, linearizations= 5 (1.6sec), linear its=  1 (4.3sec)

Starting time step 1, stepsize 8 days, at day 358/366, date = 24-Dec-2024
 Newton its= 3, linearizations= 4 (1.4sec), linear its=  1 (3.2sec)


Report step 38/68 at day 366/192118, date = 01-Jan-2025

Starting time step 0, stepsize 24 days, at day 366/731, date = 01-Jan-2025
Restart file written for report step 38/68, date = 01-Jan-2025 00:00:00
 Newton its= 5, linearizations= 6 (2.0sec), linear its=  2 (5.5sec)

Starting time step 1, stepsize 52.8 days, at day 390/731, date = 25-Jan-2025
    Oscillating behavior detected: Relaxation set to 0.900000
 Newton its= 8, linearizations= 9 (3.1sec), linear its=  5 (10.7sec)

Starting time step 2, stepsize 52.8 days, at day 442.8/731, date = 18-Mar-2025
 Newton its= 7, linearizations= 8 (2.7sec), linear its=  2 (13.9sec)

Starting time step 3, stepsize 73.92 days, at day 495.6/731, date = 10-May-2025
    Oscillating behavior detected: Relaxation set to 0.900000
 Newton its= 9, linearizations=10 (3.3sec), linear its=  5 (11.1sec)

Starting time step 4, stepsize 65.7067 days, at day 569.52/731, date = 23-Jul-2025
 Newton its= 8, linearizations= 9 (3.2sec), linear its=  2 (9.0sec)

Starting time step 5, stepsize 47.8867 days, at day 635.227/731, date = 27-Sep-2025
 Newton its= 7, linearizations= 8 (2.8sec), linear its= 11 (13.3sec)

Starting time step 6, stepsize 47.8867 days, at day 683.113/731, date = 14-Nov-2025
 Newton its= 7, linearizations= 8 (2.6sec), linear its=  4 (14.8sec)


Report step 39/68 at day 731/192118, date = 01-Jan-2026

Starting time step 0, stepsize 67.0413 days, at day 731/1096, date = 01-Jan-2026
Restart file written for report step 39/68, date = 01-Jan-2026 00:00:00
    Oscillating behavior detected: Relaxation set to 0.900000
    Oscillating behavior detected: Relaxation set to 0.800000
 Newton its= 9, linearizations=10 (3.3sec), linear its= 10 (13.2sec)

Starting time step 1, stepsize 59.5923 days, at day 798.041/1096, date = 09-Mar-2026
 Newton its= 8, linearizations= 9 (2.9sec), linear its=  5 (10.4sec)

Starting time step 2, stepsize 59.5923 days, at day 857.634/1096, date = 07-May-2026
    Oscillating behavior detected: Relaxation set to 0.900000
 Newton its=12, linearizations=13 (4.2sec), linear its=  8 (22.8sec)

Starting time step 3, stepsize 39.7282 days, at day 917.226/1096, date = 06-Jul-2026
 Newton its= 5, linearizations= 6 (2.0sec), linear its=  3 (6.2sec)

Starting time step 4, stepsize 87.402 days, at day 956.954/1096, date = 14-Aug-2026
    Oscillating behavior detected: Relaxation set to 0.900000
 Newton its=11, linearizations=12 (4.0sec), linear its= 10 (15.7sec)

Starting time step 5, stepsize 51.6438 days, at day 1044.36/1096, date = 10-Nov-2026
 Newton its= 7, linearizations= 8 (2.7sec), linear its=  5 (9.1sec)


Report step 40/68 at day 1096/192118, date = 01-Jan-2027

Starting time step 0, stepsize 72.3014 days, at day 1096/1461, date = 01-Jan-2027
Restart file written for report step 40/68, date = 01-Jan-2027 00:00:00
    Oscillating behavior detected: Relaxation set to 0.900000
 Newton its=12, linearizations=13 (4.3sec), linear its= 21 (27.7sec)

Starting time step 1, stepsize 48.2009 days, at day 1168.3/1461, date = 14-Mar-2027
 Newton its= 6, linearizations= 7 (2.2sec), linear its=  5 (8.1sec)

Starting time step 2, stepsize 86.7617 days, at day 1216.5/1461, date = 01-May-2027
 Newton its=11, linearizations=12 (4.0sec), linear its= 12 (16.6sec)

Starting time step 3, stepsize 63.0994 days, at day 1303.26/1461, date = 27-Jul-2027
 Newton its= 8, linearizations= 9 (3.0sec), linear its=  5 (16.8sec)

Starting time step 4, stepsize 47.3183 days, at day 1366.36/1461, date = 28-Sep-2027
 Newton its= 6, linearizations= 7 (2.3sec), linear its=  5 (8.5sec)

Starting time step 5, stepsize 47.3183 days, at day 1413.68/1461, date = 14-Nov-2027
 Newton its= 6, linearizations= 7 (2.3sec), linear its=  2 (7.1sec)


Report step 41/68 at day 1461/192118, date = 01-Jan-2028

Starting time step 0, stepsize 85.173 days, at day 1461/1827, date = 01-Jan-2028
Restart file written for report step 41/68, date = 01-Jan-2028 00:00:00
    Oscillating behavior detected: Relaxation set to 0.900000

Problem: Solver convergence failure - Iteration limit reached
Timestep chopped to 8.517299619124644 days


Starting time step 0, stepsize 8.5173 days, at day 1461/1827, date = 01-Jan-2028
 Newton its= 4, linearizations= 5 (1.7sec), linear its=  2 (10.9sec)

Starting time step 1, stepsize 10.6466 days, at day 1469.52/1827, date = 09-Jan-2028
 Newton its= 3, linearizations= 4 (1.4sec), linear its=  1 (3.3sec)

Starting time step 2, stepsize 31.9399 days, at day 1480.16/1827, date = 20-Jan-2028
 Newton its= 4, linearizations= 5 (1.7sec), linear its=  3 (5.2sec)

Starting time step 3, stepsize 83.0437 days, at day 1512.1/1827, date = 21-Feb-2028
 Newton its= 7, linearizations= 8 (2.5sec), linear its=  7 (9.6sec)

Starting time step 4, stepsize 116.261 days, at day 1595.15/1827, date = 14-May-2028
    Oscillating behavior detected: Relaxation set to 0.900000
 Newton its=11, linearizations=12 (4.0sec), linear its= 10 (15.4sec)

Starting time step 5, stepsize 57.7957 days, at day 1711.41/1827, date = 07-Sep-2028
 Newton its= 8, linearizations= 9 (3.0sec), linear its=  4 (16.5sec)

Starting time step 6, stepsize 57.7957 days, at day 1769.2/1827, date = 04-Nov-2028
 Newton its= 9, linearizations=10 (4.0sec), linear its=  6 (12.6sec)


Report step 42/68 at day 1827/192118, date = 01-Jan-2029

Starting time step 0, stepsize 51.374 days, at day 1827/2192, date = 01-Jan-2029
Restart file written for report step 42/68, date = 01-Jan-2029 00:00:00
    Oscillating behavior detected: Relaxation set to 0.900000
 Newton its=12, linearizations=13 (4.1sec), linear its=  3 (13.0sec)

Starting time step 1, stepsize 34.2493 days, at day 1878.37/2192, date = 21-Feb-2029
    Oscillating behavior detected: Relaxation set to 0.900000
 Newton its= 4, linearizations= 5 (1.6sec), linear its=  4 (4.9sec)

Starting time step 2, stepsize 89.0482 days, at day 1912.62/2192, date = 27-Mar-2029
 Newton its= 8, linearizations= 9 (2.8sec), linear its=  2 (14.9sec)

Starting time step 3, stepsize 89.0482 days, at day 2001.67/2192, date = 24-Jun-2029
 Newton its=11, linearizations=12 (3.7sec), linear its= 16 (17.0sec)

Starting time step 4, stepsize 64.7623 days, at day 2090.72/2192, date = 21-Sep-2029
 Newton its= 8, linearizations= 9 (2.9sec), linear its=  9 (11.0sec)

Starting time step 5, stepsize 36.5181 days, at day 2155.48/2192, date = 25-Nov-2029
 Newton its= 6, linearizations= 7 (2.2sec), linear its=  4 (13.1sec)


Report step 43/68 at day 2192/192118, date = 01-Jan-2030

Starting time step 0, stepsize 65.7325 days, at day 2192/2557, date = 01-Jan-2030
Restart file written for report step 43/68, date = 01-Jan-2030 00:00:00
 Newton its= 6, linearizations= 7 (2.3sec), linear its=  2 (6.3sec)

Starting time step 1, stepsize 118.319 days, at day 2257.73/2557, date = 07-Mar-2030
 Newton its=11, linearizations=12 (3.8sec), linear its= 16 (17.5sec)

Starting time step 2, stepsize 86.0498 days, at day 2376.05/2557, date = 04-Jul-2030
 Newton its= 9, linearizations=10 (3.3sec), linear its=  4 (10.3sec)

Starting time step 3, stepsize 47.4495 days, at day 2462.1/2557, date = 28-Sep-2030
 Newton its= 6, linearizations= 7 (2.3sec), linear its=  4 (13.4sec)

Starting time step 4, stepsize 47.4495 days, at day 2509.55/2557, date = 14-Nov-2030
 Newton its= 9, linearizations=10 (3.3sec), linear its=  5 (10.6sec)


Report step 44/68 at day 2557/192118, date = 01-Jan-2031

Starting time step 0, stepsize 42.1774 days, at day 2557/2922, date = 01-Jan-2031
Restart file written for report step 44/68, date = 01-Jan-2031 00:00:00
 Newton its= 5, linearizations= 6 (2.1sec), linear its=  4 (6.3sec)

Starting time step 1, stepsize 92.7902 days, at day 2599.18/2922, date = 12-Feb-2031

Problem: Solver convergence failure - Iteration limit reached
Timestep chopped to 9.279023004669002 days


Starting time step 1, stepsize 9.27902 days, at day 2599.18/2922, date = 12-Feb-2031
 Newton its= 3, linearizations= 4 (1.4sec), linear its=  1 (3.2sec)

Starting time step 2, stepsize 11.5988 days, at day 2608.46/2922, date = 21-Feb-2031
 Newton its= 4, linearizations= 5 (1.8sec), linear its=  1 (4.2sec)

Starting time step 3, stepsize 30.1568 days, at day 2620.06/2922, date = 05-Mar-2031
 Newton its= 5, linearizations= 6 (2.2sec), linear its=  1 (5.1sec)

Starting time step 4, stepsize 66.345 days, at day 2650.21/2922, date = 04-Apr-2031
 Newton its= 6, linearizations= 7 (2.4sec), linear its=  5 (8.2sec)

Starting time step 5, stepsize 119.421 days, at day 2716.56/2922, date = 09-Jun-2031
    Oscillating behavior detected: Relaxation set to 0.900000
 Newton its=11, linearizations=12 (4.1sec), linear its=  8 (13.9sec)

Starting time step 6, stepsize 86.022 days, at day 2835.98/2922, date = 06-Oct-2031
 Newton its= 9, linearizations=10 (3.3sec), linear its= 14 (20.4sec)


Report step 45/68 at day 2922/192118, date = 01-Jan-2032

Starting time step 0, stepsize 76.464 days, at day 2922/3288, date = 01-Jan-2032
Restart file written for report step 45/68, date = 01-Jan-2032 00:00:00
 Newton its= 6, linearizations= 7 (2.4sec), linear its=  2 (6.9sec)

Starting time step 1, stepsize 137.635 days, at day 2998.46/3288, date = 17-Mar-2032
 Newton its=11, linearizations=12 (4.0sec), linear its= 10 (15.6sec)

Starting time step 2, stepsize 100.098 days, at day 3136.1/3288, date = 02-Aug-2032
 Newton its= 8, linearizations= 9 (3.2sec), linear its=  3 (15.6sec)

Starting time step 3, stepsize 51.8026 days, at day 3236.2/3288, date = 10-Nov-2032
 Newton its= 5, linearizations= 6 (2.1sec), linear its=  4 (6.5sec)


Report step 46/68 at day 3288/192118, date = 01-Jan-2033

Starting time step 0, stepsize 113.966 days, at day 3288/3653, date = 01-Jan-2033
Restart file written for report step 46/68, date = 01-Jan-2033 00:00:00
 Newton its= 9, linearizations=10 (3.5sec), linear its=  6 (11.4sec)

Starting time step 1, stepsize 101.303 days, at day 3401.97/3653, date = 24-Apr-2033
 Newton its=10, linearizations=11 (3.9sec), linear its= 15 (16.7sec)

Starting time step 2, stepsize 81.0423 days, at day 3503.27/3653, date = 04-Aug-2033
    Oscillating behavior detected: Relaxation set to 0.900000
 Newton its= 8, linearizations= 9 (3.0sec), linear its=  3 (15.6sec)

Starting time step 3, stepsize 68.6889 days, at day 3584.31/3653, date = 24-Oct-2033
 Newton its= 6, linearizations= 7 (2.5sec), linear its=  4 (7.8sec)


Report step 47/68 at day 3653/192118, date = 01-Jan-2034

Starting time step 0, stepsize 123.64 days, at day 3653/4018, date = 01-Jan-2034
Restart file written for report step 47/68, date = 01-Jan-2034 00:00:00
    Oscillating behavior detected: Relaxation set to 0.900000
 Newton its=11, linearizations=12 (4.1sec), linear its=  6 (13.7sec)

Starting time step 1, stepsize 89.9201 days, at day 3776.64/4018, date = 04-May-2034
    Oscillating behavior detected: Relaxation set to 0.900000
 Newton its= 7, linearizations= 8 (2.7sec), linear its=  6 (10.1sec)

Starting time step 2, stepsize 75.7199 days, at day 3866.56/4018, date = 02-Aug-2034

Problem: Solver convergence failure - Iteration limit reached
Timestep chopped to 7.571993774275296 days


Starting time step 2, stepsize 7.57199 days, at day 3866.56/4018, date = 02-Aug-2034
 Newton its= 3, linearizations= 4 (1.3sec), linear its=  1 (3.8sec)

Starting time step 3, stepsize 9.46499 days, at day 3874.13/4018, date = 10-Aug-2034
    Oscillating behavior detected: Relaxation set to 0.900000
 Newton its= 4, linearizations= 5 (1.7sec), linear its=  1 (4.7sec)

Starting time step 4, stepsize 24.609 days, at day 3883.6/4018, date = 19-Aug-2034
 Newton its= 3, linearizations= 4 (1.3sec), linear its=  2 (3.8sec)

Starting time step 5, stepsize 54.897 days, at day 3908.21/4018, date = 13-Sep-2034
 Newton its= 5, linearizations= 6 (2.1sec), linear its=  5 (7.7sec)

Starting time step 6, stepsize 54.897 days, at day 3963.1/4018, date = 07-Nov-2034
    Oscillating behavior detected: Relaxation set to 0.900000
 Newton its=11, linearizations=12 (3.9sec), linear its=  7 (21.4sec)


Report step 48/68 at day 4018/192118, date = 01-Jan-2035

Starting time step 0, stepsize 39.9251 days, at day 4018/4383, date = 01-Jan-2035
Restart file written for report step 48/68, date = 01-Jan-2035 00:00:00
    Oscillating behavior detected: Relaxation set to 0.900000
 Newton its= 7, linearizations= 8 (2.7sec), linear its=  1 (8.2sec)

Starting time step 1, stepsize 55.8951 days, at day 4057.93/4383, date = 09-Feb-2035
    Oscillating behavior detected: Relaxation set to 0.900000
 Newton its= 6, linearizations= 7 (2.4sec), linear its=  2 (7.4sec)

Starting time step 2, stepsize 100.611 days, at day 4113.82/4383, date = 06-Apr-2035
 Newton its= 9, linearizations=10 (3.5sec), linear its=  8 (18.6sec)

Starting time step 3, stepsize 89.4321 days, at day 4214.43/4383, date = 16-Jul-2035
 Newton its= 9, linearizations=10 (3.4sec), linear its=  4 (10.5sec)

Starting time step 4, stepsize 79.1366 days, at day 4303.86/4383, date = 13-Oct-2035
    Oscillating behavior detected: Relaxation set to 0.900000
 Newton its= 9, linearizations=10 (3.2sec), linear its=  6 (11.7sec)


Report step 49/68 at day 4383/192118, date = 01-Jan-2036

Starting time step 0, stepsize 70.3436 days, at day 4383/4749, date = 01-Jan-2036
Restart file written for report step 49/68, date = 01-Jan-2036 00:00:00
 Newton its= 7, linearizations= 8 (2.7sec), linear its=  8 (10.6sec)

Starting time step 1, stepsize 98.4811 days, at day 4453.34/4749, date = 11-Mar-2036
 Newton its= 9, linearizations=10 (3.2sec), linear its= 16 (22.3sec)

Starting time step 2, stepsize 87.5387 days, at day 4551.82/4749, date = 17-Jun-2036
    Oscillating behavior detected: Relaxation set to 0.900000
    Oscillating behavior detected: Relaxation set to 0.800000
 Newton its=10, linearizations=11 (3.8sec), linear its=  7 (12.7sec)

Starting time step 3, stepsize 70.031 days, at day 4639.36/4749, date = 13-Sep-2036
 Newton its= 7, linearizations= 8 (2.8sec), linear its=  6 (9.9sec)

Starting time step 4, stepsize 39.6056 days, at day 4709.39/4749, date = 22-Nov-2036
 Newton its= 6, linearizations= 7 (2.3sec), linear its=  4 (7.3sec)


Report step 50/68 at day 4749/192118, date = 01-Jan-2037

Starting time step 0, stepsize 71.29 days, at day 4749/5114, date = 01-Jan-2037
Restart file written for report step 50/68, date = 01-Jan-2037 00:00:00
 Newton its= 7, linearizations= 8 (2.8sec), linear its=  6 (16.1sec)

Starting time step 1, stepsize 99.806 days, at day 4820.29/5114, date = 13-Mar-2037
 Newton its=10, linearizations=11 (3.8sec), linear its= 10 (14.4sec)

Starting time step 2, stepsize 79.8448 days, at day 4920.1/5114, date = 21-Jun-2037
    Oscillating behavior detected: Relaxation set to 0.900000
 Newton its= 8, linearizations= 9 (2.9sec), linear its=  4 (10.3sec)

Starting time step 3, stepsize 57.0296 days, at day 4999.94/5114, date = 08-Sep-2037
 Newton its= 6, linearizations= 7 (2.3sec), linear its=  2 (7.4sec)

Starting time step 4, stepsize 57.0296 days, at day 5056.97/5114, date = 04-Nov-2037
 Newton its= 7, linearizations= 8 (2.8sec), linear its=  9 (17.7sec)


Report step 51/68 at day 5114/192118, date = 01-Jan-2038

Starting time step 0, stepsize 79.8414 days, at day 5114/5479, date = 01-Jan-2038
Restart file written for report step 51/68, date = 01-Jan-2038 00:00:00
    Oscillating behavior detected: Relaxation set to 0.900000
 Newton its=10, linearizations=11 (3.6sec), linear its=  5 (12.4sec)

Starting time step 1, stepsize 63.8732 days, at day 5193.84/5479, date = 21-Mar-2038
 Newton its= 8, linearizations= 9 (3.1sec), linear its=  5 (10.3sec)

Starting time step 2, stepsize 63.8732 days, at day 5257.71/5479, date = 24-May-2038
 Newton its= 7, linearizations= 8 (2.6sec), linear its=  2 (16.2sec)

Starting time step 3, stepsize 89.4224 days, at day 5321.59/5479, date = 27-Jul-2038
 Newton its= 7, linearizations= 8 (2.8sec), linear its=  8 (11.0sec)

Starting time step 4, stepsize 67.9898 days, at day 5411.01/5479, date = 25-Oct-2038
    Oscillating behavior detected: Relaxation set to 0.900000
 Newton its= 7, linearizations= 8 (2.7sec), linear its=  6 (10.4sec)


Report step 52/68 at day 5479/192118, date = 01-Jan-2039

Starting time step 0, stepsize 95.1858 days, at day 5479/5844, date = 01-Jan-2039
Restart file written for report step 52/68, date = 01-Jan-2039 00:00:00
    Oscillating behavior detected: Relaxation set to 0.900000
 Newton its=10, linearizations=11 (3.7sec), linear its=  9 (14.6sec)

Starting time step 1, stepsize 76.1486 days, at day 5574.19/5844, date = 06-Apr-2039

Problem: Solver convergence failure - Iteration limit reached
Timestep chopped to 7.614861849492788 days


Starting time step 1, stepsize 7.61486 days, at day 5574.19/5844, date = 06-Apr-2039
 Newton its= 3, linearizations= 4 (1.5sec), linear its=  1 (3.8sec)

Starting time step 2, stepsize 9.51858 days, at day 5581.8/5844, date = 13-Apr-2039
 Newton its= 3, linearizations= 4 (1.4sec), linear its=  1 (3.5sec)

Starting time step 3, stepsize 28.5557 days, at day 5591.32/5844, date = 23-Apr-2039
 Newton its= 4, linearizations= 5 (1.9sec), linear its=  2 (5.0sec)

Starting time step 4, stepsize 74.2449 days, at day 5619.87/5844, date = 21-May-2039
 Newton its= 8, linearizations= 9 (3.0sec), linear its=  6 (11.1sec)

Starting time step 5, stepsize 74.2449 days, at day 5694.12/5844, date = 04-Aug-2039
 Newton its= 9, linearizations=10 (3.5sec), linear its=  6 (19.2sec)

Starting time step 6, stepsize 37.8176 days, at day 5768.36/5844, date = 17-Oct-2039
 Newton its= 5, linearizations= 6 (2.0sec), linear its=  1 (5.7sec)

Starting time step 7, stepsize 37.8176 days, at day 5806.18/5844, date = 24-Nov-2039
 Newton its= 5, linearizations= 6 (2.0sec), linear its=  2 (6.0sec)


Report step 53/68 at day 5844/192118, date = 01-Jan-2040

Starting time step 0, stepsize 83.1988 days, at day 5844/6210, date = 01-Jan-2040
Restart file written for report step 53/68, date = 01-Jan-2040 00:00:00
 Newton its= 9, linearizations=10 (3.4sec), linear its= 11 (14.7sec)

Starting time step 1, stepsize 73.9545 days, at day 5927.2/6210, date = 24-Mar-2040
 Newton its= 8, linearizations= 9 (3.2sec), linear its=  4 (16.8sec)

Starting time step 2, stepsize 73.9545 days, at day 6001.15/6210, date = 06-Jun-2040
 Newton its= 8, linearizations= 9 (2.8sec), linear its=  7 (10.5sec)

Starting time step 3, stepsize 73.9545 days, at day 6075.11/6210, date = 19-Aug-2040
    Oscillating behavior detected: Relaxation set to 0.900000
 Newton its= 8, linearizations= 9 (3.2sec), linear its=  3 (9.5sec)

Starting time step 4, stepsize 60.9378 days, at day 6149.06/6210, date = 01-Nov-2040
 Newton its= 6, linearizations= 7 (2.5sec), linear its=  2 (6.7sec)


Report step 54/68 at day 6210/192118, date = 01-Jan-2041

Starting time step 0, stepsize 109.688 days, at day 6210/6575, date = 01-Jan-2041
Restart file written for report step 54/68, date = 01-Jan-2041 00:00:00
 Newton its= 8, linearizations= 9 (2.9sec), linear its=  2 (15.6sec)

Starting time step 1, stepsize 109.688 days, at day 6319.69/6575, date = 20-Apr-2041
 Newton its= 8, linearizations= 9 (3.1sec), linear its=  8 (11.2sec)

Starting time step 2, stepsize 72.8119 days, at day 6429.38/6575, date = 08-Aug-2041
 Newton its= 6, linearizations= 7 (2.4sec), linear its=  2 (7.0sec)

Starting time step 3, stepsize 72.8119 days, at day 6502.19/6575, date = 20-Oct-2041
 Newton its= 7, linearizations= 8 (2.8sec), linear its=  6 (9.3sec)


Report step 55/68 at day 6575/192118, date = 01-Jan-2042

Starting time step 0, stepsize 101.937 days, at day 6575/6940, date = 01-Jan-2042
Restart file written for report step 55/68, date = 01-Jan-2042 00:00:00
    Oscillating behavior detected: Relaxation set to 0.900000
 Newton its= 9, linearizations=10 (3.3sec), linear its=  2 (16.5sec)

Starting time step 1, stepsize 90.6104 days, at day 6676.94/6940, date = 12-Apr-2042
 Newton its= 7, linearizations= 8 (2.7sec), linear its=  9 (10.9sec)

Starting time step 2, stepsize 86.2265 days, at day 6767.55/6940, date = 12-Jul-2042
    Oscillating behavior detected: Relaxation set to 0.900000
 Newton its=10, linearizations=11 (3.8sec), linear its=  4 (11.7sec)

Starting time step 3, stepsize 43.1132 days, at day 6853.77/6940, date = 06-Oct-2042
 Newton its= 6, linearizations= 7 (2.5sec), linear its=  1 (6.8sec)

Starting time step 4, stepsize 43.1132 days, at day 6896.89/6940, date = 18-Nov-2042
 Newton its= 5, linearizations= 6 (2.1sec), linear its=  1 (6.1sec)


Report step 56/68 at day 6940/192118, date = 01-Jan-2043

Starting time step 0, stepsize 94.8491 days, at day 6940/7305, date = 01-Jan-2043
Restart file written for report step 56/68, date = 01-Jan-2043 00:00:00
 Newton its= 7, linearizations= 8 (2.6sec), linear its=  7 (16.3sec)

Starting time step 1, stepsize 132.789 days, at day 7034.85/7305, date = 05-Apr-2043
    Oscillating behavior detected: Relaxation set to 0.900000
    Oscillating behavior detected: Relaxation set to 0.800000
 Newton its=12, linearizations=13 (4.7sec), linear its=  4 (14.6sec)

Starting time step 2, stepsize 88.5258 days, at day 7167.64/7305, date = 16-Aug-2043
 Newton its= 9, linearizations=10 (3.4sec), linear its=  7 (12.0sec)

Starting time step 3, stepsize 48.8363 days, at day 7256.16/7305, date = 13-Nov-2043
 Newton its= 4, linearizations= 5 (1.9sec), linear its=  3 (10.9sec)


Report step 57/68 at day 7305/192118, date = 01-Jan-2044

Starting time step 0, stepsize 126.974 days, at day 7305/7671, date = 01-Jan-2044
Restart file written for report step 57/68, date = 01-Jan-2044 00:00:00
    Oscillating behavior detected: Relaxation set to 0.900000
 Newton its=11, linearizations=12 (4.1sec), linear its=  5 (14.0sec)

Starting time step 1, stepsize 92.345 days, at day 7431.97/7671, date = 06-May-2044
    Oscillating behavior detected: Relaxation set to 0.900000
 Newton its=11, linearizations=12 (4.1sec), linear its=  4 (13.1sec)

Starting time step 2, stepsize 67.16 days, at day 7524.32/7671, date = 07-Aug-2044
 Newton its= 6, linearizations= 7 (2.4sec), linear its=  3 (7.6sec)

Starting time step 3, stepsize 79.5208 days, at day 7591.48/7671, date = 13-Oct-2044
 Newton its= 7, linearizations= 8 (2.8sec), linear its=  2 (15.0sec)


Report step 58/68 at day 7671/192118, date = 01-Jan-2045

Starting time step 0, stepsize 111.329 days, at day 7671/8036, date = 01-Jan-2045
Restart file written for report step 58/68, date = 01-Jan-2045 00:00:00
 Newton its=10, linearizations=11 (3.6sec), linear its= 11 (16.1sec)

Starting time step 1, stepsize 89.0633 days, at day 7782.33/8036, date = 22-Apr-2045
 Newton its= 8, linearizations= 9 (3.0sec), linear its= 10 (12.7sec)

Starting time step 2, stepsize 89.0633 days, at day 7871.39/8036, date = 20-Jul-2045
 Newton its= 8, linearizations= 9 (2.8sec), linear its=  5 (16.6sec)

Starting time step 3, stepsize 75.5444 days, at day 7960.46/8036, date = 17-Oct-2045
 Newton its= 9, linearizations=10 (3.4sec), linear its=  4 (11.1sec)


Report step 59/68 at day 8036/192118, date = 01-Jan-2046

Starting time step 0, stepsize 67.1506 days, at day 8036/8401, date = 01-Jan-2046
Restart file written for report step 59/68, date = 01-Jan-2046 00:00:00
 Newton its= 6, linearizations= 7 (2.2sec), linear its=  3 (7.3sec)

Starting time step 1, stepsize 120.871 days, at day 8103.15/8401, date = 09-Mar-2046
    Oscillating behavior detected: Relaxation set to 0.900000
    Oscillating behavior detected: Relaxation set to 0.800000
 Newton its=11, linearizations=12 (3.9sec), linear its=  6 (14.0sec)

Starting time step 2, stepsize 87.9062 days, at day 8224.02/8401, date = 08-Jul-2046
    Oscillating behavior detected: Relaxation set to 0.900000
 Newton its= 9, linearizations=10 (3.5sec), linear its=  8 (19.6sec)

Starting time step 3, stepsize 44.5361 days, at day 8311.93/8401, date = 03-Oct-2046
 Newton its= 7, linearizations= 8 (2.7sec), linear its=  3 (8.3sec)

Starting time step 4, stepsize 44.5361 days, at day 8356.46/8401, date = 17-Nov-2046
 Newton its= 6, linearizations= 7 (2.4sec), linear its=  2 (7.0sec)


Report step 60/68 at day 8401/192118, date = 01-Jan-2047

Starting time step 0, stepsize 80.1649 days, at day 8401/8766, date = 01-Jan-2047
Restart file written for report step 60/68, date = 01-Jan-2047 00:00:00
 Newton its= 8, linearizations= 9 (3.0sec), linear its=  2 (8.9sec)

Starting time step 1, stepsize 80.1649 days, at day 8481.16/8766, date = 22-Mar-2047
    Oscillating behavior detected: Relaxation set to 0.900000
 Newton its=10, linearizations=11 (3.6sec), linear its=  4 (18.9sec)

Starting time step 2, stepsize 64.1319 days, at day 8561.33/8766, date = 10-Jun-2047
 Newton its= 6, linearizations= 7 (2.4sec), linear its=  3 (7.1sec)

Starting time step 3, stepsize 70.2691 days, at day 8625.46/8766, date = 13-Aug-2047
 Newton its= 6, linearizations= 7 (2.2sec), linear its=  1 (6.7sec)

Starting time step 4, stepsize 70.2691 days, at day 8695.73/8766, date = 22-Oct-2047
 Newton its= 6, linearizations= 7 (2.3sec), linear its=  5 (9.1sec)


Report step 61/68 at day 8766/192118, date = 01-Jan-2048

Starting time step 0, stepsize 126.484 days, at day 8766/9132, date = 01-Jan-2048
Restart file written for report step 61/68, date = 01-Jan-2048 00:00:00
    Oscillating behavior detected: Relaxation set to 0.900000
 Newton its=11, linearizations=12 (3.8sec), linear its=  7 (21.4sec)

Starting time step 1, stepsize 91.9887 days, at day 8892.48/9132, date = 06-May-2048
 Newton its= 7, linearizations= 8 (2.7sec), linear its=  9 (11.1sec)

Starting time step 2, stepsize 73.7634 days, at day 8984.47/9132, date = 06-Aug-2048
 Newton its= 6, linearizations= 7 (2.4sec), linear its=  1 (6.4sec)

Starting time step 3, stepsize 73.7634 days, at day 9058.24/9132, date = 19-Oct-2048
 Newton its= 6, linearizations= 7 (2.3sec), linear its=  3 (7.6sec)


Report step 62/68 at day 9132/192118, date = 01-Jan-2049

Starting time step 0, stepsize 132.774 days, at day 9132/9497, date = 01-Jan-2049
Restart file written for report step 62/68, date = 01-Jan-2049 00:00:00
    Oscillating behavior detected: Relaxation set to 0.900000
    Oscillating behavior detected: Relaxation set to 0.800000
    Oscillating behavior detected: Relaxation set to 0.700000

Problem: Solver convergence failure - Iteration limit reached
Timestep chopped to 13.277415326407057 days


Starting time step 0, stepsize 13.2774 days, at day 9132/9497, date = 01-Jan-2049
 Newton its= 4, linearizations= 5 (1.9sec), linear its=  3 (6.8sec)

Starting time step 1, stepsize 16.5968 days, at day 9145.28/9497, date = 14-Jan-2049
    Oscillating behavior detected: Relaxation set to 0.900000
 Newton its= 5, linearizations= 6 (2.0sec), linear its=  6 (7.4sec)

Starting time step 2, stepsize 36.5129 days, at day 9161.87/9497, date = 30-Jan-2049
 Newton its= 5, linearizations= 6 (2.0sec), linear its=  5 (7.0sec)

Starting time step 3, stepsize 80.3284 days, at day 9198.39/9497, date = 08-Mar-2049
 Newton its= 8, linearizations= 9 (2.9sec), linear its=  6 (16.1sec)

Starting time step 4, stepsize 80.3284 days, at day 9278.72/9497, date = 27-May-2049
 Newton its= 8, linearizations= 9 (2.9sec), linear its= 10 (11.8sec)

Starting time step 5, stepsize 80.3284 days, at day 9359.04/9497, date = 16-Aug-2049
 Newton its= 8, linearizations= 9 (2.9sec), linear its= 10 (11.1sec)

Starting time step 6, stepsize 57.6278 days, at day 9439.37/9497, date = 04-Nov-2049
 Newton its= 4, linearizations= 5 (1.7sec), linear its=  2 (4.7sec)


Report step 63/68 at day 9497/192118, date = 01-Jan-2050

Starting time step 0, stepsize 149.832 days, at day 9497/46021, date = 01-Jan-2050
Restart file written for report step 63/68, date = 01-Jan-2050 00:00:00
    Oscillating behavior detected: Relaxation set to 0.900000
 Newton its=12, linearizations=13 (4.4sec), linear its= 12 (21.7sec)

Starting time step 1, stepsize 99.8882 days, at day 9646.83/46021, date = 30-May-2050
 Newton its= 8, linearizations= 9 (3.1sec), linear its= 10 (11.7sec)

Starting time step 2, stepsize 99.8882 days, at day 9746.72/46021, date = 07-Sep-2050
    Oscillating behavior detected: Relaxation set to 0.900000
 Newton its=10, linearizations=11 (3.5sec), linear its=  6 (11.9sec)

Starting time step 3, stepsize 79.9106 days, at day 9846.61/46021, date = 16-Dec-2050
    Oscillating behavior detected: Relaxation set to 0.900000
 Newton its=10, linearizations=11 (3.8sec), linear its= 12 (20.5sec)

Starting time step 4, stepsize 63.9285 days, at day 9926.52/46021, date = 06-Mar-2051
    Oscillating behavior detected: Relaxation set to 0.900000
 Newton its= 9, linearizations=10 (3.4sec), linear its= 10 (12.6sec)

Starting time step 5, stepsize 56.8253 days, at day 9990.45/46021, date = 09-May-2051
 Newton its= 6, linearizations= 7 (2.5sec), linear its= 13 (11.6sec)

Starting time step 6, stepsize 102.286 days, at day 10047.3/46021, date = 05-Jul-2051
    Oscillating behavior detected: Relaxation set to 0.900000
 Newton its= 9, linearizations=10 (3.5sec), linear its= 13 (14.1sec)

Starting time step 7, stepsize 90.9205 days, at day 10149.6/46021, date = 15-Oct-2051
    Oscillating behavior detected: Relaxation set to 0.900000
 Newton its= 9, linearizations=10 (3.2sec), linear its= 10 (19.2sec)

Starting time step 8, stepsize 80.8182 days, at day 10240.5/46021, date = 14-Jan-2052
 Newton its= 9, linearizations=10 (3.4sec), linear its=  7 (12.1sec)

Starting time step 9, stepsize 71.8384 days, at day 10321.3/46021, date = 04-Apr-2052
 Newton its= 6, linearizations= 7 (2.6sec), linear its=  8 (9.3sec)

Starting time step 10, stepsize 129.309 days, at day 10393.1/46021, date = 15-Jun-2052
 Newton its=10, linearizations=11 (3.6sec), linear its= 12 (14.8sec)

Starting time step 11, stepsize 103.447 days, at day 10522.4/46021, date = 22-Oct-2052
 Newton its=10, linearizations=11 (3.7sec), linear its=  7 (18.8sec)

Starting time step 12, stepsize 82.7579 days, at day 10625.9/46021, date = 02-Feb-2053
 Newton its= 8, linearizations= 9 (2.8sec), linear its= 10 (12.1sec)

Starting time step 13, stepsize 82.7579 days, at day 10708.7/46021, date = 26-Apr-2053
 Newton its=10, linearizations=11 (4.1sec), linear its= 11 (14.8sec)

Starting time step 14, stepsize 66.2063 days, at day 10791.4/46021, date = 18-Jul-2053
 Newton its= 6, linearizations= 7 (2.3sec), linear its=  5 (15.4sec)

Starting time step 15, stepsize 119.171 days, at day 10857.6/46021, date = 22-Sep-2053
 Newton its= 8, linearizations= 9 (3.1sec), linear its= 11 (12.9sec)

Starting time step 16, stepsize 119.171 days, at day 10976.8/46021, date = 19-Jan-2054
 Newton its= 9, linearizations=10 (3.5sec), linear its=  9 (13.6sec)

Starting time step 17, stepsize 105.93 days, at day 11096/46021, date = 18-May-2054
 Newton its= 9, linearizations=10 (3.4sec), linear its=  7 (12.6sec)

Starting time step 18, stepsize 94.1601 days, at day 11201.9/46021, date = 01-Sep-2054
 Newton its= 9, linearizations=10 (3.4sec), linear its= 13 (21.6sec)

Starting time step 19, stepsize 83.6978 days, at day 11296/46021, date = 05-Dec-2054
 Newton its= 8, linearizations= 9 (3.1sec), linear its=  7 (11.0sec)

Starting time step 20, stepsize 83.6978 days, at day 11379.7/46021, date = 26-Feb-2055
 Newton its= 6, linearizations= 7 (2.3sec), linear its=  7 (10.0sec)

Starting time step 21, stepsize 150.656 days, at day 11463.4/46021, date = 21-May-2055
 Newton its=10, linearizations=11 (3.6sec), linear its= 10 (20.9sec)

Starting time step 22, stepsize 120.525 days, at day 11614.1/46021, date = 19-Oct-2055
    Oscillating behavior detected: Relaxation set to 0.900000

Problem: Solver convergence failure - Iteration limit reached
Timestep chopped to 12.05248721978327 days


Starting time step 22, stepsize 12.0525 days, at day 11614.1/46021, date = 19-Oct-2055
 Newton its= 2, linearizations= 3 (1.0sec), linear its=  1 (2.4sec)

Starting time step 23, stepsize 15.0656 days, at day 11626.2/46021, date = 31-Oct-2055
 Newton its= 2, linearizations= 3 (1.0sec), linear its=  1 (2.3sec)

Starting time step 24, stepsize 45.1968 days, at day 11641.2/46021, date = 15-Nov-2055
 Newton its= 4, linearizations= 5 (1.7sec), linear its=  4 (6.0sec)

Starting time step 25, stepsize 117.512 days, at day 11686.4/46021, date = 30-Dec-2055
    Oscillating behavior detected: Relaxation set to 0.900000
    Oscillating behavior detected: Relaxation set to 0.800000
 Newton its=12, linearizations=13 (4.3sec), linear its= 10 (23.4sec)

Starting time step 26, stepsize 78.3412 days, at day 11803.9/46021, date = 25-Apr-2056
 Newton its= 8, linearizations= 9 (3.2sec), linear its=  5 (10.4sec)

Starting time step 27, stepsize 78.3412 days, at day 11882.3/46021, date = 13-Jul-2056
 Newton its= 9, linearizations=10 (3.4sec), linear its=  7 (12.1sec)

Starting time step 28, stepsize 69.6366 days, at day 11960.6/46021, date = 29-Sep-2056
 Newton its= 6, linearizations= 7 (2.4sec), linear its=  7 (9.3sec)

Starting time step 29, stepsize 125.346 days, at day 12030.2/46021, date = 08-Dec-2056
    Oscillating behavior detected: Relaxation set to 0.900000
 Newton its=10, linearizations=11 (3.7sec), linear its= 19 (25.3sec)

Starting time step 30, stepsize 100.277 days, at day 12155.6/46021, date = 12-Apr-2057
 Newton its=10, linearizations=11 (3.5sec), linear its= 14 (15.9sec)

Starting time step 31, stepsize 80.2214 days, at day 12255.9/46021, date = 21-Jul-2057
 Newton its= 6, linearizations= 7 (2.3sec), linear its=  7 (8.7sec)

Starting time step 32, stepsize 144.398 days, at day 12336.1/46021, date = 10-Oct-2057
 Newton its= 9, linearizations=10 (3.3sec), linear its=  8 (19.7sec)

Starting time step 33, stepsize 128.354 days, at day 12480.5/46021, date = 03-Mar-2058
 Newton its= 9, linearizations=10 (3.3sec), linear its= 10 (13.9sec)

Starting time step 34, stepsize 114.093 days, at day 12608.8/46021, date = 09-Jul-2058
    Oscillating behavior detected: Relaxation set to 0.900000
 Newton its= 8, linearizations= 9 (3.0sec), linear its=  5 (10.8sec)

Starting time step 35, stepsize 114.093 days, at day 12722.9/46021, date = 31-Oct-2058
 Newton its= 8, linearizations= 9 (3.0sec), linear its=  7 (11.4sec)

Starting time step 36, stepsize 114.093 days, at day 12837/46021, date = 23-Feb-2059
    Oscillating behavior detected: Relaxation set to 0.900000
 Newton its= 9, linearizations=10 (3.4sec), linear its=  9 (18.6sec)

Starting time step 37, stepsize 101.416 days, at day 12951.1/46021, date = 17-Jun-2059
 Newton its= 7, linearizations= 8 (2.8sec), linear its=  6 (9.8sec)

Starting time step 38, stepsize 141.982 days, at day 13052.5/46021, date = 26-Sep-2059
 Newton its= 8, linearizations= 9 (3.3sec), linear its= 10 (12.9sec)

Starting time step 39, stepsize 141.982 days, at day 13194.5/46021, date = 15-Feb-2060
 Newton its= 9, linearizations=10 (3.5sec), linear its=  5 (17.8sec)

Starting time step 40, stepsize 126.206 days, at day 13336.5/46021, date = 06-Jul-2060
 Newton its= 9, linearizations=10 (4.1sec), linear its=  2 (11.7sec)

Starting time step 41, stepsize 112.183 days, at day 13462.7/46021, date = 09-Nov-2060
    Oscillating behavior detected: Relaxation set to 0.900000
 Newton its=10, linearizations=11 (4.0sec), linear its= 15 (17.6sec)

Starting time step 42, stepsize 89.7466 days, at day 13574.9/46021, date = 01-Mar-2061
    Oscillating behavior detected: Relaxation set to 0.900000
    Oscillating behavior detected: Relaxation set to 0.800000
 Newton its=10, linearizations=11 (3.9sec), linear its= 18 (24.8sec)

Starting time step 43, stepsize 71.7973 days, at day 13664.6/46021, date = 30-May-2061

Problem: Solver convergence failure - Iteration limit reached
Timestep chopped to 7.17972641128314 days


Starting time step 43, stepsize 7.17973 days, at day 13664.6/46021, date = 30-May-2061
 Newton its= 2, linearizations= 3 (1.1sec), linear its=  1 (2.2sec)

Starting time step 44, stepsize 8.97466 days, at day 13671.8/46021, date = 06-Jun-2061
 Newton its= 3, linearizations= 4 (1.4sec), linear its=  3 (4.2sec)

Starting time step 45, stepsize 26.924 days, at day 13680.8/46021, date = 15-Jun-2061
 Newton its= 4, linearizations= 5 (1.6sec), linear its=  1 (4.6sec)

Starting time step 46, stepsize 70.0023 days, at day 13707.7/46021, date = 12-Jul-2061
    Oscillating behavior detected: Relaxation set to 0.900000
 Newton its= 7, linearizations= 8 (2.8sec), linear its=  3 (8.4sec)

Starting time step 47, stepsize 98.0033 days, at day 13777.7/46021, date = 20-Sep-2061
 Newton its= 6, linearizations= 7 (2.3sec), linear its=  6 (14.1sec)

Starting time step 48, stepsize 176.406 days, at day 13875.7/46021, date = 27-Dec-2061
 Newton its=10, linearizations=11 (3.8sec), linear its= 12 (14.7sec)

Starting time step 49, stepsize 141.125 days, at day 14052.1/46021, date = 22-Jun-2062
 Newton its= 9, linearizations=10 (3.3sec), linear its=  8 (12.7sec)

Starting time step 50, stepsize 125.444 days, at day 14193.2/46021, date = 10-Nov-2062
 Newton its= 9, linearizations=10 (3.6sec), linear its=  9 (18.3sec)

Starting time step 51, stepsize 111.506 days, at day 14318.7/46021, date = 15-Mar-2063
 Newton its= 7, linearizations= 8 (2.7sec), linear its=  3 (7.8sec)

Starting time step 52, stepsize 156.108 days, at day 14430.2/46021, date = 05-Jul-2063
    Oscillating behavior detected: Relaxation set to 0.900000
 Newton its= 9, linearizations=10 (3.4sec), linear its=  8 (12.6sec)

Starting time step 53, stepsize 138.763 days, at day 14586.3/46021, date = 08-Dec-2063
 Newton its= 9, linearizations=10 (3.3sec), linear its= 14 (14.9sec)

Starting time step 54, stepsize 123.345 days, at day 14725.1/46021, date = 25-Apr-2064
    Oscillating behavior detected: Relaxation set to 0.900000
 Newton its= 8, linearizations= 9 (2.8sec), linear its=  5 (16.4sec)

Starting time step 55, stepsize 123.345 days, at day 14848.4/46021, date = 26-Aug-2064
 Newton its=10, linearizations=11 (3.8sec), linear its=  4 (11.3sec)

Starting time step 56, stepsize 98.6759 days, at day 14971.8/46021, date = 27-Dec-2064
 Newton its= 6, linearizations= 7 (2.3sec), linear its=  4 (7.5sec)

Starting time step 57, stepsize 177.617 days, at day 15070.4/46021, date = 05-Apr-2065
 Newton its=12, linearizations=13 (4.5sec), linear its= 11 (22.9sec)

Starting time step 58, stepsize 118.411 days, at day 15248.1/46021, date = 30-Sep-2065
 Newton its=11, linearizations=12 (3.7sec), linear its=  3 (12.4sec)

Starting time step 59, stepsize 86.1171 days, at day 15366.5/46021, date = 26-Jan-2066
 Newton its= 9, linearizations=10 (3.3sec), linear its=  3 (10.6sec)

Starting time step 60, stepsize 76.5486 days, at day 15452.6/46021, date = 22-Apr-2066
 Newton its= 7, linearizations= 8 (2.6sec), linear its=  4 (15.0sec)

Starting time step 61, stepsize 107.168 days, at day 15529.1/46021, date = 08-Jul-2066
 Newton its= 9, linearizations=10 (3.4sec), linear its=  6 (11.4sec)

Starting time step 62, stepsize 95.2604 days, at day 15636.3/46021, date = 23-Oct-2066
    Oscillating behavior detected: Relaxation set to 0.900000
 Newton its= 8, linearizations= 9 (2.9sec), linear its=  8 (11.8sec)

Starting time step 63, stepsize 95.2604 days, at day 15731.6/46021, date = 26-Jan-2067
 Newton its= 6, linearizations= 7 (2.4sec), linear its=  8 (9.8sec)

Starting time step 64, stepsize 171.469 days, at day 15826.8/46021, date = 01-May-2067
 Newton its=10, linearizations=11 (3.6sec), linear its=  7 (19.1sec)

Starting time step 65, stepsize 137.175 days, at day 15998.3/46021, date = 20-Oct-2067
 Newton its= 7, linearizations= 8 (2.5sec), linear its=  4 (8.6sec)

Starting time step 66, stepsize 192.045 days, at day 16135.5/46021, date = 05-Mar-2068
    Oscillating behavior detected: Relaxation set to 0.900000
 Newton its=11, linearizations=12 (3.8sec), linear its=  4 (12.9sec)

Starting time step 67, stepsize 139.669 days, at day 16327.5/46021, date = 13-Sep-2068
 Newton its= 8, linearizations= 9 (2.8sec), linear its= 10 (19.4sec)

Starting time step 68, stepsize 139.669 days, at day 16467.2/46021, date = 31-Jan-2069
 Newton its= 8, linearizations= 9 (3.0sec), linear its=  8 (11.8sec)

Starting time step 69, stepsize 139.669 days, at day 16606.8/46021, date = 19-Jun-2069
 Newton its= 9, linearizations=10 (3.3sec), linear its= 12 (15.1sec)

Starting time step 70, stepsize 124.15 days, at day 16746.5/46021, date = 06-Nov-2069
 Newton its= 7, linearizations= 8 (2.6sec), linear its=  4 (8.9sec)

Starting time step 71, stepsize 173.81 days, at day 16870.7/46021, date = 10-Mar-2070
    Oscillating behavior detected: Relaxation set to 0.900000

Problem: Solver convergence failure - Iteration limit reached
Timestep chopped to 17.3810437727179 days


Starting time step 71, stepsize 17.381 days, at day 16870.7/46021, date = 10-Mar-2070
 Newton its= 3, linearizations= 4 (1.3sec), linear its=  1 (3.5sec)

Starting time step 72, stepsize 21.7263 days, at day 16888/46021, date = 28-Mar-2070
    Oscillating behavior detected: Relaxation set to 0.900000
 Newton its= 6, linearizations= 7 (2.2sec), linear its=  6 (8.5sec)

Starting time step 73, stepsize 39.1073 days, at day 16909.8/46021, date = 18-Apr-2070
 Newton its= 3, linearizations= 4 (1.4sec), linear its=  4 (4.7sec)

Starting time step 74, stepsize 117.322 days, at day 16948.9/46021, date = 27-May-2070
 Newton its= 8, linearizations= 9 (3.2sec), linear its=  1 (8.9sec)

Starting time step 75, stepsize 117.322 days, at day 17066.2/46021, date = 22-Sep-2070
    Oscillating behavior detected: Relaxation set to 0.900000
    Oscillating behavior detected: Relaxation set to 0.800000

Problem: Solver convergence failure - Iteration limit reached
Timestep chopped to 11.732204546584581 days


Starting time step 75, stepsize 11.7322 days, at day 17066.2/46021, date = 22-Sep-2070
 Newton its= 2, linearizations= 3 (0.9sec), linear its=  2 (2.7sec)

Starting time step 76, stepsize 14.6653 days, at day 17077.9/46021, date = 03-Oct-2070
 Newton its= 2, linearizations= 3 (1.0sec), linear its=  1 (2.4sec)

Starting time step 77, stepsize 43.9958 days, at day 17092.6/46021, date = 18-Oct-2070
 Newton its= 3, linearizations= 4 (1.4sec), linear its=  1 (3.5sec)

Starting time step 78, stepsize 131.987 days, at day 17136.6/46021, date = 01-Dec-2070
    Oscillating behavior detected: Relaxation set to 0.900000
 Newton its=10, linearizations=11 (3.6sec), linear its= 14 (15.7sec)

Starting time step 79, stepsize 105.59 days, at day 17268.6/46021, date = 12-Apr-2071
 Newton its= 9, linearizations=10 (3.2sec), linear its=  3 (16.3sec)

Starting time step 80, stepsize 93.8576 days, at day 17374.2/46021, date = 27-Jul-2071
 Newton its= 8, linearizations= 9 (2.9sec), linear its=  4 (9.5sec)

Starting time step 81, stepsize 93.8576 days, at day 17468/46021, date = 29-Oct-2071
 Newton its= 8, linearizations= 9 (3.0sec), linear its=  9 (11.5sec)

Starting time step 82, stepsize 93.8576 days, at day 17561.9/46021, date = 30-Jan-2072
 Newton its= 7, linearizations= 8 (2.7sec), linear its=  6 (8.9sec)

Starting time step 83, stepsize 131.401 days, at day 17655.7/46021, date = 03-May-2072
 Newton its= 9, linearizations=10 (3.1sec), linear its=  6 (17.0sec)

Starting time step 84, stepsize 116.801 days, at day 17787.1/46021, date = 12-Sep-2072
 Newton its= 8, linearizations= 9 (3.0sec), linear its= 11 (12.0sec)

Starting time step 85, stepsize 116.801 days, at day 17903.9/46021, date = 06-Jan-2073
    Oscillating behavior detected: Relaxation set to 0.900000
    Oscillating behavior detected: Relaxation set to 0.800000
 Newton its= 9, linearizations=10 (3.2sec), linear its=  5 (10.2sec)

Starting time step 86, stepsize 103.823 days, at day 18020.7/46021, date = 03-May-2073
 Newton its=11, linearizations=12 (3.8sec), linear its=  4 (17.5sec)

Starting time step 87, stepsize 75.5075 days, at day 18124.6/46021, date = 15-Aug-2073
 Newton its= 6, linearizations= 7 (2.3sec), linear its=  3 (6.8sec)

Starting time step 88, stepsize 135.913 days, at day 18200.1/46021, date = 30-Oct-2073
 Newton its=10, linearizations=11 (3.5sec), linear its=  6 (11.5sec)

Starting time step 89, stepsize 108.731 days, at day 18336/46021, date = 14-Mar-2074
 Newton its= 6, linearizations= 7 (2.6sec), linear its=  4 (8.4sec)

Starting time step 90, stepsize 195.715 days, at day 18444.7/46021, date = 01-Jul-2074
    Oscillating behavior detected: Relaxation set to 0.900000
    Oscillating behavior detected: Relaxation set to 0.800000
 Newton its=12, linearizations=13 (4.4sec), linear its= 21 (25.7sec)

Starting time step 91, stepsize 130.477 days, at day 18640.4/46021, date = 13-Jan-2075
 Newton its= 9, linearizations=10 (3.3sec), linear its=  2 (10.2sec)

Starting time step 92, stepsize 115.979 days, at day 18770.9/46021, date = 23-May-2075
 Newton its= 6, linearizations= 7 (2.2sec), linear its=  3 (6.7sec)

Starting time step 93, stepsize 208.763 days, at day 18886.9/46021, date = 16-Sep-2075
 Newton its=10, linearizations=11 (3.6sec), linear its= 11 (20.9sec)

Starting time step 94, stepsize 167.01 days, at day 19095.7/46021, date = 12-Apr-2076
    Oscillating behavior detected: Relaxation set to 0.900000
 Newton its= 9, linearizations=10 (3.3sec), linear its=  7 (11.7sec)

Starting time step 95, stepsize 148.454 days, at day 19262.7/46021, date = 26-Sep-2076
 Newton its= 8, linearizations= 9 (3.1sec), linear its= 11 (11.8sec)

Starting time step 96, stepsize 148.454 days, at day 19411.1/46021, date = 22-Feb-2077
    Oscillating behavior detected: Relaxation set to 0.900000
 Newton its=10, linearizations=11 (3.9sec), linear its=  3 (17.6sec)

Starting time step 97, stepsize 118.763 days, at day 19559.6/46021, date = 20-Jul-2077
 Newton its= 6, linearizations= 7 (2.2sec), linear its=  5 (8.0sec)

Starting time step 98, stepsize 213.773 days, at day 19678.3/46021, date = 16-Nov-2077
    Oscillating behavior detected: Relaxation set to 0.900000
 Newton its=10, linearizations=11 (3.9sec), linear its=  9 (14.0sec)

Starting time step 99, stepsize 171.019 days, at day 19892.1/46021, date = 18-Jun-2078
 Newton its= 7, linearizations= 8 (2.7sec), linear its=  7 (10.1sec)

Starting time step 100, stepsize 239.426 days, at day 20063.1/46021, date = 06-Dec-2078
 Newton its=10, linearizations=11 (3.7sec), linear its=  7 (18.4sec)

Starting time step 101, stepsize 191.541 days, at day 20302.6/46021, date = 02-Aug-2079
 Newton its=10, linearizations=11 (3.8sec), linear its= 13 (15.5sec)

Starting time step 102, stepsize 153.233 days, at day 20494.1/46021, date = 10-Feb-2080
 Newton its= 9, linearizations=10 (3.5sec), linear its= 12 (14.1sec)

Starting time step 103, stepsize 136.207 days, at day 20647.3/46021, date = 12-Jul-2080
 Newton its=10, linearizations=11 (3.7sec), linear its= 14 (23.2sec)

Starting time step 104, stepsize 108.966 days, at day 20783.5/46021, date = 25-Nov-2080
 Newton its= 9, linearizations=10 (3.3sec), linear its=  5 (11.1sec)

Starting time step 105, stepsize 96.8582 days, at day 20892.5/46021, date = 14-Mar-2081
 Newton its= 6, linearizations= 7 (2.3sec), linear its=  6 (8.8sec)

Starting time step 106, stepsize 174.345 days, at day 20989.4/46021, date = 19-Jun-2081
 Newton its=11, linearizations=12 (3.9sec), linear its=  5 (20.2sec)

Starting time step 107, stepsize 126.796 days, at day 21163.7/46021, date = 10-Dec-2081
    Oscillating behavior detected: Relaxation set to 0.900000
 Newton its=10, linearizations=11 (3.8sec), linear its=  6 (13.1sec)

Starting time step 108, stepsize 101.437 days, at day 21290.5/46021, date = 16-Apr-2082
 Newton its= 8, linearizations= 9 (3.1sec), linear its=  3 (9.4sec)

Starting time step 109, stepsize 101.437 days, at day 21391.9/46021, date = 26-Jul-2082
    Oscillating behavior detected: Relaxation set to 0.900000
 Newton its= 9, linearizations=10 (3.5sec), linear its= 16 (17.0sec)

Starting time step 110, stepsize 90.1662 days, at day 21493.4/46021, date = 05-Nov-2082
 Newton its= 6, linearizations= 7 (2.3sec), linear its=  8 (16.2sec)

Starting time step 111, stepsize 162.299 days, at day 21583.5/46021, date = 03-Feb-2083
 Newton its= 8, linearizations= 9 (3.2sec), linear its= 10 (12.9sec)

Starting time step 112, stepsize 162.299 days, at day 21745.8/46021, date = 15-Jul-2083
 Newton its= 9, linearizations=10 (3.6sec), linear its=  5 (11.0sec)

Starting time step 113, stepsize 144.266 days, at day 21908.1/46021, date = 25-Dec-2083
    Oscillating behavior detected: Relaxation set to 0.900000
 Newton its= 9, linearizations=10 (3.4sec), linear its=  7 (12.1sec)

Starting time step 114, stepsize 128.236 days, at day 22052.4/46021, date = 17-May-2084
    Oscillating behavior detected: Relaxation set to 0.900000
 Newton its=10, linearizations=11 (3.5sec), linear its= 15 (23.6sec)

Starting time step 115, stepsize 102.589 days, at day 22180.6/46021, date = 22-Sep-2084
 Newton its= 8, linearizations= 9 (3.0sec), linear its=  6 (11.3sec)

Starting time step 116, stepsize 102.589 days, at day 22283.2/46021, date = 03-Jan-2085
 Newton its= 8, linearizations= 9 (3.1sec), linear its=  9 (12.3sec)

Starting time step 117, stepsize 102.589 days, at day 22385.8/46021, date = 15-Apr-2085
 Newton its= 8, linearizations= 9 (3.1sec), linear its=  6 (17.5sec)

Starting time step 118, stepsize 102.589 days, at day 22488.4/46021, date = 27-Jul-2085
 Newton its= 7, linearizations= 8 (2.6sec), linear its=  9 (11.0sec)

Starting time step 119, stepsize 143.625 days, at day 22591/46021, date = 06-Nov-2085
 Newton its=10, linearizations=11 (3.9sec), linear its=  7 (13.0sec)

Starting time step 120, stepsize 114.9 days, at day 22734.6/46021, date = 30-Mar-2086
 Newton its=10, linearizations=11 (3.8sec), linear its=  2 (17.4sec)

Starting time step 121, stepsize 91.9198 days, at day 22849.5/46021, date = 23-Jul-2086
 Newton its= 6, linearizations= 7 (2.4sec), linear its=  5 (8.4sec)

Starting time step 122, stepsize 165.456 days, at day 22941.4/46021, date = 23-Oct-2086
    Oscillating behavior detected: Relaxation set to 0.900000
    Oscillating behavior detected: Relaxation set to 0.800000
 Newton its=11, linearizations=12 (4.0sec), linear its=  5 (13.1sec)

Starting time step 123, stepsize 120.331 days, at day 23106.9/46021, date = 06-Apr-2087
    Oscillating behavior detected: Relaxation set to 0.900000
 Newton its= 8, linearizations= 9 (3.1sec), linear its=  6 (10.5sec)

Starting time step 124, stepsize 120.331 days, at day 23227.2/46021, date = 05-Aug-2087
 Newton its= 9, linearizations=10 (3.4sec), linear its= 10 (19.4sec)

Starting time step 125, stepsize 106.961 days, at day 23347.6/46021, date = 03-Dec-2087
 Newton its= 8, linearizations= 9 (3.2sec), linear its= 10 (11.9sec)

Starting time step 126, stepsize 106.961 days, at day 23454.5/46021, date = 19-Mar-2088
 Newton its= 8, linearizations= 9 (3.1sec), linear its=  7 (11.0sec)

Starting time step 127, stepsize 106.961 days, at day 23561.5/46021, date = 04-Jul-2088
 Newton its= 7, linearizations= 8 (2.5sec), linear its=  5 (9.1sec)

Starting time step 128, stepsize 149.746 days, at day 23668.4/46021, date = 19-Oct-2088
 Newton its= 6, linearizations= 7 (2.3sec), linear its=  9 (16.7sec)

Starting time step 129, stepsize 269.542 days, at day 23818.2/46021, date = 18-Mar-2089
 Newton its=11, linearizations=12 (4.2sec), linear its= 16 (18.9sec)

Starting time step 130, stepsize 196.031 days, at day 24087.7/46021, date = 12-Dec-2089
 Newton its= 8, linearizations= 9 (3.2sec), linear its=  7 (11.6sec)

Starting time step 131, stepsize 196.031 days, at day 24283.8/46021, date = 26-Jun-2090
    Oscillating behavior detected: Relaxation set to 0.900000
 Newton its=11, linearizations=12 (4.1sec), linear its= 10 (23.0sec)

Starting time step 132, stepsize 142.568 days, at day 24479.8/46021, date = 08-Jan-2091
 Newton its=10, linearizations=11 (3.9sec), linear its=  9 (14.4sec)

Starting time step 133, stepsize 114.054 days, at day 24622.4/46021, date = 31-May-2091
 Newton its= 8, linearizations= 9 (3.1sec), linear its=  5 (10.3sec)

Starting time step 134, stepsize 114.054 days, at day 24736.4/46021, date = 22-Sep-2091
 Newton its= 7, linearizations= 8 (2.7sec), linear its=  4 (11.0sec)

Starting time step 135, stepsize 159.676 days, at day 24850.5/46021, date = 14-Jan-2092
 Newton its= 8, linearizations= 9 (2.9sec), linear its= 11 (19.3sec)

Starting time step 136, stepsize 159.676 days, at day 25010.1/46021, date = 22-Jun-2092
 Newton its=10, linearizations=11 (3.9sec), linear its=  3 (11.6sec)

Starting time step 137, stepsize 127.741 days, at day 25169.8/46021, date = 28-Nov-2092
 Newton its= 8, linearizations= 9 (2.9sec), linear its=  9 (11.8sec)

Starting time step 138, stepsize 127.741 days, at day 25297.6/46021, date = 05-Apr-2093
    Oscillating behavior detected: Relaxation set to 0.900000
 Newton its=10, linearizations=11 (3.8sec), linear its=  4 (19.1sec)

Starting time step 139, stepsize 102.193 days, at day 25425.3/46021, date = 11-Aug-2093
 Newton its= 6, linearizations= 7 (2.4sec), linear its=  7 (8.8sec)

Starting time step 140, stepsize 183.947 days, at day 25527.5/46021, date = 21-Nov-2093
 Newton its= 8, linearizations= 9 (3.2sec), linear its= 11 (12.4sec)

Starting time step 141, stepsize 183.947 days, at day 25711.4/46021, date = 24-May-2094
 Newton its= 9, linearizations=10 (3.5sec), linear its= 10 (13.0sec)

Starting time step 142, stepsize 163.508 days, at day 25895.4/46021, date = 24-Nov-2094
    Oscillating behavior detected: Relaxation set to 0.900000
 Newton its=11, linearizations=12 (4.0sec), linear its=  6 (19.9sec)

Starting time step 143, stepsize 118.915 days, at day 26058.9/46021, date = 06-May-2095
 Newton its= 9, linearizations=10 (3.7sec), linear its=  8 (12.8sec)

Starting time step 144, stepsize 105.702 days, at day 26177.8/46021, date = 02-Sep-2095
 Newton its= 6, linearizations= 7 (2.2sec), linear its=  1 (6.7sec)

Starting time step 145, stepsize 190.264 days, at day 26283.5/46021, date = 17-Dec-2095
    Oscillating behavior detected: Relaxation set to 0.900000
    Oscillating behavior detected: Relaxation set to 0.800000
 Newton its=12, linearizations=13 (4.5sec), linear its=  2 (19.9sec)

Starting time step 146, stepsize 126.843 days, at day 26473.8/46021, date = 24-Jun-2096
    Oscillating behavior detected: Relaxation set to 0.900000
 Newton its= 9, linearizations=10 (3.3sec), linear its=  3 (10.2sec)

Starting time step 147, stepsize 112.749 days, at day 26600.6/46021, date = 29-Oct-2096
 Newton its= 8, linearizations= 9 (3.2sec), linear its=  8 (12.0sec)

Starting time step 148, stepsize 112.749 days, at day 26713.4/46021, date = 19-Feb-2097
 Newton its= 9, linearizations=10 (3.4sec), linear its= 15 (22.6sec)

Starting time step 149, stepsize 100.221 days, at day 26826.1/46021, date = 12-Jun-2097
 Newton its= 8, linearizations= 9 (2.9sec), linear its=  3 (9.3sec)

Starting time step 150, stepsize 100.221 days, at day 26926.3/46021, date = 20-Sep-2097
 Newton its= 6, linearizations= 7 (2.5sec), linear its=  5 (8.7sec)

Starting time step 151, stepsize 180.399 days, at day 27026.6/46021, date = 29-Dec-2097
 Newton its= 9, linearizations=10 (3.6sec), linear its=  8 (12.1sec)

Starting time step 152, stepsize 160.354 days, at day 27207/46021, date = 27-Jun-2098
 Newton its=10, linearizations=11 (3.8sec), linear its=  4 (18.0sec)

Starting time step 153, stepsize 128.283 days, at day 27367.3/46021, date = 05-Dec-2098
 Newton its= 7, linearizations= 8 (2.6sec), linear its=  1 (7.8sec)

Starting time step 154, stepsize 179.597 days, at day 27495.6/46021, date = 12-Apr-2099

Problem: Solver convergence failure - Iteration limit reached
Timestep chopped to 17.95968207252145 days


Starting time step 154, stepsize 17.9597 days, at day 27495.6/46021, date = 12-Apr-2099
 Newton its= 2, linearizations= 3 (0.9sec), linear its=  1 (2.4sec)

Starting time step 155, stepsize 22.4496 days, at day 27513.6/46021, date = 30-Apr-2099
 Newton its= 2, linearizations= 3 (1.1sec), linear its=  1 (2.3sec)

Starting time step 156, stepsize 67.3488 days, at day 27536/46021, date = 23-May-2099
 Newton its=10, linearizations=11 (3.7sec), linear its=  3 (18.0sec)

Starting time step 157, stepsize 53.879 days, at day 27603.4/46021, date = 29-Jul-2099
 Newton its= 6, linearizations= 7 (2.2sec), linear its=  3 (7.8sec)

Starting time step 158, stepsize 96.9823 days, at day 27657.2/46021, date = 21-Sep-2099
 Newton its= 9, linearizations=10 (3.4sec), linear its=  1 (10.5sec)

Starting time step 159, stepsize 86.2065 days, at day 27754.2/46021, date = 27-Dec-2099
    Oscillating behavior detected: Relaxation set to 0.900000
    Oscillating behavior detected: Relaxation set to 0.800000
 Newton its=11, linearizations=12 (3.9sec), linear its=  6 (19.7sec)

Starting time step 160, stepsize 62.6956 days, at day 27840.4/46021, date = 23-Mar-2100
 Newton its= 4, linearizations= 5 (1.7sec), linear its=  2 (4.9sec)

Starting time step 161, stepsize 163.009 days, at day 27903.1/46021, date = 25-May-2100
 Newton its=10, linearizations=11 (3.6sec), linear its=  7 (13.7sec)

Starting time step 162, stepsize 130.407 days, at day 28066.1/46021, date = 04-Nov-2100
    Oscillating behavior detected: Relaxation set to 0.900000
 Newton its=12, linearizations=13 (4.2sec), linear its= 16 (25.3sec)

Starting time step 163, stepsize 86.9379 days, at day 28196.5/46021, date = 14-Mar-2101
 Newton its= 6, linearizations= 7 (2.3sec), linear its=  3 (7.7sec)

Starting time step 164, stepsize 156.488 days, at day 28283.5/46021, date = 09-Jun-2101
    Oscillating behavior detected: Relaxation set to 0.900000
 Newton its=11, linearizations=12 (3.8sec), linear its=  5 (14.0sec)

Starting time step 165, stepsize 113.81 days, at day 28440/46021, date = 12-Nov-2101
 Newton its= 8, linearizations= 9 (2.9sec), linear its=  9 (12.5sec)

Starting time step 166, stepsize 113.81 days, at day 28553.8/46021, date = 06-Mar-2102
 Newton its= 5, linearizations= 6 (1.9sec), linear its=  5 (13.8sec)

Starting time step 167, stepsize 250.381 days, at day 28667.6/46021, date = 28-Jun-2102
 Newton its=11, linearizations=12 (4.1sec), linear its= 11 (16.4sec)

Starting time step 168, stepsize 182.095 days, at day 28918/46021, date = 05-Mar-2103
 Newton its= 7, linearizations= 8 (2.5sec), linear its=  6 (9.6sec)

Starting time step 169, stepsize 254.934 days, at day 29100.1/46021, date = 04-Sep-2103
 Newton its=12, linearizations=13 (4.1sec), linear its=  8 (21.2sec)

Starting time step 170, stepsize 169.956 days, at day 29355/46021, date = 15-May-2104
 Newton its= 9, linearizations=10 (3.5sec), linear its=  9 (13.2sec)

Starting time step 171, stepsize 151.072 days, at day 29524.9/46021, date = 01-Nov-2104
    Oscillating behavior detected: Relaxation set to 0.900000
    Oscillating behavior detected: Relaxation set to 0.800000
 Newton its=10, linearizations=11 (3.5sec), linear its=  3 (10.8sec)

Starting time step 172, stepsize 120.857 days, at day 29676/46021, date = 02-Apr-2105
 Newton its=11, linearizations=12 (3.8sec), linear its=  5 (18.4sec)

Starting time step 173, stepsize 87.8963 days, at day 29796.9/46021, date = 31-Jul-2105
    Oscillating behavior detected: Relaxation set to 0.900000
 Newton its= 4, linearizations= 5 (1.6sec), linear its=  6 (5.6sec)

Starting time step 174, stepsize 228.53 days, at day 29884.8/46021, date = 27-Oct-2105
 Newton its= 9, linearizations=10 (3.4sec), linear its=  8 (11.6sec)

Starting time step 175, stepsize 203.138 days, at day 30113.3/46021, date = 13-Jun-2106
    Oscillating behavior detected: Relaxation set to 0.900000
 Newton its=12, linearizations=13 (4.2sec), linear its= 11 (15.8sec)

Starting time step 176, stepsize 135.425 days, at day 30316.4/46021, date = 02-Jan-2107

Problem: Solver convergence failure - Iteration limit reached
Timestep chopped to 13.542540983926008 days


Starting time step 176, stepsize 13.5425 days, at day 30316.4/46021, date = 02-Jan-2107
 Newton its= 4, linearizations= 5 (1.7sec), linear its=  1 (4.3sec)

Starting time step 177, stepsize 16.9282 days, at day 30330/46021, date = 15-Jan-2107
 Newton its= 2, linearizations= 3 (1.0sec), linear its=  1 (2.3sec)

Starting time step 178, stepsize 50.7845 days, at day 30346.9/46021, date = 01-Feb-2107
 Newton its= 6, linearizations= 7 (2.3sec), linear its=  8 (9.4sec)

Starting time step 179, stepsize 91.4122 days, at day 30397.7/46021, date = 24-Mar-2107
    Oscillating behavior detected: Relaxation set to 0.900000
 Newton its= 9, linearizations=10 (3.3sec), linear its=  3 (10.6sec)

Starting time step 180, stepsize 81.2552 days, at day 30489.1/46021, date = 24-Jun-2107
    Oscillating behavior detected: Relaxation set to 0.900000
 Newton its=10, linearizations=11 (3.7sec), linear its=  1 (16.3sec)

Starting time step 181, stepsize 65.0042 days, at day 30570.4/46021, date = 13-Sep-2107
 Newton its=10, linearizations=11 (3.8sec), linear its=  3 (12.0sec)

Starting time step 182, stepsize 52.0034 days, at day 30635.4/46021, date = 17-Nov-2107
 Newton its= 4, linearizations= 5 (1.9sec), linear its=  5 (5.7sec)

Starting time step 183, stepsize 135.209 days, at day 30687.4/46021, date = 08-Jan-2108
 Newton its= 9, linearizations=10 (3.5sec), linear its=  8 (18.4sec)

Starting time step 184, stepsize 120.186 days, at day 30822.6/46021, date = 22-May-2108
 Newton its= 6, linearizations= 7 (2.4sec), linear its= 11 (10.7sec)

Starting time step 185, stepsize 216.334 days, at day 30942.8/46021, date = 19-Sep-2108
    Oscillating behavior detected: Relaxation set to 0.900000

Problem: Solver convergence failure - Iteration limit reached
Timestep chopped to 21.633396669362767 days


Starting time step 185, stepsize 21.6334 days, at day 30942.8/46021, date = 19-Sep-2108
 Newton its= 3, linearizations= 4 (1.5sec), linear its=  1 (3.3sec)

Starting time step 186, stepsize 27.0417 days, at day 30964.4/46021, date = 11-Oct-2108
 Newton its= 3, linearizations= 4 (1.3sec), linear its=  1 (3.5sec)

Starting time step 187, stepsize 81.1252 days, at day 30991.4/46021, date = 07-Nov-2108
 Newton its= 5, linearizations= 6 (2.0sec), linear its=  1 (11.0sec)

Starting time step 188, stepsize 178.476 days, at day 31072.6/46021, date = 27-Jan-2109
 Newton its= 8, linearizations= 9 (3.2sec), linear its=  2 (8.4sec)

Starting time step 189, stepsize 178.476 days, at day 31251/46021, date = 25-Jul-2109
 Newton its=10, linearizations=11 (4.0sec), linear its=  4 (11.3sec)

Starting time step 190, stepsize 142.78 days, at day 31429.5/46021, date = 19-Jan-2110
 Newton its= 8, linearizations= 9 (3.1sec), linear its=  7 (11.5sec)

Starting time step 191, stepsize 142.78 days, at day 31572.3/46021, date = 11-Jun-2110
 Newton its=10, linearizations=11 (3.9sec), linear its=  5 (18.5sec)

Starting time step 192, stepsize 114.224 days, at day 31715.1/46021, date = 01-Nov-2110
 Newton its= 6, linearizations= 7 (2.4sec), linear its= 10 (10.7sec)

Starting time step 193, stepsize 205.604 days, at day 31829.3/46021, date = 23-Feb-2111
    Oscillating behavior detected: Relaxation set to 0.900000
    Oscillating behavior detected: Relaxation set to 0.800000
    Oscillating behavior detected: Relaxation set to 0.700000
    Oscillating behavior detected: Relaxation set to 0.600000

Problem: Solver convergence failure - Iteration limit reached
Timestep chopped to 20.560380194562377 days


Starting time step 193, stepsize 20.5604 days, at day 31829.3/46021, date = 23-Feb-2111
 Newton its= 2, linearizations= 3 (1.1sec), linear its=  2 (2.6sec)

Starting time step 194, stepsize 25.7005 days, at day 31849.9/46021, date = 15-Mar-2111
 Newton its= 2, linearizations= 3 (1.0sec), linear its=  1 (9.2sec)

Starting time step 195, stepsize 77.1014 days, at day 31875.6/46021, date = 10-Apr-2111
 Newton its=10, linearizations=11 (3.7sec), linear its=  5 (12.9sec)

Starting time step 196, stepsize 61.6811 days, at day 31952.7/46021, date = 26-Jun-2111
 Newton its= 7, linearizations= 8 (2.7sec), linear its=  3 (8.9sec)

Starting time step 197, stepsize 86.3536 days, at day 32014.3/46021, date = 27-Aug-2111
 Newton its= 5, linearizations= 6 (2.0sec), linear its=  8 (9.1sec)

Starting time step 198, stepsize 189.978 days, at day 32100.7/46021, date = 21-Nov-2111
    Oscillating behavior detected: Relaxation set to 0.900000
 Newton its=12, linearizations=13 (4.4sec), linear its=  8 (22.0sec)

Starting time step 199, stepsize 126.652 days, at day 32290.7/46021, date = 29-May-2112
 Newton its= 9, linearizations=10 (3.6sec), linear its=  5 (11.2sec)

Starting time step 200, stepsize 112.58 days, at day 32417.3/46021, date = 03-Oct-2112
 Newton its= 6, linearizations= 7 (2.4sec), linear its=  5 (8.4sec)

Starting time step 201, stepsize 202.643 days, at day 32529.9/46021, date = 23-Jan-2113
 Newton its=10, linearizations=11 (4.0sec), linear its=  8 (20.6sec)

Starting time step 202, stepsize 162.114 days, at day 32732.6/46021, date = 14-Aug-2113
    Oscillating behavior detected: Relaxation set to 0.900000
 Newton its=11, linearizations=12 (4.0sec), linear its=  5 (14.1sec)

Starting time step 203, stepsize 117.901 days, at day 32894.7/46021, date = 23-Jan-2114
 Newton its= 7, linearizations= 8 (3.0sec), linear its=  4 (8.8sec)

Starting time step 204, stepsize 165.062 days, at day 33012.6/46021, date = 21-May-2114
 Newton its=10, linearizations=11 (3.9sec), linear its=  6 (13.2sec)

Starting time step 205, stepsize 132.05 days, at day 33177.6/46021, date = 02-Nov-2114
 Newton its= 9, linearizations=10 (3.5sec), linear its=  6 (18.1sec)

Starting time step 206, stepsize 117.377 days, at day 33309.7/46021, date = 14-Mar-2115
 Newton its= 7, linearizations= 8 (2.7sec), linear its=  7 (10.5sec)

Starting time step 207, stepsize 164.328 days, at day 33427.1/46021, date = 10-Jul-2115
 Newton its= 7, linearizations= 8 (2.8sec), linear its=  4 (8.8sec)

Starting time step 208, stepsize 230.06 days, at day 33591.4/46021, date = 21-Dec-2115
    Oscillating behavior detected: Relaxation set to 0.900000
    Oscillating behavior detected: Relaxation set to 0.800000
 Newton its=12, linearizations=13 (4.5sec), linear its=  8 (22.0sec)

Starting time step 209, stepsize 153.373 days, at day 33821.4/46021, date = 07-Aug-2116
 Newton its= 8, linearizations= 9 (2.9sec), linear its=  7 (11.1sec)

Starting time step 210, stepsize 153.373 days, at day 33974.8/46021, date = 07-Jan-2117
 Newton its= 7, linearizations= 8 (2.6sec), linear its= 10 (11.9sec)

Starting time step 211, stepsize 214.722 days, at day 34128.2/46021, date = 10-Jun-2117
 Newton its= 9, linearizations=10 (3.5sec), linear its= 10 (13.4sec)

Starting time step 212, stepsize 190.864 days, at day 34342.9/46021, date = 10-Jan-2118
    Oscillating behavior detected: Relaxation set to 0.900000
 Newton its=10, linearizations=11 (3.7sec), linear its= 12 (21.9sec)

Starting time step 213, stepsize 152.692 days, at day 34533.8/46021, date = 20-Jul-2118
 Newton its=10, linearizations=11 (3.6sec), linear its= 13 (16.7sec)

Starting time step 214, stepsize 122.153 days, at day 34686.5/46021, date = 20-Dec-2118
 Newton its= 7, linearizations= 8 (2.8sec), linear its=  9 (11.2sec)

Starting time step 215, stepsize 171.015 days, at day 34808.6/46021, date = 21-Apr-2119
 Newton its= 9, linearizations=10 (3.4sec), linear its= 10 (19.9sec)

Starting time step 216, stepsize 152.013 days, at day 34979.6/46021, date = 09-Oct-2119
    Oscillating behavior detected: Relaxation set to 0.900000
 Newton its= 9, linearizations=10 (3.3sec), linear its=  5 (11.5sec)

Starting time step 217, stepsize 135.123 days, at day 35131.7/46021, date = 09-Mar-2120
 Newton its= 7, linearizations= 8 (2.9sec), linear its=  7 (10.4sec)

Starting time step 218, stepsize 189.172 days, at day 35266.8/46021, date = 22-Jul-2120
 Newton its=10, linearizations=11 (3.8sec), linear its= 12 (17.0sec)

Starting time step 219, stepsize 151.337 days, at day 35455.9/46021, date = 27-Jan-2121
 Newton its=10, linearizations=11 (3.9sec), linear its= 10 (22.6sec)

Starting time step 220, stepsize 121.07 days, at day 35607.3/46021, date = 28-Jun-2121
 Newton its= 9, linearizations=10 (3.5sec), linear its=  7 (11.7sec)

Starting time step 221, stepsize 107.618 days, at day 35728.4/46021, date = 27-Oct-2121
 Newton its= 9, linearizations=10 (3.4sec), linear its=  6 (11.8sec)

Starting time step 222, stepsize 95.6601 days, at day 35836/46021, date = 11-Feb-2122
 Newton its= 5, linearizations= 6 (2.0sec), linear its=  3 (13.3sec)

Starting time step 223, stepsize 210.452 days, at day 35931.6/46021, date = 18-May-2122
 Newton its= 8, linearizations= 9 (3.2sec), linear its= 11 (14.1sec)

Starting time step 224, stepsize 210.452 days, at day 36142.1/46021, date = 15-Dec-2122
 Newton its= 9, linearizations=10 (3.3sec), linear its=  6 (12.4sec)

Starting time step 225, stepsize 187.069 days, at day 36352.5/46021, date = 13-Jul-2123
    Oscillating behavior detected: Relaxation set to 0.900000
 Newton its=10, linearizations=11 (3.7sec), linear its=  6 (13.0sec)

Starting time step 226, stepsize 149.655 days, at day 36539.6/46021, date = 16-Jan-2124
    Oscillating behavior detected: Relaxation set to 0.900000
    Oscillating behavior detected: Relaxation set to 0.800000
 Newton its=10, linearizations=11 (3.6sec), linear its= 10 (21.4sec)

Starting time step 227, stepsize 119.724 days, at day 36689.3/46021, date = 14-Jun-2124
 Newton its= 5, linearizations= 6 (2.2sec), linear its=  8 (9.0sec)

Starting time step 228, stepsize 263.393 days, at day 36809/46021, date = 11-Oct-2124
 Newton its=11, linearizations=12 (4.3sec), linear its= 11 (17.1sec)

Starting time step 229, stepsize 191.558 days, at day 37072.4/46021, date = 02-Jul-2125
    Oscillating behavior detected: Relaxation set to 0.900000
 Newton its= 9, linearizations=10 (3.3sec), linear its=  8 (19.0sec)

Starting time step 230, stepsize 170.274 days, at day 37263.9/46021, date = 09-Jan-2126
 Newton its= 8, linearizations= 9 (3.2sec), linear its=  9 (11.9sec)

Starting time step 231, stepsize 170.274 days, at day 37434.2/46021, date = 29-Jun-2126
 Newton its= 6, linearizations= 7 (2.2sec), linear its=  4 (7.5sec)

Starting time step 232, stepsize 306.493 days, at day 37604.5/46021, date = 16-Dec-2126
 Newton its= 9, linearizations=10 (3.4sec), linear its=  8 (12.7sec)

Starting time step 233, stepsize 272.438 days, at day 37911/46021, date = 18-Oct-2127
 Newton its=11, linearizations=12 (3.8sec), linear its= 15 (23.6sec)

Starting time step 234, stepsize 198.137 days, at day 38183.4/46021, date = 17-Jul-2128
 Newton its= 8, linearizations= 9 (3.3sec), linear its= 17 (15.8sec)

Starting time step 235, stepsize 198.137 days, at day 38381.6/46021, date = 31-Jan-2129
 Newton its=10, linearizations=11 (3.5sec), linear its= 18 (18.7sec)

Starting time step 236, stepsize 158.51 days, at day 38579.7/46021, date = 17-Aug-2129
    Oscillating behavior detected: Relaxation set to 0.900000
    Oscillating behavior detected: Relaxation set to 0.800000
 Newton its= 9, linearizations=10 (3.5sec), linear its= 11 (20.9sec)

Starting time step 237, stepsize 140.897 days, at day 38738.2/46021, date = 23-Jan-2130
 Newton its= 7, linearizations= 8 (2.7sec), linear its=  5 (9.7sec)

Starting time step 238, stepsize 197.256 days, at day 38879.1/46021, date = 13-Jun-2130
    Oscillating behavior detected: Relaxation set to 0.900000

Problem: Solver convergence failure - Iteration limit reached
Timestep chopped to 19.72564702134812 days


Starting time step 238, stepsize 19.7256 days, at day 38879.1/46021, date = 13-Jun-2130
 Newton its= 2, linearizations= 3 (0.9sec), linear its=  1 (2.6sec)

Starting time step 239, stepsize 24.6571 days, at day 38898.8/46021, date = 02-Jul-2130
 Newton its= 2, linearizations= 3 (0.9sec), linear its=  1 (2.3sec)

Starting time step 240, stepsize 73.9712 days, at day 38923.5/46021, date = 27-Jul-2130
    Oscillating behavior detected: Relaxation set to 0.900000
 Newton its= 7, linearizations= 8 (2.8sec), linear its=  5 (15.8sec)

Starting time step 241, stepsize 103.56 days, at day 38997.4/46021, date = 09-Oct-2130
 Newton its= 9, linearizations=10 (3.4sec), linear its=  9 (14.0sec)

Starting time step 242, stepsize 92.053 days, at day 39101/46021, date = 21-Jan-2131
 Newton its= 7, linearizations= 8 (2.7sec), linear its=  9 (11.6sec)

Starting time step 243, stepsize 128.874 days, at day 39193.1/46021, date = 23-Apr-2131
 Newton its= 6, linearizations= 7 (2.2sec), linear its=  9 (10.5sec)

Starting time step 244, stepsize 231.974 days, at day 39321.9/46021, date = 29-Aug-2131
    Oscillating behavior detected: Relaxation set to 0.900000
 Newton its=11, linearizations=12 (4.2sec), linear its=  9 (22.5sec)

Starting time step 245, stepsize 168.708 days, at day 39553.9/46021, date = 17-Apr-2132
 Newton its= 7, linearizations= 8 (2.5sec), linear its= 11 (12.0sec)

Starting time step 246, stepsize 236.191 days, at day 39722.6/46021, date = 03-Oct-2132
 Newton its=10, linearizations=11 (3.6sec), linear its= 16 (17.7sec)

Starting time step 247, stepsize 188.953 days, at day 39958.8/46021, date = 27-May-2133
 Newton its= 9, linearizations=10 (3.2sec), linear its= 13 (20.1sec)

Starting time step 248, stepsize 167.958 days, at day 40147.8/46021, date = 02-Dec-2133
 Newton its= 9, linearizations=10 (3.6sec), linear its= 10 (13.4sec)

Starting time step 249, stepsize 149.296 days, at day 40315.7/46021, date = 19-May-2134
 Newton its= 6, linearizations= 7 (2.4sec), linear its=  2 (7.0sec)

Starting time step 250, stepsize 268.733 days, at day 40465/46021, date = 16-Oct-2134
 Newton its= 8, linearizations= 9 (3.1sec), linear its= 10 (12.1sec)

Starting time step 251, stepsize 268.733 days, at day 40733.7/46021, date = 11-Jul-2135
 Newton its=10, linearizations=11 (3.7sec), linear its= 10 (20.9sec)

Starting time step 252, stepsize 214.987 days, at day 41002.5/46021, date = 05-Apr-2136
 Newton its= 9, linearizations=10 (3.5sec), linear its= 13 (14.7sec)

Starting time step 253, stepsize 191.099 days, at day 41217.5/46021, date = 06-Nov-2136
 Newton its= 9, linearizations=10 (3.4sec), linear its= 10 (13.8sec)

Starting time step 254, stepsize 169.866 days, at day 41408.6/46021, date = 16-May-2137
    Oscillating behavior detected: Relaxation set to 0.900000
 Newton its=10, linearizations=11 (3.6sec), linear its= 15 (23.6sec)

Starting time step 255, stepsize 135.893 days, at day 41578.4/46021, date = 02-Nov-2137
 Newton its= 9, linearizations=10 (3.2sec), linear its= 14 (15.7sec)

Starting time step 256, stepsize 120.794 days, at day 41714.3/46021, date = 18-Mar-2138
 Newton its= 6, linearizations= 7 (2.3sec), linear its=  7 (9.2sec)

Starting time step 257, stepsize 217.428 days, at day 41835.1/46021, date = 17-Jul-2138
 Newton its= 7, linearizations= 8 (2.6sec), linear its= 16 (13.8sec)

Starting time step 258, stepsize 304.4 days, at day 42052.5/46021, date = 19-Feb-2139
 Newton its=11, linearizations=12 (4.0sec), linear its= 17 (23.9sec)

Starting time step 259, stepsize 221.382 days, at day 42356.9/46021, date = 20-Dec-2139
 Newton its=10, linearizations=11 (3.5sec), linear its= 12 (14.3sec)

Starting time step 260, stepsize 177.105 days, at day 42578.3/46021, date = 29-Jul-2140
 Newton its= 8, linearizations= 9 (2.8sec), linear its= 11 (12.6sec)

Starting time step 261, stepsize 177.105 days, at day 42755.4/46021, date = 22-Jan-2141
 Newton its= 6, linearizations= 7 (2.3sec), linear its=  9 (15.0sec)

Starting time step 262, stepsize 318.79 days, at day 42932.5/46021, date = 18-Jul-2141
    Oscillating behavior detected: Relaxation set to 0.900000
 Newton its=12, linearizations=13 (4.1sec), linear its=  7 (13.9sec)

Starting time step 263, stepsize 212.526 days, at day 43251.3/46021, date = 02-Jun-2142
    Oscillating behavior detected: Relaxation set to 0.900000
 Newton its=10, linearizations=11 (3.6sec), linear its=  7 (12.2sec)

Starting time step 264, stepsize 170.021 days, at day 43463.9/46021, date = 31-Dec-2142
 Newton its= 8, linearizations= 9 (3.0sec), linear its= 10 (17.5sec)

Starting time step 265, stepsize 170.021 days, at day 43633.9/46021, date = 19-Jun-2143
    Oscillating behavior detected: Relaxation set to 0.900000

Problem: Solver convergence failure - Iteration limit reached
Timestep chopped to 17.002110450826102 days


Starting time step 265, stepsize 17.0021 days, at day 43633.9/46021, date = 19-Jun-2143
 Newton its= 2, linearizations= 3 (1.1sec), linear its=  2 (2.5sec)

Starting time step 266, stepsize 21.2526 days, at day 43650.9/46021, date = 06-Jul-2143
 Newton its= 3, linearizations= 4 (1.5sec), linear its=  5 (4.3sec)

Starting time step 267, stepsize 63.7579 days, at day 43672.1/46021, date = 28-Jul-2143
 Newton its= 3, linearizations= 4 (1.3sec), linear its=  1 (3.5sec)

Starting time step 268, stepsize 191.274 days, at day 43735.9/46021, date = 29-Sep-2143
 Newton its= 9, linearizations=10 (3.2sec), linear its=  7 (17.8sec)

Starting time step 269, stepsize 170.021 days, at day 43927.2/46021, date = 08-Apr-2144
 Newton its= 8, linearizations= 9 (3.3sec), linear its= 15 (14.3sec)

Starting time step 270, stepsize 170.021 days, at day 44097.2/46021, date = 25-Sep-2144
 Newton its= 8, linearizations= 9 (3.4sec), linear its=  7 (10.9sec)

Starting time step 271, stepsize 170.021 days, at day 44267.2/46021, date = 14-Mar-2145
 Newton its= 8, linearizations= 9 (3.3sec), linear its= 11 (12.7sec)

Starting time step 272, stepsize 170.021 days, at day 44437.2/46021, date = 31-Aug-2145
    Oscillating behavior detected: Relaxation set to 0.900000
 Newton its=10, linearizations=11 (4.0sec), linear its= 12 (21.7sec)

Starting time step 273, stepsize 136.017 days, at day 44607.2/46021, date = 17-Feb-2146
 Newton its= 6, linearizations= 7 (2.4sec), linear its=  6 (8.3sec)

Starting time step 274, stepsize 244.83 days, at day 44743.3/46021, date = 03-Jul-2146
 Newton its=11, linearizations=12 (4.5sec), linear its= 10 (15.1sec)

Starting time step 275, stepsize 178.058 days, at day 44988.1/46021, date = 05-Mar-2147
 Newton its= 6, linearizations= 7 (2.4sec), linear its=  4 (13.7sec)

Starting time step 276, stepsize 320.505 days, at day 45166.2/46021, date = 30-Aug-2147
    Oscillating behavior detected: Relaxation set to 0.900000

Problem: Solver convergence failure - Iteration limit reached
Timestep chopped to 32.05052384621183 days


Starting time step 276, stepsize 32.0505 days, at day 45166.2/46021, date = 30-Aug-2147
 Newton its= 3, linearizations= 4 (1.4sec), linear its=  3 (3.5sec)

Starting time step 277, stepsize 40.0632 days, at day 45198.2/46021, date = 01-Oct-2147
 Newton its= 3, linearizations= 4 (1.4sec), linear its=  2 (3.6sec)

Starting time step 278, stepsize 120.189 days, at day 45238.3/46021, date = 10-Nov-2147
 Newton its= 5, linearizations= 6 (2.1sec), linear its=  6 (7.4sec)

Starting time step 279, stepsize 264.417 days, at day 45358.5/46021, date = 09-Mar-2148
 Newton its= 9, linearizations=10 (3.3sec), linear its=  9 (20.0sec)

Starting time step 280, stepsize 235.037 days, at day 45622.9/46021, date = 28-Nov-2148
    Oscillating behavior detected: Relaxation set to 0.900000
 Newton its=10, linearizations=11 (3.7sec), linear its= 19 (18.3sec)

Starting time step 281, stepsize 163.088 days, at day 45857.9/46021, date = 21-Jul-2149
    Oscillating behavior detected: Relaxation set to 0.900000
 Newton its= 9, linearizations=10 (3.3sec), linear its=  3 (10.5sec)


Report step 64/68 at day 46021/192118, date = 01-Jan-2150

Starting time step 0, stepsize 144.967 days, at day 46021/82545, date = 01-Jan-2150
Restart file written for report step 64/68, date = 01-Jan-2150 00:00:00
    Oscillating behavior detected: Relaxation set to 0.900000
 Newton its=10, linearizations=11 (3.9sec), linear its= 13 (23.2sec)

Starting time step 1, stepsize 115.974 days, at day 46166/82545, date = 25-May-2150
 Newton its= 5, linearizations= 6 (2.0sec), linear its=  3 (6.9sec)

Starting time step 2, stepsize 255.143 days, at day 46281.9/82545, date = 18-Sep-2150
 Newton its= 8, linearizations= 9 (3.3sec), linear its=  8 (11.5sec)

Starting time step 3, stepsize 255.143 days, at day 46537.1/82545, date = 01-Jun-2151
 Newton its= 9, linearizations=10 (3.6sec), linear its= 14 (16.6sec)

Starting time step 4, stepsize 226.793 days, at day 46792.2/82545, date = 11-Feb-2152
    Oscillating behavior detected: Relaxation set to 0.900000
    Oscillating behavior detected: Relaxation set to 0.800000
 Newton its=11, linearizations=12 (4.3sec), linear its=  7 (21.3sec)

Starting time step 5, stepsize 164.941 days, at day 47019/82545, date = 25-Sep-2152
 Newton its= 7, linearizations= 8 (2.7sec), linear its=  8 (11.2sec)

Starting time step 6, stepsize 230.917 days, at day 47184/82545, date = 08-Mar-2153
    Oscillating behavior detected: Relaxation set to 0.900000
 Newton its=10, linearizations=11 (3.7sec), linear its=  8 (14.5sec)

Starting time step 7, stepsize 184.734 days, at day 47414.9/82545, date = 25-Oct-2153
    Oscillating behavior detected: Relaxation set to 0.900000
 Newton its= 9, linearizations=10 (3.3sec), linear its=  5 (18.6sec)

Starting time step 8, stepsize 164.208 days, at day 47599.6/82545, date = 28-Apr-2154
 Newton its=10, linearizations=11 (3.6sec), linear its=  8 (13.7sec)

Starting time step 9, stepsize 131.366 days, at day 47763.8/82545, date = 09-Oct-2154
    Oscillating behavior detected: Relaxation set to 0.900000
 Newton its=10, linearizations=11 (4.0sec), linear its=  7 (14.0sec)

Starting time step 10, stepsize 105.093 days, at day 47895.2/82545, date = 18-Feb-2155
 Newton its= 4, linearizations= 5 (1.7sec), linear its=  3 (5.7sec)

Starting time step 11, stepsize 273.241 days, at day 48000.3/82545, date = 03-Jun-2155
 Newton its= 7, linearizations= 8 (2.7sec), linear its=  8 (17.3sec)

Starting time step 12, stepsize 365.25 days, at day 48273.5/82545, date = 02-Mar-2156
 Newton its= 9, linearizations=10 (3.5sec), linear its=  4 (11.0sec)

Starting time step 13, stepsize 324.667 days, at day 48638.8/82545, date = 02-Mar-2157
 Newton its= 8, linearizations= 9 (3.2sec), linear its= 14 (14.9sec)

Starting time step 14, stepsize 324.667 days, at day 48963.4/82545, date = 21-Jan-2158
 Newton its= 9, linearizations=10 (3.6sec), linear its= 13 (15.1sec)

Starting time step 15, stepsize 288.593 days, at day 49288.1/82545, date = 12-Dec-2158
 Newton its= 8, linearizations= 9 (3.0sec), linear its= 12 (19.4sec)

Starting time step 16, stepsize 288.593 days, at day 49576.7/82545, date = 26-Sep-2159
 Newton its= 9, linearizations=10 (3.4sec), linear its=  8 (12.8sec)

Starting time step 17, stepsize 256.527 days, at day 49865.3/82545, date = 11-Jul-2160
 Newton its= 8, linearizations= 9 (3.1sec), linear its= 11 (13.1sec)

Starting time step 18, stepsize 256.527 days, at day 50121.8/82545, date = 24-Mar-2161
 Newton its= 9, linearizations=10 (3.5sec), linear its=  8 (18.8sec)

Starting time step 19, stepsize 228.024 days, at day 50378.3/82545, date = 06-Dec-2161
 Newton its= 7, linearizations= 8 (2.9sec), linear its= 12 (12.8sec)

Starting time step 20, stepsize 319.233 days, at day 50606.4/82545, date = 22-Jul-2162
 Newton its= 9, linearizations=10 (3.4sec), linear its=  7 (12.2sec)

Starting time step 21, stepsize 283.763 days, at day 50925.6/82545, date = 06-Jun-2163
 Newton its= 8, linearizations= 9 (3.1sec), linear its=  6 (12.1sec)

Starting time step 22, stepsize 283.763 days, at day 51209.4/82545, date = 16-Mar-2164
 Newton its=11, linearizations=12 (3.6sec), linear its= 12 (22.9sec)

Starting time step 23, stepsize 206.373 days, at day 51493.1/82545, date = 25-Dec-2164
 Newton its=11, linearizations=12 (4.2sec), linear its=  9 (15.3sec)

Starting time step 24, stepsize 150.089 days, at day 51699.5/82545, date = 19-Jul-2165
 Newton its= 5, linearizations= 6 (2.0sec), linear its=  2 (6.4sec)

Starting time step 25, stepsize 330.197 days, at day 51849.6/82545, date = 16-Dec-2165
 Newton its=10, linearizations=11 (3.8sec), linear its= 12 (22.5sec)

Starting time step 26, stepsize 264.157 days, at day 52179.8/82545, date = 11-Nov-2166
    Oscillating behavior detected: Relaxation set to 0.900000
    Oscillating behavior detected: Relaxation set to 0.800000
 Newton its=10, linearizations=11 (3.8sec), linear its= 22 (21.5sec)

Starting time step 27, stepsize 211.326 days, at day 52443.9/82545, date = 02-Aug-2167
 Newton its= 7, linearizations= 8 (2.6sec), linear its=  4 (8.4sec)

Starting time step 28, stepsize 295.856 days, at day 52655.3/82545, date = 01-Mar-2168
 Newton its= 8, linearizations= 9 (3.1sec), linear its=  9 (13.0sec)

Starting time step 29, stepsize 295.856 days, at day 52951.1/82545, date = 22-Dec-2168
 Newton its= 9, linearizations=10 (3.4sec), linear its= 10 (19.9sec)

Starting time step 30, stepsize 262.983 days, at day 53247/82545, date = 13-Oct-2169
    Oscillating behavior detected: Relaxation set to 0.900000
 Newton its=11, linearizations=12 (4.2sec), linear its= 10 (16.0sec)

Starting time step 31, stepsize 191.261 days, at day 53510/82545, date = 03-Jul-2170
 Newton its= 7, linearizations= 8 (2.8sec), linear its= 10 (11.6sec)

Starting time step 32, stepsize 267.765 days, at day 53701.2/82545, date = 11-Jan-2171
    Oscillating behavior detected: Relaxation set to 0.900000
 Newton its=10, linearizations=11 (3.6sec), linear its= 15 (23.7sec)

Starting time step 33, stepsize 214.212 days, at day 53969/82545, date = 05-Oct-2171
 Newton its= 6, linearizations= 7 (2.4sec), linear its=  7 (8.9sec)

Starting time step 34, stepsize 365.25 days, at day 54183.2/82545, date = 07-May-2172
    Oscillating behavior detected: Relaxation set to 0.900000
    Oscillating behavior detected: Relaxation set to 0.800000

Problem: Solver convergence failure - Iteration limit reached
Timestep chopped to 36.525 days


Starting time step 34, stepsize 36.525 days, at day 54183.2/82545, date = 07-May-2172
 Newton its= 3, linearizations= 4 (1.3sec), linear its=  4 (4.8sec)

Starting time step 35, stepsize 45.6562 days, at day 54219.7/82545, date = 12-Jun-2172
 Newton its= 2, linearizations= 3 (1.0sec), linear its=  1 (2.4sec)

Starting time step 36, stepsize 136.969 days, at day 54265.4/82545, date = 28-Jul-2172
 Newton its= 6, linearizations= 7 (2.3sec), linear its= 10 (17.4sec)

Starting time step 37, stepsize 246.544 days, at day 54402.4/82545, date = 12-Dec-2172
 Newton its=11, linearizations=12 (3.8sec), linear its= 12 (15.7sec)

Starting time step 38, stepsize 179.305 days, at day 54648.9/82545, date = 15-Aug-2173
 Newton its= 8, linearizations= 9 (3.1sec), linear its=  3 (9.6sec)

Starting time step 39, stepsize 179.305 days, at day 54828.2/82545, date = 11-Feb-2174
 Newton its= 6, linearizations= 7 (2.7sec), linear its=  4 (13.7sec)

Starting time step 40, stepsize 322.748 days, at day 55007.5/82545, date = 09-Aug-2174
 Newton its=10, linearizations=11 (3.8sec), linear its=  4 (11.6sec)

Starting time step 41, stepsize 258.199 days, at day 55330.3/82545, date = 28-Jun-2175
 Newton its= 7, linearizations= 8 (2.6sec), linear its=  8 (10.4sec)

Starting time step 42, stepsize 361.478 days, at day 55588.4/82545, date = 12-Mar-2176
 Newton its=10, linearizations=11 (3.8sec), linear its= 10 (13.9sec)

Starting time step 43, stepsize 289.182 days, at day 55949.9/82545, date = 08-Mar-2177
 Newton its=12, linearizations=13 (4.3sec), linear its= 14 (24.9sec)

Starting time step 44, stepsize 192.788 days, at day 56239.1/82545, date = 23-Dec-2177
 Newton its= 7, linearizations= 8 (2.5sec), linear its= 10 (11.9sec)

Starting time step 45, stepsize 269.904 days, at day 56431.9/82545, date = 03-Jul-2178
 Newton its= 9, linearizations=10 (3.3sec), linear its=  3 (10.4sec)

Starting time step 46, stepsize 239.914 days, at day 56701.8/82545, date = 30-Mar-2179
 Newton its= 5, linearizations= 6 (2.0sec), linear its=  7 (14.7sec)

Starting time step 47, stepsize 365.25 days, at day 56941.7/82545, date = 25-Nov-2179
 Newton its= 9, linearizations=10 (3.3sec), linear its=  5 (11.2sec)

Starting time step 48, stepsize 324.667 days, at day 57307/82545, date = 24-Nov-2180
    Oscillating behavior detected: Relaxation set to 0.900000
 Newton its=12, linearizations=13 (4.3sec), linear its=  9 (16.9sec)

Starting time step 49, stepsize 216.444 days, at day 57631.6/82545, date = 15-Oct-2181
 Newton its= 8, linearizations= 9 (3.0sec), linear its= 10 (12.6sec)

Starting time step 50, stepsize 216.444 days, at day 57848.1/82545, date = 20-May-2182
 Newton its= 7, linearizations= 8 (2.6sec), linear its=  5 (16.1sec)

Starting time step 51, stepsize 303.022 days, at day 58064.5/82545, date = 22-Dec-2182
    Oscillating behavior detected: Relaxation set to 0.900000
 Newton its=10, linearizations=11 (3.6sec), linear its=  9 (14.1sec)

Starting time step 52, stepsize 242.418 days, at day 58367.5/82545, date = 21-Oct-2183
 Newton its= 7, linearizations= 8 (2.5sec), linear its=  4 (9.1sec)

Starting time step 53, stepsize 339.385 days, at day 58610/82545, date = 19-Jun-2184
 Newton its=11, linearizations=12 (4.2sec), linear its= 13 (23.1sec)

Starting time step 54, stepsize 246.825 days, at day 58949.3/82545, date = 25-May-2185
 Newton its= 9, linearizations=10 (3.3sec), linear its=  7 (11.6sec)

Starting time step 55, stepsize 219.4 days, at day 59196.2/82545, date = 27-Jan-2186
 Newton its= 7, linearizations= 8 (2.6sec), linear its=  8 (10.3sec)

Starting time step 56, stepsize 307.16 days, at day 59415.6/82545, date = 03-Sep-2186
 Newton its=10, linearizations=11 (3.5sec), linear its=  9 (20.6sec)

Starting time step 57, stepsize 245.728 days, at day 59722.7/82545, date = 07-Jul-2187
 Newton its= 8, linearizations= 9 (2.9sec), linear its=  7 (11.2sec)

Starting time step 58, stepsize 245.728 days, at day 59968.5/82545, date = 09-Mar-2188
 Newton its=10, linearizations=11 (3.6sec), linear its=  8 (13.9sec)

Starting time step 59, stepsize 196.583 days, at day 60214.2/82545, date = 10-Nov-2188
 Newton its= 7, linearizations= 8 (2.5sec), linear its=  9 (11.0sec)

Starting time step 60, stepsize 275.216 days, at day 60410.8/82545, date = 25-May-2189
    Oscillating behavior detected: Relaxation set to 0.900000
    Oscillating behavior detected: Relaxation set to 0.800000
    Oscillating behavior detected: Relaxation set to 0.700000

Problem: Solver convergence failure - Iteration limit reached
Timestep chopped to 27.521577672547696 days


Starting time step 60, stepsize 27.5216 days, at day 60410.8/82545, date = 25-May-2189
 Newton its= 2, linearizations= 3 (1.0sec), linear its=  1 (2.3sec)

Starting time step 61, stepsize 34.402 days, at day 60438.3/82545, date = 22-Jun-2189
 Newton its= 3, linearizations= 4 (1.2sec), linear its=  1 (3.4sec)

Starting time step 62, stepsize 103.206 days, at day 60472.7/82545, date = 26-Jul-2189
    Oscillating behavior detected: Relaxation set to 0.900000
 Newton its= 7, linearizations= 8 (2.5sec), linear its=  1 (7.8sec)

Starting time step 63, stepsize 144.488 days, at day 60575.9/82545, date = 06-Nov-2189
 Newton its= 4, linearizations= 5 (1.7sec), linear its=  6 (6.0sec)

Starting time step 64, stepsize 365.25 days, at day 60720.4/82545, date = 31-Mar-2190
 Newton its= 8, linearizations= 9 (3.1sec), linear its=  3 (14.9sec)

Starting time step 65, stepsize 365.25 days, at day 61085.6/82545, date = 31-Mar-2191
    Oscillating behavior detected: Relaxation set to 0.900000
 Newton its=10, linearizations=11 (3.6sec), linear its= 11 (15.0sec)

Starting time step 66, stepsize 292.2 days, at day 61450.9/82545, date = 30-Mar-2192
    Oscillating behavior detected: Relaxation set to 0.900000
 Newton its=11, linearizations=12 (3.9sec), linear its=  6 (12.0sec)

Starting time step 67, stepsize 212.509 days, at day 61743.1/82545, date = 17-Jan-2193
 Newton its= 7, linearizations= 8 (2.6sec), linear its=  2 (14.3sec)

Starting time step 68, stepsize 297.513 days, at day 61955.6/82545, date = 17-Aug-2193
    Oscillating behavior detected: Relaxation set to 0.900000
 Newton its=11, linearizations=12 (3.7sec), linear its=  6 (12.7sec)

Starting time step 69, stepsize 216.373 days, at day 62253.1/82545, date = 11-Jun-2194
 Newton its= 4, linearizations= 5 (1.6sec), linear its=  3 (4.8sec)

Starting time step 70, stepsize 365.25 days, at day 62469.5/82545, date = 13-Jan-2195
 Newton its=10, linearizations=11 (3.6sec), linear its=  9 (13.6sec)

Starting time step 71, stepsize 292.2 days, at day 62834.7/82545, date = 13-Jan-2196
 Newton its= 9, linearizations=10 (3.1sec), linear its= 11 (19.2sec)

Starting time step 72, stepsize 259.733 days, at day 63126.9/82545, date = 31-Oct-2196
 Newton its= 9, linearizations=10 (3.2sec), linear its=  7 (11.4sec)

Starting time step 73, stepsize 230.874 days, at day 63386.7/82545, date = 18-Jul-2197
    Oscillating behavior detected: Relaxation set to 0.900000
 Newton its= 9, linearizations=10 (3.2sec), linear its= 11 (13.7sec)

Starting time step 74, stepsize 205.221 days, at day 63617.5/82545, date = 06-Mar-2198
 Newton its= 7, linearizations= 8 (2.6sec), linear its=  4 (7.7sec)

Starting time step 75, stepsize 287.31 days, at day 63822.8/82545, date = 27-Sep-2198
 Newton its= 6, linearizations= 7 (2.1sec), linear its= 10 (16.2sec)

Starting time step 76, stepsize 365.25 days, at day 64110.1/82545, date = 12-Jul-2199
    Oscillating behavior detected: Relaxation set to 0.900000
 Newton its=11, linearizations=12 (4.3sec), linear its=  9 (13.7sec)

Starting time step 77, stepsize 265.636 days, at day 64475.3/82545, date = 12-Jul-2200
    Oscillating behavior detected: Relaxation set to 0.900000
 Newton its=11, linearizations=12 (4.2sec), linear its= 12 (15.4sec)

Starting time step 78, stepsize 193.19 days, at day 64741/82545, date = 03-Apr-2201
 Newton its=10, linearizations=11 (3.8sec), linear its=  5 (18.3sec)

Starting time step 79, stepsize 154.552 days, at day 64934.1/82545, date = 14-Oct-2201
 Newton its= 6, linearizations= 7 (2.5sec), linear its=  1 (6.4sec)

Starting time step 80, stepsize 278.194 days, at day 65088.7/82545, date = 17-Mar-2202
 Newton its= 8, linearizations= 9 (2.9sec), linear its=  5 (9.9sec)

Starting time step 81, stepsize 278.194 days, at day 65366.9/82545, date = 20-Dec-2202
    Oscillating behavior detected: Relaxation set to 0.900000
 Newton its=11, linearizations=12 (4.1sec), linear its=  4 (20.5sec)

Starting time step 82, stepsize 202.323 days, at day 65645.1/82545, date = 25-Sep-2203
    Oscillating behavior detected: Relaxation set to 0.900000
 Newton its= 9, linearizations=10 (3.4sec), linear its=  8 (11.8sec)

Starting time step 83, stepsize 179.842 days, at day 65847.4/82545, date = 14-Apr-2204
 Newton its= 6, linearizations= 7 (2.4sec), linear its=  2 (6.7sec)

Starting time step 84, stepsize 323.716 days, at day 66027.3/82545, date = 11-Oct-2204
 Newton its= 8, linearizations= 9 (3.1sec), linear its=  9 (11.5sec)

Starting time step 85, stepsize 323.716 days, at day 66351/82545, date = 30-Aug-2205
 Newton its= 6, linearizations= 7 (2.3sec), linear its=  7 (15.0sec)

Starting time step 86, stepsize 365.25 days, at day 66674.7/82545, date = 20-Jul-2206
 Newton its=10, linearizations=11 (3.7sec), linear its=  9 (13.7sec)

Starting time step 87, stepsize 292.2 days, at day 67039.9/82545, date = 20-Jul-2207
 Newton its= 7, linearizations= 8 (2.9sec), linear its=  7 (9.9sec)

Starting time step 88, stepsize 365.25 days, at day 67332.1/82545, date = 08-May-2208
 Newton its=10, linearizations=11 (3.7sec), linear its= 11 (15.6sec)

Starting time step 89, stepsize 292.2 days, at day 67697.4/82545, date = 08-May-2209
 Newton its= 9, linearizations=10 (3.5sec), linear its=  7 (18.2sec)

Starting time step 90, stepsize 259.733 days, at day 67989.6/82545, date = 24-Feb-2210
 Newton its= 9, linearizations=10 (3.5sec), linear its=  6 (11.4sec)

Starting time step 91, stepsize 230.874 days, at day 68249.3/82545, date = 11-Nov-2210
 Newton its= 7, linearizations= 8 (2.6sec), linear its=  9 (11.0sec)

Starting time step 92, stepsize 323.224 days, at day 68480.2/82545, date = 30-Jun-2211
 Newton its= 9, linearizations=10 (3.6sec), linear its=  7 (19.6sec)

Starting time step 93, stepsize 287.31 days, at day 68803.4/82545, date = 18-May-2212
 Newton its= 6, linearizations= 7 (2.3sec), linear its=  6 (8.6sec)

Starting time step 94, stepsize 365.25 days, at day 69090.7/82545, date = 01-Mar-2213
 Newton its= 9, linearizations=10 (3.7sec), linear its= 11 (13.6sec)

Starting time step 95, stepsize 324.667 days, at day 69456/82545, date = 01-Mar-2214
 Newton its= 8, linearizations= 9 (3.0sec), linear its=  8 (11.9sec)

Starting time step 96, stepsize 324.667 days, at day 69780.6/82545, date = 20-Jan-2215
 Newton its= 9, linearizations=10 (3.5sec), linear its= 11 (21.6sec)

Starting time step 97, stepsize 288.593 days, at day 70105.3/82545, date = 11-Dec-2215
 Newton its= 9, linearizations=10 (3.3sec), linear its=  5 (11.4sec)

Starting time step 98, stepsize 256.527 days, at day 70393.9/82545, date = 24-Sep-2216
 Newton its= 9, linearizations=10 (3.4sec), linear its=  3 (11.0sec)

Starting time step 99, stepsize 228.024 days, at day 70650.4/82545, date = 08-Jun-2217
 Newton its= 5, linearizations= 6 (2.0sec), linear its=  9 (9.4sec)

Starting time step 100, stepsize 365.25 days, at day 70878.5/82545, date = 22-Jan-2218
 Newton its= 7, linearizations= 8 (2.9sec), linear its=  7 (17.1sec)

Starting time step 101, stepsize 365.25 days, at day 71243.7/82545, date = 22-Jan-2219
 Newton its= 9, linearizations=10 (3.6sec), linear its=  7 (12.2sec)

Starting time step 102, stepsize 324.667 days, at day 71609/82545, date = 22-Jan-2220
 Newton its=10, linearizations=11 (3.7sec), linear its= 11 (15.5sec)

Starting time step 103, stepsize 259.733 days, at day 71933.6/82545, date = 12-Dec-2220
 Newton its=11, linearizations=12 (4.0sec), linear its= 14 (24.7sec)

Starting time step 104, stepsize 188.897 days, at day 72193.4/82545, date = 29-Aug-2221
 Newton its= 5, linearizations= 6 (2.1sec), linear its=  6 (7.9sec)

Starting time step 105, stepsize 365.25 days, at day 72382.3/82545, date = 06-Mar-2222
 Newton its= 7, linearizations= 8 (2.7sec), linear its=  8 (10.9sec)

Starting time step 106, stepsize 365.25 days, at day 72747.5/82545, date = 06-Mar-2223
 Newton its=11, linearizations=12 (4.2sec), linear its= 17 (18.8sec)

Starting time step 107, stepsize 265.636 days, at day 73112.8/82545, date = 05-Mar-2224
 Newton its= 7, linearizations= 8 (2.6sec), linear its=  2 (15.1sec)

Starting time step 108, stepsize 365.25 days, at day 73378.4/82545, date = 26-Nov-2224
 Newton its= 7, linearizations= 8 (2.6sec), linear its=  7 (9.8sec)

Starting time step 109, stepsize 365.25 days, at day 73743.6/82545, date = 26-Nov-2225
 Newton its= 8, linearizations= 9 (3.2sec), linear its=  4 (9.8sec)

Starting time step 110, stepsize 365.25 days, at day 74108.9/82545, date = 26-Nov-2226
    Oscillating behavior detected: Relaxation set to 0.900000
 Newton its= 9, linearizations=10 (3.3sec), linear its= 12 (14.7sec)

Starting time step 111, stepsize 324.667 days, at day 74474.1/82545, date = 27-Nov-2227
    Oscillating behavior detected: Relaxation set to 0.900000
 Newton its=10, linearizations=11 (3.6sec), linear its=  5 (19.5sec)

Starting time step 112, stepsize 259.733 days, at day 74798.8/82545, date = 16-Oct-2228
 Newton its= 9, linearizations=10 (3.6sec), linear its=  4 (11.2sec)

Starting time step 113, stepsize 230.874 days, at day 75058.5/82545, date = 03-Jul-2229
 Newton its= 5, linearizations= 6 (1.9sec), linear its=  4 (7.4sec)

Starting time step 114, stepsize 365.25 days, at day 75289.4/82545, date = 19-Feb-2230
    Oscillating behavior detected: Relaxation set to 0.900000
 Newton its=11, linearizations=12 (4.1sec), linear its=  6 (22.0sec)

Starting time step 115, stepsize 265.636 days, at day 75654.7/82545, date = 19-Feb-2231
 Newton its= 9, linearizations=10 (3.5sec), linear its=  7 (12.4sec)

Starting time step 116, stepsize 236.121 days, at day 75920.3/82545, date = 12-Nov-2231
 Newton its= 8, linearizations= 9 (3.1sec), linear its=  8 (12.0sec)

Starting time step 117, stepsize 236.121 days, at day 76156.4/82545, date = 05-Jul-2232
 Newton its= 5, linearizations= 6 (2.0sec), linear its=  5 (7.2sec)

Starting time step 118, stepsize 365.25 days, at day 76392.5/82545, date = 26-Feb-2233
 Newton its=11, linearizations=12 (4.1sec), linear its=  8 (21.6sec)

Starting time step 119, stepsize 265.636 days, at day 76757.8/82545, date = 26-Feb-2234
 Newton its= 6, linearizations= 7 (2.3sec), linear its=  2 (7.0sec)

Starting time step 120, stepsize 365.25 days, at day 77023.4/82545, date = 19-Nov-2234
 Newton its= 8, linearizations= 9 (3.0sec), linear its=  9 (12.5sec)

Starting time step 121, stepsize 365.25 days, at day 77388.7/82545, date = 19-Nov-2235
 Newton its= 9, linearizations=10 (3.6sec), linear its=  4 (11.4sec)

Starting time step 122, stepsize 324.667 days, at day 77753.9/82545, date = 18-Nov-2236
 Newton its= 6, linearizations= 7 (2.5sec), linear its=  5 (15.0sec)

Starting time step 123, stepsize 365.25 days, at day 78078.6/82545, date = 09-Oct-2237
 Newton its= 7, linearizations= 8 (2.5sec), linear its=  7 (10.0sec)

Starting time step 124, stepsize 365.25 days, at day 78443.8/82545, date = 09-Oct-2238
    Oscillating behavior detected: Relaxation set to 0.900000
 Newton its=11, linearizations=12 (4.2sec), linear its=  8 (14.8sec)

Starting time step 125, stepsize 265.636 days, at day 78809.1/82545, date = 10-Oct-2239
 Newton its= 7, linearizations= 8 (2.8sec), linear its=  6 (16.4sec)

Starting time step 126, stepsize 365.25 days, at day 79074.7/82545, date = 01-Jul-2240
 Newton its= 8, linearizations= 9 (3.1sec), linear its=  5 (10.2sec)

Starting time step 127, stepsize 365.25 days, at day 79440/82545, date = 01-Jul-2241
 Newton its= 6, linearizations= 7 (2.5sec), linear its=  5 (7.9sec)

Starting time step 128, stepsize 365.25 days, at day 79805.2/82545, date = 02-Jul-2242
 Newton its= 8, linearizations= 9 (3.0sec), linear its=  6 (10.3sec)

Starting time step 129, stepsize 365.25 days, at day 80170.5/82545, date = 02-Jul-2243
 Newton its= 8, linearizations= 9 (2.9sec), linear its= 11 (20.5sec)

Starting time step 130, stepsize 365.25 days, at day 80535.7/82545, date = 01-Jul-2244
 Newton its= 8, linearizations= 9 (3.1sec), linear its=  7 (10.6sec)

Starting time step 131, stepsize 365.25 days, at day 80901/82545, date = 01-Jul-2245
 Newton its= 9, linearizations=10 (3.2sec), linear its=  4 (10.6sec)

Starting time step 132, stepsize 324.667 days, at day 81266.2/82545, date = 02-Jul-2246
 Newton its= 7, linearizations= 8 (2.9sec), linear its=  7 (9.7sec)

Starting time step 133, stepsize 365.25 days, at day 81590.9/82545, date = 22-May-2247
 Newton its= 7, linearizations= 8 (2.7sec), linear its=  4 (14.9sec)

Starting time step 134, stepsize 365.25 days, at day 81956.1/82545, date = 22-May-2248
 Newton its= 7, linearizations= 8 (2.7sec), linear its=  7 (9.8sec)

Starting time step 135, stepsize 223.603 days, at day 82321.4/82545, date = 22-May-2249
 Newton its= 4, linearizations= 5 (1.5sec), linear its=  3 (5.3sec)


Report step 65/68 at day 82545/192118, date = 01-Jan-2250

Starting time step 0, stepsize 365.25 days, at day 82545/119069, date = 01-Jan-2250
Restart file written for report step 65/68, date = 01-Jan-2250 00:00:00
    Oscillating behavior detected: Relaxation set to 0.900000
    Oscillating behavior detected: Relaxation set to 0.800000
 Newton its=10, linearizations=11 (3.7sec), linear its= 11 (14.5sec)

Starting time step 1, stepsize 292.2 days, at day 82910.2/119069, date = 01-Jan-2251
 Newton its= 8, linearizations= 9 (3.0sec), linear its=  5 (16.8sec)

Starting time step 2, stepsize 292.2 days, at day 83202.4/119069, date = 20-Oct-2251
 Newton its= 7, linearizations= 8 (2.6sec), linear its=  7 (9.9sec)

Starting time step 3, stepsize 365.25 days, at day 83494.6/119069, date = 07-Aug-2252
 Newton its= 8, linearizations= 9 (3.0sec), linear its=  8 (11.3sec)

Starting time step 4, stepsize 365.25 days, at day 83859.9/119069, date = 07-Aug-2253
 Newton its= 7, linearizations= 8 (2.6sec), linear its=  4 (9.1sec)

Starting time step 5, stepsize 365.25 days, at day 84225.1/119069, date = 08-Aug-2254
 Newton its= 6, linearizations= 7 (2.4sec), linear its=  8 (9.4sec)

Starting time step 6, stepsize 365.25 days, at day 84590.4/119069, date = 08-Aug-2255
 Newton its= 9, linearizations=10 (3.6sec), linear its= 10 (20.6sec)

Starting time step 7, stepsize 324.667 days, at day 84955.6/119069, date = 07-Aug-2256
 Newton its= 7, linearizations= 8 (2.6sec), linear its=  2 (8.4sec)

Starting time step 8, stepsize 365.25 days, at day 85280.3/119069, date = 28-Jun-2257
 Newton its= 9, linearizations=10 (3.3sec), linear its= 13 (15.7sec)

Starting time step 9, stepsize 324.667 days, at day 85645.6/119069, date = 28-Jun-2258
 Newton its= 7, linearizations= 8 (2.8sec), linear its= 10 (17.6sec)

Starting time step 10, stepsize 365.25 days, at day 85970.2/119069, date = 19-May-2259
 Newton its= 6, linearizations= 7 (2.4sec), linear its=  5 (8.5sec)

Starting time step 11, stepsize 365.25 days, at day 86335.5/119069, date = 18-May-2260
 Newton its= 8, linearizations= 9 (2.8sec), linear its=  4 (10.0sec)

Starting time step 12, stepsize 365.25 days, at day 86700.7/119069, date = 18-May-2261
    Oscillating behavior detected: Relaxation set to 0.900000
 Newton its= 8, linearizations= 9 (2.9sec), linear its=  8 (11.4sec)

Starting time step 13, stepsize 365.25 days, at day 87066/119069, date = 18-May-2262
    Oscillating behavior detected: Relaxation set to 0.900000
 Newton its=11, linearizations=12 (3.9sec), linear its=  6 (20.8sec)

Starting time step 14, stepsize 265.636 days, at day 87431.2/119069, date = 19-May-2263
 Newton its= 7, linearizations= 8 (2.6sec), linear its= 10 (11.1sec)

Starting time step 15, stepsize 365.25 days, at day 87696.9/119069, date = 08-Feb-2264
    Oscillating behavior detected: Relaxation set to 0.900000
 Newton its= 8, linearizations= 9 (3.0sec), linear its=  5 (10.3sec)

Starting time step 16, stepsize 365.25 days, at day 88062.1/119069, date = 08-Feb-2265
 Newton its=10, linearizations=11 (3.5sec), linear its=  8 (13.7sec)

Starting time step 17, stepsize 292.2 days, at day 88427.4/119069, date = 08-Feb-2266
 Newton its= 5, linearizations= 6 (1.9sec), linear its=  8 (14.9sec)

Starting time step 18, stepsize 365.25 days, at day 88719.6/119069, date = 27-Nov-2266
 Newton its= 8, linearizations= 9 (3.1sec), linear its=  3 (9.2sec)

Starting time step 19, stepsize 365.25 days, at day 89084.8/119069, date = 27-Nov-2267
 Newton its= 9, linearizations=10 (3.3sec), linear its=  7 (12.6sec)

Starting time step 20, stepsize 324.667 days, at day 89450.1/119069, date = 27-Nov-2268
 Newton its= 6, linearizations= 7 (2.4sec), linear its=  2 (7.0sec)

Starting time step 21, stepsize 365.25 days, at day 89774.7/119069, date = 17-Oct-2269
 Newton its= 9, linearizations=10 (3.1sec), linear its=  4 (16.7sec)

Starting time step 22, stepsize 324.667 days, at day 90140/119069, date = 17-Oct-2270
    Oscillating behavior detected: Relaxation set to 0.900000
 Newton its= 8, linearizations= 9 (3.1sec), linear its=  7 (10.3sec)

Starting time step 23, stepsize 324.667 days, at day 90464.7/119069, date = 07-Sep-2271
 Newton its= 5, linearizations= 6 (2.0sec), linear its=  8 (8.6sec)

Starting time step 24, stepsize 365.25 days, at day 90789.3/119069, date = 28-Jul-2272
 Newton its= 6, linearizations= 7 (2.3sec), linear its= 10 (10.2sec)

Starting time step 25, stepsize 365.25 days, at day 91154.6/119069, date = 28-Jul-2273
 Newton its= 7, linearizations= 8 (2.5sec), linear its=  5 (14.3sec)

Starting time step 26, stepsize 365.25 days, at day 91519.8/119069, date = 28-Jul-2274
 Newton its= 8, linearizations= 9 (3.0sec), linear its=  7 (10.2sec)

Starting time step 27, stepsize 365.25 days, at day 91885.1/119069, date = 29-Jul-2275
 Newton its= 7, linearizations= 8 (2.7sec), linear its= 15 (13.1sec)

Starting time step 28, stepsize 365.25 days, at day 92250.3/119069, date = 28-Jul-2276
 Newton its= 7, linearizations= 8 (2.5sec), linear its=  9 (10.6sec)

Starting time step 29, stepsize 365.25 days, at day 92615.6/119069, date = 28-Jul-2277
 Newton its= 5, linearizations= 6 (2.0sec), linear its=  7 (7.2sec)

Starting time step 30, stepsize 365.25 days, at day 92980.8/119069, date = 28-Jul-2278
 Newton its= 6, linearizations= 7 (2.3sec), linear its=  3 (13.1sec)

Starting time step 31, stepsize 365.25 days, at day 93346.1/119069, date = 29-Jul-2279
 Newton its= 6, linearizations= 7 (2.3sec), linear its=  6 (7.6sec)

Starting time step 32, stepsize 365.25 days, at day 93711.3/119069, date = 28-Jul-2280
 Newton its= 8, linearizations= 9 (2.9sec), linear its=  7 (10.3sec)

Starting time step 33, stepsize 365.25 days, at day 94076.6/119069, date = 28-Jul-2281
 Newton its= 7, linearizations= 8 (2.7sec), linear its= 10 (10.9sec)

Starting time step 34, stepsize 365.25 days, at day 94441.8/119069, date = 28-Jul-2282
 Newton its= 6, linearizations= 7 (2.4sec), linear its=  5 (14.4sec)

Starting time step 35, stepsize 365.25 days, at day 94807.1/119069, date = 29-Jul-2283
    Oscillating behavior detected: Relaxation set to 0.900000
 Newton its= 7, linearizations= 8 (2.6sec), linear its= 10 (10.9sec)

Starting time step 36, stepsize 365.25 days, at day 95172.3/119069, date = 28-Jul-2284
    Oscillating behavior detected: Relaxation set to 0.900000
 Newton its= 9, linearizations=10 (3.2sec), linear its=  8 (11.9sec)

Starting time step 37, stepsize 324.667 days, at day 95537.6/119069, date = 28-Jul-2285
    Oscillating behavior detected: Relaxation set to 0.900000
 Newton its= 9, linearizations=10 (3.4sec), linear its= 10 (13.1sec)

Starting time step 38, stepsize 288.593 days, at day 95862.2/119069, date = 18-Jun-2286
 Newton its= 6, linearizations= 7 (2.2sec), linear its=  3 (13.6sec)

Starting time step 39, stepsize 365.25 days, at day 96150.8/119069, date = 02-Apr-2287
 Newton its= 7, linearizations= 8 (2.6sec), linear its=  8 (9.5sec)

Starting time step 40, stepsize 365.25 days, at day 96516.1/119069, date = 02-Apr-2288
 Newton its= 7, linearizations= 8 (2.7sec), linear its= 10 (11.0sec)

Starting time step 41, stepsize 365.25 days, at day 96881.3/119069, date = 02-Apr-2289
 Newton its= 7, linearizations= 8 (2.7sec), linear its= 11 (12.3sec)

Starting time step 42, stepsize 365.25 days, at day 97246.6/119069, date = 02-Apr-2290
    Oscillating behavior detected: Relaxation set to 0.900000
 Newton its= 9, linearizations=10 (3.4sec), linear its=  7 (17.8sec)

Starting time step 43, stepsize 324.667 days, at day 97611.8/119069, date = 02-Apr-2291
 Newton its= 6, linearizations= 7 (2.3sec), linear its=  4 (7.4sec)

Starting time step 44, stepsize 365.25 days, at day 97936.5/119069, date = 21-Feb-2292
 Newton its= 7, linearizations= 8 (3.0sec), linear its=  9 (10.4sec)

Starting time step 45, stepsize 365.25 days, at day 98301.7/119069, date = 20-Feb-2293
 Newton its= 6, linearizations= 7 (2.5sec), linear its=  2 (6.9sec)

Starting time step 46, stepsize 365.25 days, at day 98667/119069, date = 20-Feb-2294
 Newton its= 7, linearizations= 8 (2.8sec), linear its=  8 (10.5sec)

Starting time step 47, stepsize 365.25 days, at day 99032.2/119069, date = 21-Feb-2295
 Newton its= 9, linearizations=10 (3.8sec), linear its= 15 (23.3sec)

Starting time step 48, stepsize 324.667 days, at day 99397.5/119069, date = 21-Feb-2296
    Oscillating behavior detected: Relaxation set to 0.900000
 Newton its= 8, linearizations= 9 (2.8sec), linear its=  8 (12.1sec)

Starting time step 49, stepsize 324.667 days, at day 99722.2/119069, date = 11-Jan-2297
 Newton its= 7, linearizations= 8 (2.8sec), linear its=  8 (10.7sec)

Starting time step 50, stepsize 365.25 days, at day 100047/119069, date = 01-Dec-2297
    Oscillating behavior detected: Relaxation set to 0.900000
 Newton its=10, linearizations=11 (3.6sec), linear its= 18 (24.8sec)

Starting time step 51, stepsize 292.2 days, at day 100412/119069, date = 02-Dec-2298
 Newton its= 8, linearizations= 9 (3.2sec), linear its=  5 (9.9sec)

Starting time step 52, stepsize 292.2 days, at day 100704/119069, date = 20-Sep-2299
 Newton its= 3, linearizations= 4 (1.3sec), linear its=  2 (3.9sec)

Starting time step 53, stepsize 365.25 days, at day 100996/119069, date = 09-Jul-2300
 Newton its= 6, linearizations= 7 (2.2sec), linear its=  3 (7.3sec)

Starting time step 54, stepsize 365.25 days, at day 101362/119069, date = 09-Jul-2301
 Newton its= 6, linearizations= 7 (2.4sec), linear its=  6 (8.9sec)

Starting time step 55, stepsize 365.25 days, at day 101727/119069, date = 09-Jul-2302
 Newton its= 7, linearizations= 8 (2.8sec), linear its= 21 (24.2sec)

Starting time step 56, stepsize 365.25 days, at day 102092/119069, date = 10-Jul-2303
 Newton its= 8, linearizations= 9 (3.1sec), linear its=  5 (10.9sec)

Starting time step 57, stepsize 365.25 days, at day 102457/119069, date = 09-Jul-2304
 Newton its= 6, linearizations= 7 (2.2sec), linear its=  4 (7.9sec)

Starting time step 58, stepsize 365.25 days, at day 102823/119069, date = 09-Jul-2305
 Newton its= 7, linearizations= 8 (2.8sec), linear its=  7 (11.2sec)

Starting time step 59, stepsize 365.25 days, at day 103188/119069, date = 09-Jul-2306
    Oscillating behavior detected: Relaxation set to 0.900000
 Newton its= 7, linearizations= 8 (2.8sec), linear its=  5 (17.3sec)

Starting time step 60, stepsize 365.25 days, at day 103553/119069, date = 10-Jul-2307
    Oscillating behavior detected: Relaxation set to 0.900000
 Newton its=12, linearizations=13 (4.2sec), linear its=  4 (14.4sec)

Starting time step 61, stepsize 243.5 days, at day 103918/119069, date = 09-Jul-2308
 Newton its= 4, linearizations= 5 (1.8sec), linear its=  3 (5.4sec)

Starting time step 62, stepsize 365.25 days, at day 104162/119069, date = 09-Mar-2309
 Newton its= 6, linearizations= 7 (2.5sec), linear its=  6 (9.1sec)

Starting time step 63, stepsize 365.25 days, at day 104527/119069, date = 10-Mar-2310
 Newton its=10, linearizations=11 (3.8sec), linear its=  7 (19.8sec)

Starting time step 64, stepsize 292.2 days, at day 104892/119069, date = 10-Mar-2311
 Newton its= 6, linearizations= 7 (2.7sec), linear its= 11 (11.4sec)

Starting time step 65, stepsize 365.25 days, at day 105185/119069, date = 27-Dec-2311
 Newton its= 6, linearizations= 7 (2.4sec), linear its=  5 (8.7sec)

Starting time step 66, stepsize 365.25 days, at day 105550/119069, date = 26-Dec-2312
 Newton its= 6, linearizations= 7 (2.6sec), linear its=  2 (7.5sec)

Starting time step 67, stepsize 365.25 days, at day 105915/119069, date = 27-Dec-2313
 Newton its= 6, linearizations= 7 (2.5sec), linear its=  4 (7.9sec)

Starting time step 68, stepsize 365.25 days, at day 106280/119069, date = 27-Dec-2314
 Newton its= 6, linearizations= 7 (2.5sec), linear its=  2 (13.4sec)

Starting time step 69, stepsize 365.25 days, at day 106646/119069, date = 27-Dec-2315
 Newton its= 5, linearizations= 6 (2.1sec), linear its=  5 (7.6sec)

Starting time step 70, stepsize 365.25 days, at day 107011/119069, date = 26-Dec-2316
 Newton its= 4, linearizations= 5 (1.7sec), linear its=  5 (6.5sec)

Starting time step 71, stepsize 365.25 days, at day 107376/119069, date = 27-Dec-2317
 Newton its= 9, linearizations=10 (3.5sec), linear its=  5 (11.9sec)

Starting time step 72, stepsize 324.667 days, at day 107741/119069, date = 27-Dec-2318
 Newton its= 7, linearizations= 8 (2.9sec), linear its=  7 (10.0sec)

Starting time step 73, stepsize 365.25 days, at day 108066/119069, date = 17-Nov-2319
 Newton its= 7, linearizations= 8 (2.7sec), linear its=  5 (15.5sec)

Starting time step 74, stepsize 365.25 days, at day 108431/119069, date = 16-Nov-2320
 Newton its= 7, linearizations= 8 (2.8sec), linear its=  7 (10.2sec)

Starting time step 75, stepsize 365.25 days, at day 108797/119069, date = 16-Nov-2321
 Newton its= 5, linearizations= 6 (2.2sec), linear its=  2 (6.1sec)

Starting time step 76, stepsize 365.25 days, at day 109162/119069, date = 16-Nov-2322
 Newton its= 8, linearizations= 9 (3.2sec), linear its=  7 (11.1sec)

Starting time step 77, stepsize 365.25 days, at day 109527/119069, date = 17-Nov-2323
 Newton its= 7, linearizations= 8 (2.6sec), linear its= 12 (19.1sec)

Starting time step 78, stepsize 365.25 days, at day 109892/119069, date = 16-Nov-2324
 Newton its= 6, linearizations= 7 (2.4sec), linear its=  2 (7.3sec)

Starting time step 79, stepsize 365.25 days, at day 110258/119069, date = 16-Nov-2325
 Newton its= 6, linearizations= 7 (2.4sec), linear its=  7 (9.5sec)

Starting time step 80, stepsize 365.25 days, at day 110623/119069, date = 16-Nov-2326
 Newton its= 7, linearizations= 8 (2.8sec), linear its=  8 (11.0sec)

Starting time step 81, stepsize 365.25 days, at day 110988/119069, date = 17-Nov-2327
 Newton its= 6, linearizations= 7 (2.5sec), linear its= 12 (12.2sec)

Starting time step 82, stepsize 365.25 days, at day 111353/119069, date = 16-Nov-2328
    Oscillating behavior detected: Relaxation set to 0.900000
 Newton its= 8, linearizations= 9 (3.1sec), linear its=  4 (16.5sec)

Starting time step 83, stepsize 365.25 days, at day 111719/119069, date = 16-Nov-2329
 Newton its= 9, linearizations=10 (3.1sec), linear its=  5 (11.7sec)

Starting time step 84, stepsize 324.667 days, at day 112084/119069, date = 16-Nov-2330
 Newton its= 6, linearizations= 7 (2.3sec), linear its=  5 (8.7sec)

Starting time step 85, stepsize 365.25 days, at day 112409/119069, date = 07-Oct-2331
 Newton its= 6, linearizations= 7 (2.5sec), linear its=  7 (9.9sec)

Starting time step 86, stepsize 365.25 days, at day 112774/119069, date = 06-Oct-2332
    Oscillating behavior detected: Relaxation set to 0.900000
 Newton its=12, linearizations=13 (4.6sec), linear its=  5 (20.5sec)

Starting time step 87, stepsize 243.5 days, at day 113139/119069, date = 07-Oct-2333
    Oscillating behavior detected: Relaxation set to 0.900000
 Newton its= 7, linearizations= 8 (2.6sec), linear its=  8 (10.1sec)

Starting time step 88, stepsize 340.9 days, at day 113383/119069, date = 07-Jun-2334
 Newton its= 7, linearizations= 8 (2.7sec), linear its=  9 (10.9sec)

Starting time step 89, stepsize 365.25 days, at day 113723/119069, date = 14-May-2335
 Newton its= 6, linearizations= 7 (2.4sec), linear its=  6 (9.3sec)

Starting time step 90, stepsize 365.25 days, at day 114089/119069, date = 13-May-2336
 Newton its= 8, linearizations= 9 (3.0sec), linear its=  8 (18.3sec)

Starting time step 91, stepsize 365.25 days, at day 114454/119069, date = 13-May-2337
 Newton its= 5, linearizations= 6 (2.0sec), linear its=  3 (6.0sec)

Starting time step 92, stepsize 365.25 days, at day 114819/119069, date = 14-May-2338
 Newton its= 5, linearizations= 6 (2.0sec), linear its=  5 (7.0sec)

Starting time step 93, stepsize 365.25 days, at day 115184/119069, date = 14-May-2339
 Newton its= 6, linearizations= 7 (2.2sec), linear its=  5 (8.5sec)

Starting time step 94, stepsize 365.25 days, at day 115550/119069, date = 13-May-2340
 Newton its= 6, linearizations= 7 (2.2sec), linear its=  7 (8.9sec)

Starting time step 95, stepsize 365.25 days, at day 115915/119069, date = 13-May-2341
 Newton its= 4, linearizations= 5 (1.8sec), linear its=  3 (11.1sec)

Starting time step 96, stepsize 365.25 days, at day 116280/119069, date = 14-May-2342
 Newton its= 6, linearizations= 7 (2.5sec), linear its=  5 (7.8sec)

Starting time step 97, stepsize 365.25 days, at day 116645/119069, date = 14-May-2343
 Newton its= 5, linearizations= 6 (2.0sec), linear its=  6 (7.0sec)

Starting time step 98, stepsize 365.25 days, at day 117011/119069, date = 13-May-2344
 Newton its= 6, linearizations= 7 (2.5sec), linear its=  6 (8.7sec)

Starting time step 99, stepsize 365.25 days, at day 117376/119069, date = 13-May-2345
 Newton its= 4, linearizations= 5 (1.7sec), linear its=  5 (6.0sec)

Starting time step 100, stepsize 365.25 days, at day 117741/119069, date = 14-May-2346
 Newton its= 6, linearizations= 7 (2.4sec), linear its=  2 (7.0sec)

Starting time step 101, stepsize 365.25 days, at day 118106/119069, date = 14-May-2347
 Newton its= 7, linearizations= 8 (2.8sec), linear its=  8 (16.3sec)

Starting time step 102, stepsize 365.25 days, at day 118472/119069, date = 13-May-2348
    Oscillating behavior detected: Relaxation set to 0.900000
 Newton its= 8, linearizations= 9 (3.0sec), linear its=  6 (10.2sec)

Starting time step 103, stepsize 232.088 days, at day 118837/119069, date = 13-May-2349
 Newton its= 5, linearizations= 6 (1.9sec), linear its=  2 (6.2sec)


Report step 66/68 at day 119069/192118, date = 01-Jan-2350

Starting time step 0, stepsize 365.25 days, at day 119069/155594, date = 01-Jan-2350
Restart file written for report step 66/68, date = 01-Jan-2350 00:00:00
 Newton its=10, linearizations=11 (3.9sec), linear its=  8 (15.0sec)

Starting time step 1, stepsize 292.2 days, at day 119434/155594, date = 01-Jan-2351
 Newton its= 5, linearizations= 6 (2.0sec), linear its=  8 (15.2sec)

Starting time step 2, stepsize 365.25 days, at day 119726/155594, date = 20-Oct-2351
 Newton its= 6, linearizations= 7 (2.3sec), linear its=  3 (7.2sec)

Starting time step 3, stepsize 365.25 days, at day 120092/155594, date = 19-Oct-2352
 Newton its= 5, linearizations= 6 (2.0sec), linear its= 12 (10.0sec)

Starting time step 4, stepsize 365.25 days, at day 120457/155594, date = 19-Oct-2353
 Newton its= 4, linearizations= 5 (1.6sec), linear its=  3 (5.1sec)

Starting time step 5, stepsize 365.25 days, at day 120822/155594, date = 20-Oct-2354
 Newton its= 4, linearizations= 5 (1.7sec), linear its=  3 (5.4sec)

Starting time step 6, stepsize 365.25 days, at day 121187/155594, date = 20-Oct-2355
 Newton its= 5, linearizations= 6 (1.9sec), linear its=  5 (7.1sec)

Starting time step 7, stepsize 365.25 days, at day 121553/155594, date = 19-Oct-2356
 Newton its= 6, linearizations= 7 (2.4sec), linear its=  5 (14.7sec)

Starting time step 8, stepsize 365.25 days, at day 121918/155594, date = 19-Oct-2357
 Newton its= 7, linearizations= 8 (2.5sec), linear its=  5 (8.7sec)

Starting time step 9, stepsize 365.25 days, at day 122283/155594, date = 20-Oct-2358
    Oscillating behavior detected: Relaxation set to 0.900000
 Newton its= 6, linearizations= 7 (2.4sec), linear its=  8 (9.4sec)

Starting time step 10, stepsize 365.25 days, at day 122648/155594, date = 20-Oct-2359
 Newton its= 4, linearizations= 5 (1.6sec), linear its=  5 (6.2sec)

Starting time step 11, stepsize 365.25 days, at day 123014/155594, date = 19-Oct-2360
 Newton its= 4, linearizations= 5 (1.6sec), linear its=  7 (7.2sec)

Starting time step 12, stepsize 365.25 days, at day 123379/155594, date = 19-Oct-2361
 Newton its= 6, linearizations= 7 (2.4sec), linear its=  7 (15.4sec)

Starting time step 13, stepsize 365.25 days, at day 123744/155594, date = 20-Oct-2362
 Newton its= 6, linearizations= 7 (2.5sec), linear its=  9 (9.7sec)

Starting time step 14, stepsize 365.25 days, at day 124109/155594, date = 20-Oct-2363
 Newton its= 7, linearizations= 8 (2.6sec), linear its=  6 (10.2sec)

Starting time step 15, stepsize 365.25 days, at day 124475/155594, date = 19-Oct-2364
 Newton its= 7, linearizations= 8 (2.6sec), linear its=  3 (8.7sec)

Starting time step 16, stepsize 365.25 days, at day 124840/155594, date = 19-Oct-2365
 Newton its= 4, linearizations= 5 (1.8sec), linear its=  4 (6.3sec)

Starting time step 17, stepsize 365.25 days, at day 125205/155594, date = 20-Oct-2366
 Newton its= 6, linearizations= 7 (2.4sec), linear its= 13 (18.5sec)

Starting time step 18, stepsize 365.25 days, at day 125570/155594, date = 20-Oct-2367
 Newton its= 5, linearizations= 6 (2.1sec), linear its=  2 (5.9sec)

Starting time step 19, stepsize 365.25 days, at day 125936/155594, date = 19-Oct-2368
 Newton its= 6, linearizations= 7 (2.4sec), linear its=  8 (9.7sec)

Starting time step 20, stepsize 365.25 days, at day 126301/155594, date = 19-Oct-2369
 Newton its= 6, linearizations= 7 (2.3sec), linear its=  3 (7.5sec)

Starting time step 21, stepsize 365.25 days, at day 126666/155594, date = 20-Oct-2370
 Newton its= 6, linearizations= 7 (2.3sec), linear its=  3 (7.2sec)

Starting time step 22, stepsize 365.25 days, at day 127031/155594, date = 20-Oct-2371
 Newton its= 6, linearizations= 7 (2.4sec), linear its= 13 (11.8sec)

Starting time step 23, stepsize 365.25 days, at day 127397/155594, date = 19-Oct-2372
 Newton its= 5, linearizations= 6 (1.9sec), linear its=  4 (13.1sec)

Starting time step 24, stepsize 365.25 days, at day 127762/155594, date = 19-Oct-2373
    Oscillating behavior detected: Relaxation set to 0.900000
 Newton its= 6, linearizations= 7 (2.4sec), linear its=  5 (8.0sec)

Starting time step 25, stepsize 365.25 days, at day 128127/155594, date = 20-Oct-2374
 Newton its= 4, linearizations= 5 (1.7sec), linear its=  5 (6.1sec)

Starting time step 26, stepsize 365.25 days, at day 128492/155594, date = 20-Oct-2375
 Newton its= 6, linearizations= 7 (2.5sec), linear its=  3 (6.8sec)

Starting time step 27, stepsize 365.25 days, at day 128858/155594, date = 19-Oct-2376
 Newton its= 6, linearizations= 7 (2.3sec), linear its=  8 (9.2sec)

Starting time step 28, stepsize 365.25 days, at day 129223/155594, date = 19-Oct-2377
 Newton its= 6, linearizations= 7 (2.4sec), linear its=  3 (13.1sec)

Starting time step 29, stepsize 365.25 days, at day 129588/155594, date = 20-Oct-2378
 Newton its= 4, linearizations= 5 (1.6sec), linear its=  3 (5.2sec)

Starting time step 30, stepsize 365.25 days, at day 129953/155594, date = 20-Oct-2379
    Oscillating behavior detected: Relaxation set to 0.900000
 Newton its= 7, linearizations= 8 (2.7sec), linear its=  9 (10.2sec)

Starting time step 31, stepsize 365.25 days, at day 130319/155594, date = 19-Oct-2380
 Newton its= 5, linearizations= 6 (2.0sec), linear its=  3 (6.4sec)

Starting time step 32, stepsize 365.25 days, at day 130684/155594, date = 19-Oct-2381
 Newton its= 5, linearizations= 6 (1.9sec), linear its=  5 (6.5sec)

Starting time step 33, stepsize 365.25 days, at day 131049/155594, date = 20-Oct-2382
 Newton its= 4, linearizations= 5 (1.6sec), linear its=  4 (5.4sec)

Starting time step 34, stepsize 365.25 days, at day 131414/155594, date = 20-Oct-2383
 Newton its= 6, linearizations= 7 (2.3sec), linear its=  2 (13.5sec)

Starting time step 35, stepsize 365.25 days, at day 131780/155594, date = 19-Oct-2384
    Oscillating behavior detected: Relaxation set to 0.900000
 Newton its= 7, linearizations= 8 (2.6sec), linear its=  8 (10.1sec)

Starting time step 36, stepsize 365.25 days, at day 132145/155594, date = 19-Oct-2385
 Newton its= 5, linearizations= 6 (2.1sec), linear its= 12 (9.9sec)

Starting time step 37, stepsize 365.25 days, at day 132510/155594, date = 20-Oct-2386
 Newton its= 8, linearizations= 9 (2.8sec), linear its= 18 (16.0sec)

Starting time step 38, stepsize 365.25 days, at day 132875/155594, date = 20-Oct-2387
 Newton its= 7, linearizations= 8 (2.5sec), linear its= 26 (22.8sec)

Starting time step 39, stepsize 365.25 days, at day 133241/155594, date = 19-Oct-2388
 Newton its= 7, linearizations= 8 (2.6sec), linear its=  5 (8.5sec)

Starting time step 40, stepsize 365.25 days, at day 133606/155594, date = 19-Oct-2389
 Newton its= 6, linearizations= 7 (2.2sec), linear its=  3 (6.6sec)

Starting time step 41, stepsize 365.25 days, at day 133971/155594, date = 20-Oct-2390
 Newton its= 5, linearizations= 6 (2.0sec), linear its=  4 (6.4sec)

Starting time step 42, stepsize 365.25 days, at day 134336/155594, date = 20-Oct-2391
 Newton its= 5, linearizations= 6 (1.9sec), linear its= 13 (10.4sec)

Starting time step 43, stepsize 365.25 days, at day 134702/155594, date = 19-Oct-2392
 Newton its= 6, linearizations= 7 (2.2sec), linear its= 10 (10.0sec)

Starting time step 44, stepsize 365.25 days, at day 135067/155594, date = 19-Oct-2393
 Newton its= 4, linearizations= 5 (1.7sec), linear its=  3 (10.8sec)

Starting time step 45, stepsize 365.25 days, at day 135432/155594, date = 20-Oct-2394
 Newton its= 6, linearizations= 7 (2.1sec), linear its=  9 (9.4sec)

Starting time step 46, stepsize 365.25 days, at day 135797/155594, date = 20-Oct-2395
 Newton its= 5, linearizations= 6 (2.0sec), linear its=  5 (6.2sec)

Starting time step 47, stepsize 365.25 days, at day 136163/155594, date = 19-Oct-2396
 Newton its= 5, linearizations= 6 (2.2sec), linear its=  3 (5.9sec)

Starting time step 48, stepsize 365.25 days, at day 136528/155594, date = 19-Oct-2397
 Newton its= 6, linearizations= 7 (2.3sec), linear its=  4 (7.4sec)

Starting time step 49, stepsize 365.25 days, at day 136893/155594, date = 20-Oct-2398
 Newton its= 9, linearizations=10 (3.4sec), linear its=  6 (16.7sec)

Starting time step 50, stepsize 324.667 days, at day 137258/155594, date = 20-Oct-2399
 Newton its= 3, linearizations= 4 (1.2sec), linear its=  3 (4.3sec)

Starting time step 51, stepsize 365.25 days, at day 137583/155594, date = 09-Sep-2400
 Newton its= 6, linearizations= 7 (2.3sec), linear its=  2 (6.3sec)

Starting time step 52, stepsize 365.25 days, at day 137948/155594, date = 09-Sep-2401
    Oscillating behavior detected: Relaxation set to 0.900000
 Newton its= 8, linearizations= 9 (3.0sec), linear its=  8 (10.9sec)

Starting time step 53, stepsize 365.25 days, at day 138314/155594, date = 09-Sep-2402
 Newton its= 3, linearizations= 4 (1.4sec), linear its=  3 (3.8sec)

Starting time step 54, stepsize 365.25 days, at day 138679/155594, date = 09-Sep-2403
    Oscillating behavior detected: Relaxation set to 0.900000
 Newton its= 7, linearizations= 8 (2.7sec), linear its=  5 (15.1sec)

Starting time step 55, stepsize 365.25 days, at day 139044/155594, date = 09-Sep-2404
    Oscillating behavior detected: Relaxation set to 0.900000
 Newton its=11, linearizations=12 (4.0sec), linear its= 14 (17.2sec)

Starting time step 56, stepsize 265.636 days, at day 139409/155594, date = 09-Sep-2405
    Oscillating behavior detected: Relaxation set to 0.900000
 Newton its= 8, linearizations= 9 (3.0sec), linear its=  4 (9.7sec)

Starting time step 57, stepsize 265.636 days, at day 139675/155594, date = 02-Jun-2406
 Newton its= 6, linearizations= 7 (2.3sec), linear its= 12 (11.6sec)

Starting time step 58, stepsize 365.25 days, at day 139941/155594, date = 22-Feb-2407
 Newton its= 7, linearizations= 8 (2.6sec), linear its=  6 (15.5sec)

Starting time step 59, stepsize 365.25 days, at day 140306/155594, date = 22-Feb-2408
    Oscillating behavior detected: Relaxation set to 0.900000
 Newton its= 8, linearizations= 9 (3.0sec), linear its= 15 (14.1sec)

Starting time step 60, stepsize 365.25 days, at day 140671/155594, date = 22-Feb-2409
    Oscillating behavior detected: Relaxation set to 0.900000
 Newton its= 6, linearizations= 7 (2.4sec), linear its= 16 (13.1sec)

Starting time step 61, stepsize 365.25 days, at day 141036/155594, date = 22-Feb-2410
 Newton its= 4, linearizations= 5 (1.7sec), linear its=  4 (5.3sec)

Starting time step 62, stepsize 365.25 days, at day 141402/155594, date = 22-Feb-2411
 Newton its= 5, linearizations= 6 (2.2sec), linear its=  3 (6.5sec)

Starting time step 63, stepsize 365.25 days, at day 141767/155594, date = 22-Feb-2412
 Newton its= 5, linearizations= 6 (2.0sec), linear its=  4 (12.8sec)

Starting time step 64, stepsize 365.25 days, at day 142132/155594, date = 22-Feb-2413
 Newton its= 7, linearizations= 8 (2.8sec), linear its= 21 (18.7sec)

Starting time step 65, stepsize 365.25 days, at day 142497/155594, date = 22-Feb-2414
 Newton its= 5, linearizations= 6 (2.0sec), linear its=  5 (7.6sec)

Starting time step 66, stepsize 365.25 days, at day 142863/155594, date = 22-Feb-2415
    Oscillating behavior detected: Relaxation set to 0.900000
 Newton its= 8, linearizations= 9 (3.1sec), linear its=  6 (11.2sec)

Starting time step 67, stepsize 365.25 days, at day 143228/155594, date = 22-Feb-2416
 Newton its= 6, linearizations= 7 (2.3sec), linear its=  6 (8.6sec)

Starting time step 68, stepsize 365.25 days, at day 143593/155594, date = 22-Feb-2417
    Oscillating behavior detected: Relaxation set to 0.900000
 Newton its= 7, linearizations= 8 (2.8sec), linear its=  4 (15.4sec)

Starting time step 69, stepsize 365.25 days, at day 143958/155594, date = 22-Feb-2418
 Newton its= 3, linearizations= 4 (1.3sec), linear its=  3 (4.4sec)

Starting time step 70, stepsize 365.25 days, at day 144324/155594, date = 22-Feb-2419
 Newton its= 5, linearizations= 6 (2.0sec), linear its=  3 (6.6sec)

Starting time step 71, stepsize 365.25 days, at day 144689/155594, date = 22-Feb-2420
 Newton its= 3, linearizations= 4 (1.4sec), linear its=  3 (4.4sec)

Starting time step 72, stepsize 365.25 days, at day 145054/155594, date = 22-Feb-2421
 Newton its= 5, linearizations= 6 (2.0sec), linear its= 15 (12.2sec)

Starting time step 73, stepsize 365.25 days, at day 145419/155594, date = 22-Feb-2422

Problem: Solver convergence failure - Iteration limit reached
Timestep chopped to 36.525 days


Starting time step 73, stepsize 36.525 days, at day 145419/155594, date = 22-Feb-2422
 Newton its= 1, linearizations= 2 (0.7sec), linear its=  1 (1.5sec)

Starting time step 74, stepsize 45.6562 days, at day 145456/155594, date = 30-Mar-2422
 Newton its= 1, linearizations= 2 (0.7sec), linear its=  1 (1.1sec)

Starting time step 75, stepsize 136.969 days, at day 145502/155594, date = 15-May-2422
    Oscillating behavior detected: Relaxation set to 0.900000
 Newton its= 3, linearizations= 4 (1.3sec), linear its=  2 (4.6sec)

Starting time step 76, stepsize 365.25 days, at day 145639/155594, date = 29-Sep-2422
 Newton its= 5, linearizations= 6 (1.9sec), linear its=  6 (7.9sec)

Starting time step 77, stepsize 365.25 days, at day 146004/155594, date = 29-Sep-2423
 Newton its= 4, linearizations= 5 (1.6sec), linear its=  3 (5.6sec)

Starting time step 78, stepsize 365.25 days, at day 146369/155594, date = 29-Sep-2424
 Newton its= 5, linearizations= 6 (2.1sec), linear its=  6 (7.7sec)

Starting time step 79, stepsize 365.25 days, at day 146734/155594, date = 29-Sep-2425
 Newton its= 6, linearizations= 7 (2.2sec), linear its=  3 (7.5sec)

Starting time step 80, stepsize 365.25 days, at day 147100/155594, date = 29-Sep-2426
 Newton its= 4, linearizations= 5 (1.6sec), linear its=  3 (12.4sec)

Starting time step 81, stepsize 365.25 days, at day 147465/155594, date = 29-Sep-2427
 Newton its= 6, linearizations= 7 (2.3sec), linear its=  3 (7.6sec)

Starting time step 82, stepsize 365.25 days, at day 147830/155594, date = 29-Sep-2428
 Newton its= 5, linearizations= 6 (2.0sec), linear its= 10 (10.0sec)

Starting time step 83, stepsize 365.25 days, at day 148195/155594, date = 29-Sep-2429
    Oscillating behavior detected: Relaxation set to 0.900000
 Newton its= 8, linearizations= 9 (3.0sec), linear its= 12 (13.9sec)

Starting time step 84, stepsize 365.25 days, at day 148561/155594, date = 29-Sep-2430
 Newton its= 6, linearizations= 7 (2.3sec), linear its=  7 (9.4sec)

Starting time step 85, stepsize 365.25 days, at day 148926/155594, date = 29-Sep-2431
 Newton its= 5, linearizations= 6 (2.0sec), linear its=  8 (15.3sec)

Starting time step 86, stepsize 365.25 days, at day 149291/155594, date = 29-Sep-2432
 Newton its= 4, linearizations= 5 (1.8sec), linear its=  5 (5.9sec)

Starting time step 87, stepsize 365.25 days, at day 149656/155594, date = 29-Sep-2433
 Newton its= 7, linearizations= 8 (2.7sec), linear its= 10 (12.0sec)

Starting time step 88, stepsize 365.25 days, at day 150022/155594, date = 29-Sep-2434
 Newton its= 4, linearizations= 5 (1.5sec), linear its=  5 (6.5sec)

Starting time step 89, stepsize 365.25 days, at day 150387/155594, date = 29-Sep-2435
 Newton its= 6, linearizations= 7 (2.4sec), linear its=  9 (9.6sec)

Starting time step 90, stepsize 365.25 days, at day 150752/155594, date = 29-Sep-2436
 Newton its= 5, linearizations= 6 (1.9sec), linear its=  4 (6.6sec)

Starting time step 91, stepsize 365.25 days, at day 151117/155594, date = 29-Sep-2437
 Newton its= 5, linearizations= 6 (2.2sec), linear its=  6 (14.2sec)

Starting time step 92, stepsize 365.25 days, at day 151483/155594, date = 29-Sep-2438
 Newton its= 4, linearizations= 5 (1.6sec), linear its=  3 (5.4sec)

Starting time step 93, stepsize 365.25 days, at day 151848/155594, date = 29-Sep-2439
 Newton its= 4, linearizations= 5 (1.6sec), linear its=  3 (5.5sec)

Starting time step 94, stepsize 365.25 days, at day 152213/155594, date = 29-Sep-2440
    Oscillating behavior detected: Relaxation set to 0.900000
 Newton its= 6, linearizations= 7 (2.4sec), linear its=  7 (9.2sec)

Starting time step 95, stepsize 365.25 days, at day 152578/155594, date = 29-Sep-2441
 Newton its= 5, linearizations= 6 (2.2sec), linear its=  5 (6.9sec)

Starting time step 96, stepsize 365.25 days, at day 152944/155594, date = 29-Sep-2442
 Newton its= 3, linearizations= 4 (1.3sec), linear its=  9 (6.7sec)

Starting time step 97, stepsize 365.25 days, at day 153309/155594, date = 29-Sep-2443
 Newton its= 6, linearizations= 7 (2.4sec), linear its=  3 (14.3sec)

Starting time step 98, stepsize 365.25 days, at day 153674/155594, date = 29-Sep-2444
 Newton its= 4, linearizations= 5 (1.7sec), linear its=  3 (5.3sec)

Starting time step 99, stepsize 365.25 days, at day 154039/155594, date = 29-Sep-2445
 Newton its= 3, linearizations= 4 (1.4sec), linear its=  2 (4.1sec)

Starting time step 100, stepsize 365.25 days, at day 154405/155594, date = 29-Sep-2446
 Newton its= 6, linearizations= 7 (2.4sec), linear its=  3 (7.6sec)

Starting time step 101, stepsize 365.25 days, at day 154770/155594, date = 29-Sep-2447
    Oscillating behavior detected: Relaxation set to 0.900000
 Newton its= 7, linearizations= 8 (2.7sec), linear its=  7 (10.5sec)

Starting time step 102, stepsize 229.48 days, at day 155135/155594, date = 29-Sep-2448
 Newton its= 5, linearizations= 6 (2.1sec), linear its=  4 (6.8sec)

Starting time step 103, stepsize 229.48 days, at day 155365/155594, date = 16-May-2449
 Newton its= 5, linearizations= 6 (1.9sec), linear its=  6 (14.7sec)


Report step 67/68 at day 155594/192118, date = 01-Jan-2450

Starting time step 0, stepsize 365.25 days, at day 155594/192118, date = 01-Jan-2450
Restart file written for report step 67/68, date = 01-Jan-2450 00:00:00
 Newton its= 4, linearizations= 5 (1.6sec), linear its=  4 (5.5sec)

Starting time step 1, stepsize 365.25 days, at day 155959/192118, date = 01-Jan-2451
 Newton its= 4, linearizations= 5 (1.8sec), linear its=  4 (5.9sec)

Starting time step 2, stepsize 365.25 days, at day 156324/192118, date = 01-Jan-2452
 Newton its= 5, linearizations= 6 (2.1sec), linear its= 10 (9.5sec)

Starting time step 3, stepsize 365.25 days, at day 156690/192118, date = 31-Dec-2452
 Newton its= 5, linearizations= 6 (2.1sec), linear its=  4 (6.9sec)

Starting time step 4, stepsize 365.25 days, at day 157055/192118, date = 01-Jan-2454
 Newton its= 4, linearizations= 5 (1.6sec), linear its=  5 (6.3sec)

Starting time step 5, stepsize 365.25 days, at day 157420/192118, date = 01-Jan-2455
    Oscillating behavior detected: Relaxation set to 0.900000
 Newton its= 7, linearizations= 8 (2.5sec), linear its=  8 (17.5sec)

Starting time step 6, stepsize 365.25 days, at day 157786/192118, date = 01-Jan-2456
 Newton its= 6, linearizations= 7 (2.5sec), linear its=  3 (8.0sec)

Starting time step 7, stepsize 365.25 days, at day 158151/192118, date = 31-Dec-2456
 Newton its= 5, linearizations= 6 (1.9sec), linear its=  2 (6.5sec)

Starting time step 8, stepsize 365.25 days, at day 158516/192118, date = 01-Jan-2458
 Newton its= 4, linearizations= 5 (1.7sec), linear its=  3 (5.1sec)

Starting time step 9, stepsize 365.25 days, at day 158881/192118, date = 01-Jan-2459
 Newton its= 5, linearizations= 6 (2.2sec), linear its=  7 (7.9sec)

Starting time step 10, stepsize 365.25 days, at day 159246/192118, date = 01-Jan-2460
    Oscillating behavior detected: Relaxation set to 0.900000
 Newton its= 4, linearizations= 5 (1.7sec), linear its=  5 (6.5sec)

Starting time step 11, stepsize 365.25 days, at day 159612/192118, date = 31-Dec-2460
 Newton its= 3, linearizations= 4 (1.5sec), linear its=  2 (4.0sec)

Starting time step 12, stepsize 365.25 days, at day 159977/192118, date = 01-Jan-2462
 Newton its= 5, linearizations= 6 (2.0sec), linear its=  3 (12.8sec)

Starting time step 13, stepsize 365.25 days, at day 160342/192118, date = 01-Jan-2463
 Newton its= 7, linearizations= 8 (2.6sec), linear its=  4 (8.6sec)

Starting time step 14, stepsize 365.25 days, at day 160708/192118, date = 01-Jan-2464
    Oscillating behavior detected: Relaxation set to 0.900000
 Newton its= 7, linearizations= 8 (2.6sec), linear its=  6 (9.3sec)

Starting time step 15, stepsize 365.25 days, at day 161073/192118, date = 31-Dec-2464
 Newton its= 4, linearizations= 5 (1.7sec), linear its=  3 (5.2sec)

Starting time step 16, stepsize 365.25 days, at day 161438/192118, date = 01-Jan-2466
 Newton its= 4, linearizations= 5 (1.8sec), linear its=  4 (5.6sec)

Starting time step 17, stepsize 365.25 days, at day 161803/192118, date = 01-Jan-2467
 Newton its= 5, linearizations= 6 (2.0sec), linear its=  3 (6.3sec)

Starting time step 18, stepsize 365.25 days, at day 162168/192118, date = 01-Jan-2468
 Newton its= 4, linearizations= 5 (1.8sec), linear its=  2 (10.8sec)

Starting time step 19, stepsize 365.25 days, at day 162534/192118, date = 31-Dec-2468
 Newton its= 5, linearizations= 6 (2.0sec), linear its=  2 (6.0sec)

Starting time step 20, stepsize 365.25 days, at day 162899/192118, date = 01-Jan-2470
 Newton its= 6, linearizations= 7 (2.2sec), linear its=  3 (7.4sec)

Starting time step 21, stepsize 365.25 days, at day 163264/192118, date = 01-Jan-2471
 Newton its= 6, linearizations= 7 (2.5sec), linear its=  7 (9.3sec)

Starting time step 22, stepsize 365.25 days, at day 163630/192118, date = 01-Jan-2472
 Newton its= 3, linearizations= 4 (1.5sec), linear its=  2 (4.2sec)

Starting time step 23, stepsize 365.25 days, at day 163995/192118, date = 31-Dec-2472
 Newton its= 4, linearizations= 5 (1.7sec), linear its=  3 (5.0sec)

Starting time step 24, stepsize 365.25 days, at day 164360/192118, date = 01-Jan-2474
 Newton its= 3, linearizations= 4 (1.5sec), linear its=  6 (11.7sec)

Starting time step 25, stepsize 365.25 days, at day 164725/192118, date = 01-Jan-2475
 Newton its= 4, linearizations= 5 (1.7sec), linear its=  6 (6.6sec)

Starting time step 26, stepsize 365.25 days, at day 165090/192118, date = 01-Jan-2476
    Oscillating behavior detected: Relaxation set to 0.900000
 Newton its= 5, linearizations= 6 (2.1sec), linear its=  7 (8.0sec)

Starting time step 27, stepsize 365.25 days, at day 165456/192118, date = 31-Dec-2476
 Newton its= 4, linearizations= 5 (1.6sec), linear its=  6 (6.9sec)

Starting time step 28, stepsize 365.25 days, at day 165821/192118, date = 01-Jan-2478
 Newton its= 4, linearizations= 5 (1.6sec), linear its=  3 (5.3sec)

Starting time step 29, stepsize 365.25 days, at day 166186/192118, date = 01-Jan-2479
 Newton its= 4, linearizations= 5 (1.6sec), linear its=  5 (6.2sec)

Starting time step 30, stepsize 365.25 days, at day 166552/192118, date = 01-Jan-2480
 Newton its= 6, linearizations= 7 (2.3sec), linear its= 11 (10.7sec)

Starting time step 31, stepsize 365.25 days, at day 166917/192118, date = 31-Dec-2480
    Oscillating behavior detected: Relaxation set to 0.900000
 Newton its= 8, linearizations= 9 (2.9sec), linear its= 12 (20.2sec)

Starting time step 32, stepsize 365.25 days, at day 167282/192118, date = 01-Jan-2482
 Newton its= 4, linearizations= 5 (1.6sec), linear its=  6 (6.8sec)

Starting time step 33, stepsize 365.25 days, at day 167647/192118, date = 01-Jan-2483
 Newton its= 5, linearizations= 6 (1.9sec), linear its= 10 (10.3sec)

Starting time step 34, stepsize 365.25 days, at day 168012/192118, date = 01-Jan-2484
 Newton its= 6, linearizations= 7 (2.8sec), linear its= 11 (12.4sec)

Starting time step 35, stepsize 365.25 days, at day 168378/192118, date = 31-Dec-2484
 Newton its= 6, linearizations= 7 (2.4sec), linear its=  6 (9.2sec)

Starting time step 36, stepsize 365.25 days, at day 168743/192118, date = 01-Jan-2486
    Oscillating behavior detected: Relaxation set to 0.900000
 Newton its= 6, linearizations= 7 (2.5sec), linear its=  5 (14.5sec)

Starting time step 37, stepsize 365.25 days, at day 169108/192118, date = 01-Jan-2487
 Newton its= 5, linearizations= 6 (2.0sec), linear its=  6 (7.1sec)

Starting time step 38, stepsize 365.25 days, at day 169474/192118, date = 01-Jan-2488
 Newton its= 2, linearizations= 3 (1.1sec), linear its=  2 (2.7sec)

Starting time step 39, stepsize 365.25 days, at day 169839/192118, date = 31-Dec-2488
 Newton its= 4, linearizations= 5 (1.6sec), linear its=  5 (6.3sec)

Starting time step 40, stepsize 365.25 days, at day 170204/192118, date = 01-Jan-2490
 Newton its= 6, linearizations= 7 (2.3sec), linear its=  5 (8.4sec)

Starting time step 41, stepsize 365.25 days, at day 170569/192118, date = 01-Jan-2491
 Newton its= 4, linearizations= 5 (1.7sec), linear its=  2 (5.1sec)

Starting time step 42, stepsize 365.25 days, at day 170934/192118, date = 01-Jan-2492
 Newton its= 4, linearizations= 5 (1.8sec), linear its=  5 (6.1sec)

Starting time step 43, stepsize 365.25 days, at day 171300/192118, date = 31-Dec-2492
 Newton its= 4, linearizations= 5 (1.5sec), linear its=  3 (11.3sec)

Starting time step 44, stepsize 365.25 days, at day 171665/192118, date = 01-Jan-2494
 Newton its= 5, linearizations= 6 (2.2sec), linear its=  8 (8.0sec)

Starting time step 45, stepsize 365.25 days, at day 172030/192118, date = 01-Jan-2495
    Oscillating behavior detected: Relaxation set to 0.900000
 Newton its= 7, linearizations= 8 (2.9sec), linear its= 11 (11.7sec)

Starting time step 46, stepsize 365.25 days, at day 172396/192118, date = 01-Jan-2496
 Newton its= 4, linearizations= 5 (1.7sec), linear its=  7 (6.9sec)

Starting time step 47, stepsize 365.25 days, at day 172761/192118, date = 31-Dec-2496
 Newton its= 4, linearizations= 5 (1.8sec), linear its=  6 (6.3sec)

Starting time step 48, stepsize 365.25 days, at day 173126/192118, date = 01-Jan-2498
 Newton its= 3, linearizations= 4 (1.3sec), linear its=  2 (4.2sec)

Starting time step 49, stepsize 365.25 days, at day 173491/192118, date = 01-Jan-2499
 Newton its= 4, linearizations= 5 (1.6sec), linear its=  4 (6.0sec)

Starting time step 50, stepsize 365.25 days, at day 173856/192118, date = 01-Jan-2500
 Newton its= 6, linearizations= 7 (2.5sec), linear its=  7 (15.5sec)

Starting time step 51, stepsize 365.25 days, at day 174222/192118, date = 01-Jan-2501
 Newton its= 3, linearizations= 4 (1.6sec), linear its=  3 (4.1sec)

Starting time step 52, stepsize 365.25 days, at day 174587/192118, date = 02-Jan-2502
 Newton its= 4, linearizations= 5 (1.9sec), linear its= 10 (9.4sec)

Starting time step 53, stepsize 365.25 days, at day 174952/192118, date = 02-Jan-2503
 Newton its= 5, linearizations= 6 (2.0sec), linear its=  3 (6.6sec)

Starting time step 54, stepsize 365.25 days, at day 175318/192118, date = 02-Jan-2504
 Newton its= 4, linearizations= 5 (1.6sec), linear its=  3 (5.4sec)

Starting time step 55, stepsize 365.25 days, at day 175683/192118, date = 01-Jan-2505
 Newton its= 6, linearizations= 7 (2.4sec), linear its=  7 (9.4sec)

Starting time step 56, stepsize 365.25 days, at day 176048/192118, date = 02-Jan-2506
 Newton its= 4, linearizations= 5 (1.9sec), linear its=  3 (12.4sec)

Starting time step 57, stepsize 365.25 days, at day 176413/192118, date = 02-Jan-2507
 Newton its= 5, linearizations= 6 (2.1sec), linear its=  4 (6.8sec)

Starting time step 58, stepsize 365.25 days, at day 176778/192118, date = 02-Jan-2508
 Newton its= 4, linearizations= 5 (1.7sec), linear its=  3 (5.4sec)

Starting time step 59, stepsize 365.25 days, at day 177144/192118, date = 01-Jan-2509
 Newton its= 4, linearizations= 5 (1.6sec), linear its=  4 (5.7sec)

Starting time step 60, stepsize 365.25 days, at day 177509/192118, date = 02-Jan-2510
 Newton its= 4, linearizations= 5 (1.7sec), linear its=  3 (5.4sec)

Starting time step 61, stepsize 365.25 days, at day 177874/192118, date = 02-Jan-2511
 Newton its= 3, linearizations= 4 (1.2sec), linear its=  5 (4.7sec)

Starting time step 62, stepsize 365.25 days, at day 178240/192118, date = 02-Jan-2512
 Newton its= 3, linearizations= 4 (1.3sec), linear its=  2 (3.8sec)

Starting time step 63, stepsize 365.25 days, at day 178605/192118, date = 01-Jan-2513
 Newton its= 3, linearizations= 4 (1.3sec), linear its=  2 (3.8sec)

Starting time step 64, stepsize 365.25 days, at day 178970/192118, date = 02-Jan-2514
 Newton its= 3, linearizations= 4 (1.3sec), linear its=  2 (4.2sec)

Starting time step 65, stepsize 365.25 days, at day 179335/192118, date = 02-Jan-2515
 Newton its= 3, linearizations= 4 (1.4sec), linear its=  2 (10.7sec)

Starting time step 66, stepsize 365.25 days, at day 179700/192118, date = 02-Jan-2516
 Newton its= 3, linearizations= 4 (1.3sec), linear its=  3 (4.1sec)

Starting time step 67, stepsize 365.25 days, at day 180066/192118, date = 01-Jan-2517
 Newton its= 7, linearizations= 8 (2.6sec), linear its=  8 (9.8sec)

Starting time step 68, stepsize 365.25 days, at day 180431/192118, date = 02-Jan-2518
 Newton its= 4, linearizations= 5 (1.7sec), linear its=  3 (5.2sec)

Starting time step 69, stepsize 365.25 days, at day 180796/192118, date = 02-Jan-2519
 Newton its= 3, linearizations= 4 (1.5sec), linear its=  2 (3.9sec)

Starting time step 70, stepsize 365.25 days, at day 181162/192118, date = 02-Jan-2520
 Newton its= 7, linearizations= 8 (2.8sec), linear its=  2 (7.8sec)

Starting time step 71, stepsize 365.25 days, at day 181527/192118, date = 01-Jan-2521
 Newton its= 3, linearizations= 4 (1.4sec), linear its=  2 (4.0sec)

Starting time step 72, stepsize 365.25 days, at day 181892/192118, date = 02-Jan-2522
 Newton its= 5, linearizations= 6 (2.0sec), linear its=  2 (12.1sec)

Starting time step 73, stepsize 365.25 days, at day 182257/192118, date = 02-Jan-2523
 Newton its= 4, linearizations= 5 (1.5sec), linear its=  4 (5.1sec)

Starting time step 74, stepsize 365.25 days, at day 182622/192118, date = 02-Jan-2524
 Newton its= 3, linearizations= 4 (1.3sec), linear its=  3 (4.0sec)

Starting time step 75, stepsize 365.25 days, at day 182988/192118, date = 01-Jan-2525
 Newton its= 2, linearizations= 3 (1.0sec), linear its=  2 (2.6sec)

Starting time step 76, stepsize 365.25 days, at day 183353/192118, date = 02-Jan-2526
 Newton its= 6, linearizations= 7 (2.4sec), linear its=  4 (7.0sec)

Starting time step 77, stepsize 365.25 days, at day 183718/192118, date = 02-Jan-2527
 Newton its= 4, linearizations= 5 (1.7sec), linear its=  3 (5.0sec)

Starting time step 78, stepsize 365.25 days, at day 184084/192118, date = 02-Jan-2528
 Newton its= 5, linearizations= 6 (2.1sec), linear its=  3 (5.8sec)

Starting time step 79, stepsize 365.25 days, at day 184449/192118, date = 01-Jan-2529
 Newton its= 4, linearizations= 5 (1.8sec), linear its=  3 (10.8sec)

Starting time step 80, stepsize 365.25 days, at day 184814/192118, date = 02-Jan-2530
    Oscillating behavior detected: Relaxation set to 0.900000
 Newton its= 6, linearizations= 7 (2.3sec), linear its=  5 (7.3sec)

Starting time step 81, stepsize 365.25 days, at day 185179/192118, date = 02-Jan-2531
 Newton its= 4, linearizations= 5 (1.7sec), linear its=  8 (7.5sec)

Starting time step 82, stepsize 365.25 days, at day 185544/192118, date = 02-Jan-2532
 Newton its= 4, linearizations= 5 (1.7sec), linear its=  4 (5.5sec)

Starting time step 83, stepsize 365.25 days, at day 185910/192118, date = 01-Jan-2533
 Newton its= 3, linearizations= 4 (1.4sec), linear its=  4 (4.5sec)

Starting time step 84, stepsize 365.25 days, at day 186275/192118, date = 02-Jan-2534
 Newton its= 5, linearizations= 6 (2.4sec), linear its= 10 (8.7sec)

Starting time step 85, stepsize 365.25 days, at day 186640/192118, date = 02-Jan-2535
 Newton its= 3, linearizations= 4 (1.6sec), linear its=  2 (3.8sec)

Starting time step 86, stepsize 365.25 days, at day 187006/192118, date = 02-Jan-2536
 Newton its= 4, linearizations= 5 (1.8sec), linear its=  5 (12.1sec)

Starting time step 87, stepsize 365.25 days, at day 187371/192118, date = 01-Jan-2537
 Newton its= 4, linearizations= 5 (1.8sec), linear its=  3 (4.9sec)

Starting time step 88, stepsize 365.25 days, at day 187736/192118, date = 02-Jan-2538
 Newton its= 3, linearizations= 4 (1.4sec), linear its=  6 (4.9sec)

Starting time step 89, stepsize 365.25 days, at day 188101/192118, date = 02-Jan-2539
 Newton its= 4, linearizations= 5 (1.8sec), linear its=  4 (5.3sec)

Starting time step 90, stepsize 365.25 days, at day 188466/192118, date = 02-Jan-2540
 Newton its= 3, linearizations= 4 (1.4sec), linear its=  3 (4.3sec)

Starting time step 91, stepsize 365.25 days, at day 188832/192118, date = 01-Jan-2541
 Newton its= 5, linearizations= 6 (2.0sec), linear its= 13 (10.6sec)

Starting time step 92, stepsize 365.25 days, at day 189197/192118, date = 02-Jan-2542
 Newton its= 3, linearizations= 4 (1.4sec), linear its=  2 (3.7sec)

Starting time step 93, stepsize 365.25 days, at day 189562/192118, date = 02-Jan-2543
 Newton its= 3, linearizations= 4 (1.4sec), linear its=  2 (3.8sec)

Starting time step 94, stepsize 365.25 days, at day 189928/192118, date = 02-Jan-2544
 Newton its= 3, linearizations= 4 (1.4sec), linear its=  2 (3.9sec)

Starting time step 95, stepsize 365.25 days, at day 190293/192118, date = 01-Jan-2545
 Newton its= 3, linearizations= 4 (1.3sec), linear its=  2 (10.4sec)

Starting time step 96, stepsize 365.25 days, at day 190658/192118, date = 02-Jan-2546
 Newton its= 4, linearizations= 5 (1.9sec), linear its= 10 (8.5sec)

Starting time step 97, stepsize 365.25 days, at day 191023/192118, date = 02-Jan-2547
 Newton its= 3, linearizations= 4 (1.5sec), linear its=  3 (4.1sec)

Starting time step 98, stepsize 365.25 days, at day 191388/192118, date = 02-Jan-2548
 Newton its= 3, linearizations= 4 (1.2sec), linear its=  5 (4.8sec)

Starting time step 99, stepsize 364.25 days, at day 191754/192118, date = 01-Jan-2549
 Newton its= 4, linearizations= 5 (1.7sec), linear its=  5 (5.9sec)

Restart file written for report step 68/68, date = 01-Jan-2550 00:00:00


================    End of simulation     ===============

Number of MPI processes:        16
Threads per MPI process:         2
Setup time:                    244.62 s
  Deck input:                   34.44 s
Number of timesteps:           918
Simulation time:             14950.05 s
  Assembly time:              2489.90 s (Wasted: 83.6 s; 3.4%)
    Well assembly:               4.52 s (Wasted: 0.2 s; 3.6%)
  Linear solve time:         10430.01 s (Wasted: 378.5 s; 3.6%)
    Linear setup:             6333.29 s (Wasted: 243.9 s; 3.9%)
  Props/update time:          1650.52 s (Wasted: 61.6 s; 3.7%)
  Pre/post step:               278.34 s (Wasted: 1.0 s; 0.4%)
  Output write time:            56.35 s
Overall Linearizations:       7366      (Wasted:   247; 3.4%)
Overall Newton Iterations:    6467      (Wasted:   247; 3.8%)
Overall Linear Iterations:    5813      (Wasted:   171; 2.9%)



Error summary:
Warnings          290
Info              2261
Errors            0
Bugs              0
Debug             0
Problems          19
