


 ########  #          ######   #           #
 #         #         #      #   #         #
 #####     #         #      #    #   #   #
 #         #         #      #     # # # #
 #         #######    ######       #   #

Flow is a simulator for fully implicit three-phase black-oil flow, and is part of OPM.
For more information visit: https://opm-project.org

Flow Version     =  2026.04-pre (bf0fd3faf)
Machine name     =  [REDACTED] (Number of logical cores: 72, Memory size: 63779.43 MB)
Operating system =  Linux x86_64 (Kernel: 6.6.87.2-microsoft-standard-WSL2, #1 SMP PREEMPT_DYNAMIC Thu Jun  5 18:30:46 UTC 2025 )
Build time       =  2026-01-28 at 12:12:18 hrs
Simulation started on 10-08-2026 at 14:00:53 hrs
Using 16 MPI processes with 2 OMP threads on each
Parameters used by Flow:
# [known parameters which were specified at run-time]
EnableTuning="1" # default: "0"
OutputDir="./out" # default: ""
EclDeckFileName="FINE.DATA" # default: ""
# [parameters which were specified at compile-time]
AcceleratorMode="none"
ActionParsingStrictness="normal"
AddCorners="0"
AllowDistributedWells="0"
AllowSplittingInactiveWells="1"
AlternativeWellRateInit="1"
CheckGroupConstraintsInnerWellIterations="1"
CheckSatfuncConsistency="1"
ConserveInnerEnergyThermal="0"
ContinueOnConvergenceError="0"
ConvergenceMonitoring="0"
ConvergenceMonitoringCutOff="6"
ConvergenceMonitoringDecayFactor="0.75"
CprReuseInterval="30"
CprReuseSetup="4"
CprWeightsThreadParallel="0"
DbhpMaxRel="1"
DebugEmitCellPartition="0"
DebugVerbosityLevel="1"
DpMaxRel="0.3"
DsMax="0.2"
DwellFractionMax="0.2"
EclOutputDoublePrecision="0"
EclOutputInterval="-1"
EdgeConformal="0"
EdgeWeightsMethod="transmissibility"
EnableAdaptiveTimeStepping="1"
EnableAsyncEclOutput="1"
EnableAsyncVtkOutput="1"
EnableDriftCompensation="0"
EnableDriftCompensationTemp="1"
EnableDryRun="auto"
EnableEclOutput="1"
EnableEsmry="1"
EnableGravity="1"
EnableGridAdaptation="0"
EnableIntensiveQuantityCache="1"
EnableLoggingFalloutWarning="0"
EnableOpmRstFile="0"
EnableStorageCache="1"
EnableTerminalOutput="1"
EnableThermodynamicHints="0"
EnableVtkOutput="0"
EnableWellOperabilityCheck="1"
EnableWellOperabilityCheckIter="0"
EnableWriteAllSolutions="0"
EndTime="1e+100"
ExplicitRockCompaction="0"
ExternalPartition=""
ForceDisableFluidInPlaceOutput="0"
ForceDisableResvFluidInPlaceOutput="0"
FullTimeStepInitially="0"
GpuAwareMpi="0"
GpuDeviceId="0"
HybridNewtonConfigFile="hybridNewtonConfig.json"
IgnoreKeywords=""
IluFillinLevel="0"
IluRedblack="0"
IluRelaxation="0.9"
IluReorderSpheres="0"
ImbalanceTol="1.1"
InitialTimeStepInDays="1"
InitialTimeStepSize="86400"
InjMultDampMult="0.9"
InjMultMinDampFactor="0.05"
InjMultOscThreshold="0.1"
InputSkipMode="100"
LinearSolver="cprw"
LinearSolverAccelerator="cpu"
LinearSolverIgnoreConvergenceFailure="0"
LinearSolverMaxIter="200"
LinearSolverPrintJsonDefinition="1"
LinearSolverReduction="0.01"
LinearSolverRestart="40"
LinearSolverVerbosity="0"
LoadFile=""
LoadStep="-1"
LocalDomainsOrderingMeasure="maxpressure"
LocalDomainsPartitionWellNeighborLevels="1"
LocalDomainsPartitioningImbalance="1.03"
LocalDomainsPartitioningMethod="zoltan"
LocalSolveApproach="gauss-seidel"
LocalToleranceScalingCnv="0.1"
LocalToleranceScalingMb="1"
LocalWellSolveControlSwitching="1"
MatrixAddWellContributions="0"
MaxInnerIterMsWells="100"
MaxInnerIterWells="50"
MaxLocalSolveIterations="20"
MaxNewtonIterationsWithInnerWellIterations="99"
MaxPressureChangeMsWells="1e+06"
MaxResidualAllowed="1e+07"
MaxSinglePrecisionDays="20"
MaxTemperatureChange="5"
MaxTimeStepDivisions="10"
MaxTimeStepSize="inf"
MaxWellStatusSwitchForWells="99"
MaxWellStatusSwitchInInnerIterWells="99"
MaxWelleqIter="30"
MaximumNumberOfGroupSwitches="3"
MaximumNumberOfWellSwitches="3"
MaximumWaterSaturation="1"
MetisParams="default"
MiluVariant="ilu"
MinStrictCnvIter="-1"
MinStrictMbIter="-1"
MinTimeStepBasedOnNewtonIterations="0"
MinTimeStepBeforeShuttingProblematicWellsInDays="0.01"
MinTimeStepSize="0"
NetworkMaxOuterIterations="10"
NetworkMaxPressureUpdateInBars="5"
NetworkMaxStrictOuterIterations="10"
NetworkMaxSubIterations="20"
NetworkPressureUpdateDampingFactor="0.1"
NewtonMaxError="1e+100"
NewtonMaxIterations="20"
NewtonMaxRelax="0.5"
NewtonMinIterations="2"
NewtonRelaxationType="dampen"
NewtonTargetIterations="10"
NewtonTolerance="0.01"
NewtonVerbose="1"
NewtonWriteConvergence="0"
NlddLocalLinearSolver="ilu0"
NlddLocalLinearSolverMaxIter="200"
NlddLocalLinearSolverReduction="0.01"
NlddNumInitialNewtonIter="1"
NlddRelativeMobilityChangeTol="0.1"
NonlinearSolver="newton"
NumLocalDomains="0"
NumOverlap="1"
NumPressurePointsEquil="2000"
NumSatfuncConsistencySamplePoints="5"
NupcolGroupRateTolerance="0.001"
OpenclIluParallel="1"
OpenclPlatformId="0"
OutputExtraConvergenceInfo="none"
OutputInterval="1"
OutputMode="all"
OwnerCellsFirst="1"
ParameterFile=""
ParsingStrictness="normal"
PartitionMethod="zoltanwell"
PreSolveNetwork="1"
PredeterminedTimeStepsFile=""
PressureMax="1e+99"
PressureMin="-1e+99"
PressureScale="1"
PriVarOscilationThreshold="1e-05"
PrintParameters="2"
ProjectSaturations="0"
RegularizationFactorWells="100"
RelaxedLinearSolverReduction="0.01"
RelaxedMaxPvFraction="0.03"
RelaxedPressureTolMsw="10000"
RelaxedWellFlowTol="0.001"
RestartTime="-1e+35"
RestartWritingInterval="16777215"
SaveFile=""
SaveStep=""
ScaleLinearSystem="0"
SchedRestart="0"
SerialPartitioning="0"
ShutUnsolvableWells="1"
Slave="0"
SolveWelleqInitially="1"
SolverContinueOnConvergenceFailure="0"
SolverGrowthFactor="2"
SolverMaxGrowth="3"
SolverMaxRestarts="10"
SolverMaxTimeStepInDays="365"
SolverMinTimeStep="1e-12"
SolverRestartFactor="0.33"
SolverVerbosity="1"
StrictInnerIterWells="40"
StrictOuterIterWells="6"
TemperatureMax="1e+09"
TemperatureMin="0"
ThreadsPerProcess="2"
TimeStepAfterEventInDays="-1"
TimeStepControl="pid+newtoniteration"
TimeStepControlDecayDampingFactor="1"
TimeStepControlDecayRate="0.75"
TimeStepControlFileName="timesteps"
TimeStepControlGrowthDampingFactor="3.2"
TimeStepControlGrowthRate="1.25"
TimeStepControlMaxReductionTimeStep="0.1"
TimeStepControlParameters="0.125;0.25;0.125;0.75;0.25"
TimeStepControlRejectCompletedStep="0"
TimeStepControlSafetyFactor="0.8"
TimeStepControlTargetIterations="30"
TimeStepControlTargetNewtonIterations="8"
TimeStepControlTolerance="0.1"
TimeStepControlToleranceTestVersion="standard"
TimeStepVerbosity="1"
ToleranceCnv="0.01"
ToleranceCnvEnergy="0.4182"
ToleranceCnvEnergyRelaxed="41.82"
ToleranceCnvRelaxed="1"
ToleranceEnergyBalance="4.182e-06"
ToleranceEnergyBalanceRelaxed="4.182e-05"
ToleranceMaxDp="0"
ToleranceMaxDrs="0"
ToleranceMaxDrv="0"
ToleranceMaxDs="0"
ToleranceMb="1e-07"
ToleranceMbRelaxed="1e-06"
TolerancePressureMsWells="1000"
ToleranceWellControl="1e-07"
ToleranceWells="0.0001"
UpdateEquationsScaling="0"
UseAverageDensityMsWells="0"
UseGmres="0"
UseHybridNewton="0"
UseImplicitIpr="1"
UseMultisegmentWell="1"
UseUpdateStabilization="1"
VerifyGpuAwareMpi="0"
VtkWriteAverageMolarMasses="0"
VtkWriteDensities="1"
VtkWriteDiffusionCoefficients="0"
VtkWriteDofIndex="0"
VtkWriteEffectiveDiffusionCoefficients="0"
VtkWriteExtrusionFactor="0"
VtkWriteFilterVelocities="0"
VtkWriteFugacities="0"
VtkWriteFugacityCoeffs="0"
VtkWriteGasDissolutionFactor="0"
VtkWriteGasFormationVolumeFactor="0"
VtkWriteGasSaturationPressure="0"
VtkWriteIntrinsicPermeabilities="0"
VtkWriteMassFractions="0"
VtkWriteMobilities="0"
VtkWriteMolarities="0"
VtkWriteMoleFractions="1"
VtkWriteOilFormationVolumeFactor="0"
VtkWriteOilSaturationPressure="0"
VtkWriteOilVaporizationFactor="0"
VtkWritePorosity="1"
VtkWritePotentialGradients="0"
VtkWritePressures="1"
VtkWritePrimaryVars="0"
VtkWritePrimaryVarsMeaning="0"
VtkWriteProcessRank="0"
VtkWriteRelativePermeabilities="1"
VtkWriteSaturatedGasOilVaporizationFactor="0"
VtkWriteSaturatedOilGasDissolutionFactor="0"
VtkWriteSaturationRatios="0"
VtkWriteSaturations="1"
VtkWriteTemperature="1"
VtkWriteTortuosities="0"
VtkWriteTotalMassFractions="0"
VtkWriteTotalMoleFractions="0"
VtkWriteTracerConcentration="0"
VtkWriteViscosities="0"
VtkWriteWaterFormationVolumeFactor="0"
WaterOnlyThreshold="1"
WellGroupConstraintsMaxIterations="1"
ZoltanImbalanceTol="1.1"
ZoltanParams="graph"
ZoltanPhgEdgeSizeThreshold="0.35"

Reading deck file 'FINE.DATA'
    0 Reading RUNSPEC  in FINE.DATA line 1
    1 Reading DIMENS   in FINE.DATA line 3
    2 Reading WELLDIMS in ecmor-2026/common/RUNSPEC.inc line 1
    3 Reading START    in ecmor-2026/common/RUNSPEC.inc line 4
    4 Reading METRIC   in ecmor-2026/common/RUNSPEC.inc line 7
    5 Reading EQLDIMS  in ecmor-2026/common/RUNSPEC.inc line 9
    6 Reading CO2STORE in ecmor-2026/common/RUNSPEC.inc line 12
    7 Reading GAS      in ecmor-2026/common/RUNSPEC.inc line 13
    8 Reading WATER    in ecmor-2026/common/RUNSPEC.inc line 14
    9 Reading MULTOUT  in ecmor-2026/common/RUNSPEC.inc line 16
   10 Reading ENDSCALE in ecmor-2026/common/RUNSPEC.inc line 20
   11 Reading TABDIMS  in FINE.DATA line 9
   12 Reading GRID     in FINE.DATA line 12
   13 Reading INIT     in FINE.DATA line 14
   14 Reading GRIDUNIT in FINE.DATA line 16
   15 Reading MAPUNITS in FINE.DATA line 19
   16 Reading MAPAXES  in ecmor-2026/common/MAPAXES.inc line 1
   17 Reading PINCH    in FINE.DATA line 25
   18 Reading COORD    in ecmor-2026/fine/GRID.INC line 1
   19 Reading ZCORN    in ecmor-2026/fine/GRID.INC line 32729
   20 Reading ACTNUM   in ecmor-2026/fine/ACTNUM.INC line 1
   21 Reading PORO     in ecmor-2026/fine/PORO.INC line 1
   22 Reading PERMX    in ecmor-2026/fine/PERMX.INC line 1
   23 Reading FLUXNUM  in ecmor-2026/fine/FLUXNUM.INC line 1
   24 Reading COPY     in FINE.DATA line 43
   25 Reading MULTIPLY in FINE.DATA line 48
   26 Reading ADDREG   in ecmor-2026/fine/ADDREG.INC line 1
   27 Reading JFUNC    in ecmor-2026/common/JFUNC.INC line 1
   28 Reading PROPS    in FINE.DATA line 58
   29 Reading SALINITY in ecmor-2026/common/PROPS.INC line 1
   30 Reading ROCK     in ecmor-2026/common/PROPS.INC line 4
   31 Reading SGWFN    in ecmor-2026/common/SGWFN.inc line 1
   32 Reading REGIONS  in FINE.DATA line 66
   33 Reading EQUALS   in FINE.DATA line 68
   34 Reading SOLUTION in FINE.DATA line 76
   35 Reading EQUIL    in ecmor-2026/common/SOLUTION.INC line 1
   36 Reading RPTRST   in ecmor-2026/common/SOLUTION.INC line 4
   37 Reading RTEMPVD  in ecmor-2026/common/SOLUTION.INC line 7
   38 Reading SUMMARY  in FINE.DATA line 81
   39 Reading PERFORMA in ecmor-2026/common/SUMMARY.INC line 1
   40 Reading RPR      in ecmor-2026/common/SUMMARY.INC line 2
   41 Reading RPRP     in ecmor-2026/common/SUMMARY.INC line 4
   42 Reading RGMDS    in ecmor-2026/common/SUMMARY.INC line 6
   43 Reading RGMIP    in ecmor-2026/common/SUMMARY.INC line 8
   44 Reading FPR      in ecmor-2026/common/SUMMARY.INC line 10
   45 Reading FPRP     in ecmor-2026/common/SUMMARY.INC line 11
   46 Reading FGMIP    in ecmor-2026/common/SUMMARY.INC line 12
   47 Reading FGMDS    in ecmor-2026/common/SUMMARY.INC line 13
   48 Reading FGMIR    in ecmor-2026/common/SUMMARY.INC line 14
   49 Reading FGMIT    in ecmor-2026/common/SUMMARY.INC line 15
   50 Reading WGMIR    in ecmor-2026/common/SUMMARY.INC line 16
   51 Reading WGMIT    in ecmor-2026/common/SUMMARY.INC line 18
   52 Reading WBHP     in ecmor-2026/common/SUMMARY.INC line 20
   53 Reading FWCD     in ecmor-2026/common/SUMMARY.INC line 23
   54 Reading BWCD     in ecmor-2026/common/SUMMARY.INC line 26
   55 Reading BWPR     in FINE.DATA line 86
   56 Reading SCHEDULE in FINE.DATA line 95
   57 Reading WELSPECS in ecmor-2026/common/WELLSPECS.inc line 1
   58 Reading COMPDAT  in FINE.DATA line 101
   59 Reading WCONINJE in ecmor-2026/common/SCHEDULE.inc line 1
   60 Reading TUNING   in ecmor-2026/common/SCHEDULE.inc line 19
   61 Reading TSTEP    in ecmor-2026/common/SCHEDULE.inc line 24
   62 Reading TSTEP    in ecmor-2026/common/SCHEDULE.inc line 28
   63 Reading TUNING   in ecmor-2026/common/SCHEDULE.inc line 32
   64 Reading DATES    in ecmor-2026/common/SCHEDULE.inc line 37
   65 Reading WCONINJE in ecmor-2026/common/SCHEDULE.inc line 65
   66 Reading TUNING   in ecmor-2026/common/SCHEDULE.inc line 82
   67 Reading DATES    in ecmor-2026/common/SCHEDULE.inc line 87

The CO2 storage option is given. PVT properties from the Brine-CO2 system are used.
See the OPM manual for details on the used models.

Creating corner-point grid from keywords COORD, ZCORN and others

Warning: Region operation on 3D field PERMX with global storage will not update inactive cells.
Note that this might cause problems for PINCH option 4 or 5 being ALL.
In file ecmor-2026/fine/ADDREG.INC, line 1


Warning: Region operation on 3D field PERMY with global storage will not update inactive cells.
Note that this might cause problems for PINCH option 4 or 5 being ALL.
In file ecmor-2026/fine/ADDREG.INC, line 1


Warning: Region operation on 3D field PERMZ with global storage will not update inactive cells.
Note that this might cause problems for PINCH option 4 or 5 being ALL.
In file ecmor-2026/fine/ADDREG.INC, line 1

2 fluid phases are active

Processing dynamic information from
FINE.DATA line 95
Initializing report step 0/68 at 2024-01-01 0 DAYS line 95
Reading from: ecmor-2026/common/WELLSPECS.inc line 1
Processing keyword WELSPECS at line 1
Reading from: FINE.DATA line 101
Processing keyword COMPDAT at line 101

Warning: Problem with COMPDAT keyword
In FINE.DATA line 101
The cell (33,89,132) in well INJ00 is not active and the connection will be ignored

Warning: Problem with COMPDAT keyword
In FINE.DATA line 101
The cell (33,89,185) in well INJ00 is not active and the connection will be ignored

Warning: Problem with COMPDAT keyword
In FINE.DATA line 101
The cell (33,89,186) in well INJ00 is not active and the connection will be ignored

Warning: Problem with COMPDAT keyword
In FINE.DATA line 101
The cell (33,89,199) in well INJ00 is not active and the connection will be ignored

Warning: Problem with COMPDAT keyword
In FINE.DATA line 101
The cell (33,89,202) in well INJ00 is not active and the connection will be ignored

Warning: Problem with COMPDAT keyword
In FINE.DATA line 101
The cell (33,89,203) in well INJ00 is not active and the connection will be ignored

Warning: Problem with COMPDAT keyword
In FINE.DATA line 101
The cell (33,89,205) in well INJ00 is not active and the connection will be ignored

Warning: Problem with COMPDAT keyword
In FINE.DATA line 101
The cell (33,89,206) in well INJ00 is not active and the connection will be ignored

Warning: Problem with COMPDAT keyword
In FINE.DATA line 101
The cell (33,89,208) in well INJ00 is not active and the connection will be ignored

Warning: Problem with COMPDAT keyword
In FINE.DATA line 101
The cell (33,89,209) in well INJ00 is not active and the connection will be ignored

Warning: Problem with COMPDAT keyword
In FINE.DATA line 101
The cell (33,89,210) in well INJ00 is not active and the connection will be ignored

Warning: Problem with COMPDAT keyword
In FINE.DATA line 101
The cell (33,89,211) in well INJ00 is not active and the connection will be ignored

Warning: Problem with COMPDAT keyword
In FINE.DATA line 101
The cell (33,89,212) in well INJ00 is not active and the connection will be ignored

Warning: Problem with COMPDAT keyword
In FINE.DATA line 101
The cell (33,89,213) in well INJ00 is not active and the connection will be ignored

Warning: Problem with COMPDAT keyword
In FINE.DATA line 101
The cell (33,89,214) in well INJ00 is not active and the connection will be ignored

Warning: Problem with COMPDAT keyword
In FINE.DATA line 101
The cell (33,89,215) in well INJ00 is not active and the connection will be ignored

Warning: Problem with COMPDAT keyword
In FINE.DATA line 101
The cell (33,89,216) in well INJ00 is not active and the connection will be ignored

Warning: Problem with COMPDAT keyword
In FINE.DATA line 101
The cell (33,89,217) in well INJ00 is not active and the connection will be ignored

Warning: Problem with COMPDAT keyword
In FINE.DATA line 101
The cell (84,66,23) in well INJ01 is not active and the connection will be ignored

Warning: Problem with COMPDAT keyword
In FINE.DATA line 101
The cell (84,66,26) in well INJ01 is not active and the connection will be ignored

Warning: Problem with COMPDAT keyword
In FINE.DATA line 101
The cell (84,66,27) in well INJ01 is not active and the connection will be ignored

Warning: Problem with COMPDAT keyword
In FINE.DATA line 101
The cell (84,66,28) in well INJ01 is not active and the connection will be ignored

Warning: Problem with COMPDAT keyword
In FINE.DATA line 101
The cell (84,66,29) in well INJ01 is not active and the connection will be ignored

Warning: Problem with COMPDAT keyword
In FINE.DATA line 101
The cell (84,66,30) in well INJ01 is not active and the connection will be ignored

Warning: Problem with COMPDAT keyword
In FINE.DATA line 101
The cell (84,66,68) in well INJ01 is not active and the connection will be ignored

Warning: Problem with COMPDAT keyword
In FINE.DATA line 101
The cell (84,66,73) in well INJ01 is not active and the connection will be ignored

Warning: Problem with COMPDAT keyword
In FINE.DATA line 101
The cell (84,66,80) in well INJ01 is not active and the connection will be ignored

Warning: Problem with COMPDAT keyword
In FINE.DATA line 101
The cell (84,66,82) in well INJ01 is not active and the connection will be ignored

Warning: Problem with COMPDAT keyword
In FINE.DATA line 101
The cell (84,66,98) in well INJ01 is not active and the connection will be ignored

Warning: Problem with COMPDAT keyword
In FINE.DATA line 101
The cell (84,66,103) in well INJ01 is not active and the connection will be ignored

Warning: Problem with COMPDAT keyword
In FINE.DATA line 101
The cell (84,66,107) in well INJ01 is not active and the connection will be ignored

Warning: Problem with COMPDAT keyword
In FINE.DATA line 101
The cell (94,47,127) in well INJ02 is not active and the connection will be ignored

Warning: Problem with COMPDAT keyword
In FINE.DATA line 101
The cell (94,47,134) in well INJ02 is not active and the connection will be ignored

Warning: Problem with COMPDAT keyword
In FINE.DATA line 101
The cell (94,47,135) in well INJ02 is not active and the connection will be ignored

Warning: Problem with COMPDAT keyword
In FINE.DATA line 101
The cell (94,47,163) in well INJ02 is not active and the connection will be ignored

Warning: Problem with COMPDAT keyword
In FINE.DATA line 101
The cell (94,47,165) in well INJ02 is not active and the connection will be ignored

Warning: Problem with COMPDAT keyword
In FINE.DATA line 101
The cell (94,47,166) in well INJ02 is not active and the connection will be ignored

Warning: Problem with COMPDAT keyword
In FINE.DATA line 101
The cell (94,47,167) in well INJ02 is not active and the connection will be ignored

Warning: Problem with COMPDAT keyword
In FINE.DATA line 101
The cell (94,47,168) in well INJ02 is not active and the connection will be ignored

Warning: Problem with COMPDAT keyword
In FINE.DATA line 101
The cell (94,47,169) in well INJ02 is not active and the connection will be ignored

Warning: Problem with COMPDAT keyword
In FINE.DATA line 101
The cell (94,47,170) in well INJ02 is not active and the connection will be ignored

Warning: Problem with COMPDAT keyword
In FINE.DATA line 101
The cell (94,47,171) in well INJ02 is not active and the connection will be ignored

Warning: Problem with COMPDAT keyword
In FINE.DATA line 101
The cell (94,47,172) in well INJ02 is not active and the connection will be ignored

Warning: Problem with COMPDAT keyword
In FINE.DATA line 101
The cell (94,47,173) in well INJ02 is not active and the connection will be ignored

Warning: Problem with COMPDAT keyword
In FINE.DATA line 101
The cell (94,47,174) in well INJ02 is not active and the connection will be ignored

Warning: Problem with COMPDAT keyword
In FINE.DATA line 101
The cell (94,47,175) in well INJ02 is not active and the connection will be ignored

Warning: Problem with COMPDAT keyword
In FINE.DATA line 101
The cell (94,47,176) in well INJ02 is not active and the connection will be ignored

Warning: Problem with COMPDAT keyword
In FINE.DATA line 101
The cell (94,47,177) in well INJ02 is not active and the connection will be ignored

Warning: Problem with COMPDAT keyword
In FINE.DATA line 101
The cell (94,47,178) in well INJ02 is not active and the connection will be ignored

Warning: Problem with COMPDAT keyword
In FINE.DATA line 101
The cell (94,47,179) in well INJ02 is not active and the connection will be ignored

Warning: Problem with COMPDAT keyword
In FINE.DATA line 101
The cell (94,47,180) in well INJ02 is not active and the connection will be ignored

Warning: Problem with COMPDAT keyword
In FINE.DATA line 101
The cell (22,108,167) in well INJ03 is not active and the connection will be ignored

Warning: Problem with COMPDAT keyword
In FINE.DATA line 101
The cell (22,108,174) in well INJ03 is not active and the connection will be ignored

Warning: Problem with COMPDAT keyword
In FINE.DATA line 101
The cell (22,108,199) in well INJ03 is not active and the connection will be ignored

Warning: Problem with COMPDAT keyword
In FINE.DATA line 101
The cell (22,108,200) in well INJ03 is not active and the connection will be ignored

Warning: Problem with COMPDAT keyword
In FINE.DATA line 101
The cell (22,108,201) in well INJ03 is not active and the connection will be ignored

Warning: Problem with COMPDAT keyword
In FINE.DATA line 101
The cell (22,108,202) in well INJ03 is not active and the connection will be ignored

Warning: Problem with COMPDAT keyword
In FINE.DATA line 101
The cell (22,108,203) in well INJ03 is not active and the connection will be ignored

Warning: Problem with COMPDAT keyword
In FINE.DATA line 101
The cell (22,108,204) in well INJ03 is not active and the connection will be ignored

Warning: Problem with COMPDAT keyword
In FINE.DATA line 101
The cell (22,108,205) in well INJ03 is not active and the connection will be ignored

Warning: Problem with COMPDAT keyword
In FINE.DATA line 101
The cell (22,108,206) in well INJ03 is not active and the connection will be ignored

Warning: Problem with COMPDAT keyword
In FINE.DATA line 101
The cell (22,108,207) in well INJ03 is not active and the connection will be ignored

Warning: Problem with COMPDAT keyword
In FINE.DATA line 101
The cell (22,108,208) in well INJ03 is not active and the connection will be ignored

Warning: Problem with COMPDAT keyword
In FINE.DATA line 101
The cell (22,108,209) in well INJ03 is not active and the connection will be ignored

Warning: Problem with COMPDAT keyword
In FINE.DATA line 101
The cell (22,108,210) in well INJ03 is not active and the connection will be ignored

Warning: Problem with COMPDAT keyword
In FINE.DATA line 101
The cell (22,108,211) in well INJ03 is not active and the connection will be ignored

Warning: Problem with COMPDAT keyword
In FINE.DATA line 101
The cell (22,108,212) in well INJ03 is not active and the connection will be ignored

Warning: Problem with COMPDAT keyword
In FINE.DATA line 101
The cell (22,108,213) in well INJ03 is not active and the connection will be ignored

Warning: Problem with COMPDAT keyword
In FINE.DATA line 101
The cell (22,108,214) in well INJ03 is not active and the connection will be ignored

Warning: Problem with COMPDAT keyword
In FINE.DATA line 101
The cell (22,108,215) in well INJ03 is not active and the connection will be ignored

Warning: Problem with COMPDAT keyword
In FINE.DATA line 101
The cell (22,108,216) in well INJ03 is not active and the connection will be ignored

Warning: Problem with COMPDAT keyword
In FINE.DATA line 101
The cell (22,108,217) in well INJ03 is not active and the connection will be ignored

Warning: Problem with COMPDAT keyword
In FINE.DATA line 101
The cell (99,104,1) in well INJ04 is not active and the connection will be ignored

Warning: Problem with COMPDAT keyword
In FINE.DATA line 101
The cell (99,104,2) in well INJ04 is not active and the connection will be ignored

Warning: Problem with COMPDAT keyword
In FINE.DATA line 101
The cell (99,104,3) in well INJ04 is not active and the connection will be ignored

Warning: Problem with COMPDAT keyword
In FINE.DATA line 101
The cell (99,104,4) in well INJ04 is not active and the connection will be ignored

Warning: Problem with COMPDAT keyword
In FINE.DATA line 101
The cell (99,104,5) in well INJ04 is not active and the connection will be ignored

Warning: Problem with COMPDAT keyword
In FINE.DATA line 101
The cell (99,104,6) in well INJ04 is not active and the connection will be ignored

Warning: Problem with COMPDAT keyword
In FINE.DATA line 101
The cell (99,104,7) in well INJ04 is not active and the connection will be ignored

Warning: Problem with COMPDAT keyword
In FINE.DATA line 101
The cell (99,104,8) in well INJ04 is not active and the connection will be ignored

Warning: Problem with COMPDAT keyword
In FINE.DATA line 101
The cell (99,104,9) in well INJ04 is not active and the connection will be ignored

Warning: Problem with COMPDAT keyword
In FINE.DATA line 101
The cell (99,104,10) in well INJ04 is not active and the connection will be ignored

Warning: Problem with COMPDAT keyword
In FINE.DATA line 101
The cell (99,104,11) in well INJ04 is not active and the connection will be ignored

Warning: Problem with COMPDAT keyword
In FINE.DATA line 101
The cell (99,104,12) in well INJ04 is not active and the connection will be ignored

Warning: Problem with COMPDAT keyword
In FINE.DATA line 101
The cell (99,104,13) in well INJ04 is not active and the connection will be ignored

Warning: Problem with COMPDAT keyword
In FINE.DATA line 101
The cell (99,104,14) in well INJ04 is not active and the connection will be ignored

Warning: Problem with COMPDAT keyword
In FINE.DATA line 101
The cell (99,104,15) in well INJ04 is not active and the connection will be ignored

Warning: Problem with COMPDAT keyword
In FINE.DATA line 101
The cell (99,104,16) in well INJ04 is not active and the connection will be ignored

Warning: Problem with COMPDAT keyword
In FINE.DATA line 101
The cell (99,104,17) in well INJ04 is not active and the connection will be ignored

Warning: Problem with COMPDAT keyword
In FINE.DATA line 101
The cell (99,104,18) in well INJ04 is not active and the connection will be ignored

Warning: Problem with COMPDAT keyword
In FINE.DATA line 101
The cell (99,104,19) in well INJ04 is not active and the connection will be ignored

Warning: Problem with COMPDAT keyword
In FINE.DATA line 101
The cell (99,104,20) in well INJ04 is not active and the connection will be ignored

Warning: Problem with COMPDAT keyword
In FINE.DATA line 101
The cell (99,104,21) in well INJ04 is not active and the connection will be ignored

Warning: Problem with COMPDAT keyword
In FINE.DATA line 101
The cell (99,104,22) in well INJ04 is not active and the connection will be ignored

Warning: Problem with COMPDAT keyword
In FINE.DATA line 101
The cell (99,104,23) in well INJ04 is not active and the connection will be ignored

Warning: Problem with COMPDAT keyword
In FINE.DATA line 101
The cell (99,104,24) in well INJ04 is not active and the connection will be ignored

Warning: Problem with COMPDAT keyword
In FINE.DATA line 101
The cell (99,104,25) in well INJ04 is not active and the connection will be ignored

Warning: Problem with COMPDAT keyword
In FINE.DATA line 101
The cell (99,104,26) in well INJ04 is not active and the connection will be ignored

Warning: Problem with COMPDAT keyword
In FINE.DATA line 101
The cell (99,104,27) in well INJ04 is not active and the connection will be ignored

Warning: Problem with COMPDAT keyword
In FINE.DATA line 101
The cell (99,104,28) in well INJ04 is not active and the connection will be ignored

Warning: Problem with COMPDAT keyword
In FINE.DATA line 101
The cell (99,104,29) in well INJ04 is not active and the connection will be ignored

Warning: Problem with COMPDAT keyword
In FINE.DATA line 101
The cell (99,104,30) in well INJ04 is not active and the connection will be ignored

Warning: Problem with COMPDAT keyword
In FINE.DATA line 101
The cell (99,104,40) in well INJ04 is not active and the connection will be ignored

Warning: Problem with COMPDAT keyword
In FINE.DATA line 101
The cell (99,104,45) in well INJ04 is not active and the connection will be ignored

Warning: Problem with COMPDAT keyword
In FINE.DATA line 101
The cell (99,104,47) in well INJ04 is not active and the connection will be ignored

Warning: Problem with COMPDAT keyword
In FINE.DATA line 101
The cell (99,104,48) in well INJ04 is not active and the connection will be ignored

Warning: Problem with COMPDAT keyword
In FINE.DATA line 101
The cell (99,104,49) in well INJ04 is not active and the connection will be ignored

Warning: Problem with COMPDAT keyword
In FINE.DATA line 101
The cell (99,104,50) in well INJ04 is not active and the connection will be ignored

Warning: Problem with COMPDAT keyword
In FINE.DATA line 101
The cell (99,104,51) in well INJ04 is not active and the connection will be ignored

Warning: Problem with COMPDAT keyword
In FINE.DATA line 101
The cell (99,104,52) in well INJ04 is not active and the connection will be ignored

Warning: Problem with COMPDAT keyword
In FINE.DATA line 101
The cell (99,104,53) in well INJ04 is not active and the connection will be ignored

Warning: Problem with COMPDAT keyword
In FINE.DATA line 101
The cell (99,104,54) in well INJ04 is not active and the connection will be ignored

Warning: Problem with COMPDAT keyword
In FINE.DATA line 101
The cell (99,104,55) in well INJ04 is not active and the connection will be ignored

Warning: Problem with COMPDAT keyword
In FINE.DATA line 101
The cell (99,104,56) in well INJ04 is not active and the connection will be ignored

Warning: Problem with COMPDAT keyword
In FINE.DATA line 101
The cell (102,81,1) in well INJ05 is not active and the connection will be ignored

Warning: Problem with COMPDAT keyword
In FINE.DATA line 101
The cell (102,81,2) in well INJ05 is not active and the connection will be ignored

Warning: Problem with COMPDAT keyword
In FINE.DATA line 101
The cell (102,81,3) in well INJ05 is not active and the connection will be ignored

Warning: Problem with COMPDAT keyword
In FINE.DATA line 101
The cell (102,81,4) in well INJ05 is not active and the connection will be ignored

Warning: Problem with COMPDAT keyword
In FINE.DATA line 101
The cell (102,81,5) in well INJ05 is not active and the connection will be ignored

Warning: Problem with COMPDAT keyword
In FINE.DATA line 101
The cell (102,81,6) in well INJ05 is not active and the connection will be ignored

Warning: Problem with COMPDAT keyword
In FINE.DATA line 101
The cell (102,81,7) in well INJ05 is not active and the connection will be ignored

Warning: Problem with COMPDAT keyword
In FINE.DATA line 101
The cell (102,81,8) in well INJ05 is not active and the connection will be ignored

Warning: Problem with COMPDAT keyword
In FINE.DATA line 101
The cell (102,81,9) in well INJ05 is not active and the connection will be ignored

Warning: Problem with COMPDAT keyword
In FINE.DATA line 101
The cell (102,81,10) in well INJ05 is not active and the connection will be ignored

Warning: Problem with COMPDAT keyword
In FINE.DATA line 101
The cell (102,81,11) in well INJ05 is not active and the connection will be ignored

Warning: Problem with COMPDAT keyword
In FINE.DATA line 101
The cell (102,81,12) in well INJ05 is not active and the connection will be ignored

Warning: Problem with COMPDAT keyword
In FINE.DATA line 101
The cell (102,81,13) in well INJ05 is not active and the connection will be ignored

Warning: Problem with COMPDAT keyword
In FINE.DATA line 101
The cell (102,81,14) in well INJ05 is not active and the connection will be ignored

Warning: Problem with COMPDAT keyword
In FINE.DATA line 101
The cell (102,81,15) in well INJ05 is not active and the connection will be ignored

Warning: Problem with COMPDAT keyword
In FINE.DATA line 101
The cell (102,81,16) in well INJ05 is not active and the connection will be ignored

Warning: Problem with COMPDAT keyword
In FINE.DATA line 101
The cell (102,81,17) in well INJ05 is not active and the connection will be ignored

Warning: Problem with COMPDAT keyword
In FINE.DATA line 101
The cell (102,81,18) in well INJ05 is not active and the connection will be ignored

Warning: Problem with COMPDAT keyword
In FINE.DATA line 101
The cell (102,81,19) in well INJ05 is not active and the connection will be ignored

Warning: Problem with COMPDAT keyword
In FINE.DATA line 101
The cell (102,81,20) in well INJ05 is not active and the connection will be ignored

Warning: Problem with COMPDAT keyword
In FINE.DATA line 101
The cell (102,81,21) in well INJ05 is not active and the connection will be ignored

Warning: Problem with COMPDAT keyword
In FINE.DATA line 101
The cell (102,81,22) in well INJ05 is not active and the connection will be ignored

Warning: Problem with COMPDAT keyword
In FINE.DATA line 101
The cell (102,81,23) in well INJ05 is not active and the connection will be ignored

Warning: Problem with COMPDAT keyword
In FINE.DATA line 101
The cell (102,81,24) in well INJ05 is not active and the connection will be ignored

Warning: Problem with COMPDAT keyword
In FINE.DATA line 101
The cell (102,81,25) in well INJ05 is not active and the connection will be ignored

Warning: Problem with COMPDAT keyword
In FINE.DATA line 101
The cell (102,81,26) in well INJ05 is not active and the connection will be ignored

Warning: Problem with COMPDAT keyword
In FINE.DATA line 101
The cell (102,81,27) in well INJ05 is not active and the connection will be ignored

Warning: Problem with COMPDAT keyword
In FINE.DATA line 101
The cell (102,81,28) in well INJ05 is not active and the connection will be ignored

Warning: Problem with COMPDAT keyword
In FINE.DATA line 101
The cell (102,81,29) in well INJ05 is not active and the connection will be ignored

Warning: Problem with COMPDAT keyword
In FINE.DATA line 101
The cell (102,81,30) in well INJ05 is not active and the connection will be ignored

Warning: Problem with COMPDAT keyword
In FINE.DATA line 101
The cell (102,81,44) in well INJ05 is not active and the connection will be ignored

Warning: Problem with COMPDAT keyword
In FINE.DATA line 101
The cell (102,81,45) in well INJ05 is not active and the connection will be ignored

Warning: Problem with COMPDAT keyword
In FINE.DATA line 101
The cell (102,81,46) in well INJ05 is not active and the connection will be ignored

Warning: Problem with COMPDAT keyword
In FINE.DATA line 101
The cell (102,81,47) in well INJ05 is not active and the connection will be ignored

Warning: Problem with COMPDAT keyword
In FINE.DATA line 101
The cell (102,81,48) in well INJ05 is not active and the connection will be ignored

Warning: Problem with COMPDAT keyword
In FINE.DATA line 101
The cell (102,81,49) in well INJ05 is not active and the connection will be ignored

Warning: Problem with COMPDAT keyword
In FINE.DATA line 101
The cell (102,81,50) in well INJ05 is not active and the connection will be ignored

Warning: Problem with COMPDAT keyword
In FINE.DATA line 101
The cell (102,81,51) in well INJ05 is not active and the connection will be ignored

Warning: Problem with COMPDAT keyword
In FINE.DATA line 101
The cell (102,81,52) in well INJ05 is not active and the connection will be ignored

Warning: Problem with COMPDAT keyword
In FINE.DATA line 101
The cell (102,81,53) in well INJ05 is not active and the connection will be ignored

Warning: Problem with COMPDAT keyword
In FINE.DATA line 101
The cell (102,81,54) in well INJ05 is not active and the connection will be ignored

Warning: Problem with COMPDAT keyword
In FINE.DATA line 101
The cell (102,81,55) in well INJ05 is not active and the connection will be ignored

Warning: Problem with COMPDAT keyword
In FINE.DATA line 101
The cell (102,81,56) in well INJ05 is not active and the connection will be ignored

Warning: Problem with COMPDAT keyword
In FINE.DATA line 101
The cell (102,81,90) in well INJ05 is not active and the connection will be ignored

Warning: Problem with COMPDAT keyword
In FINE.DATA line 101
The cell (102,81,102) in well INJ05 is not active and the connection will be ignored

Warning: Problem with COMPDAT keyword
In FINE.DATA line 101
The cell (102,81,111) in well INJ05 is not active and the connection will be ignored

Warning: Problem with COMPDAT keyword
In FINE.DATA line 101
The cell (30,79,184) in well INJ06 is not active and the connection will be ignored

Warning: Problem with COMPDAT keyword
In FINE.DATA line 101
The cell (30,79,204) in well INJ06 is not active and the connection will be ignored

Warning: Problem with COMPDAT keyword
In FINE.DATA line 101
The cell (30,79,205) in well INJ06 is not active and the connection will be ignored

Warning: Problem with COMPDAT keyword
In FINE.DATA line 101
The cell (30,79,206) in well INJ06 is not active and the connection will be ignored

Warning: Problem with COMPDAT keyword
In FINE.DATA line 101
The cell (30,79,207) in well INJ06 is not active and the connection will be ignored

Warning: Problem with COMPDAT keyword
In FINE.DATA line 101
The cell (30,79,208) in well INJ06 is not active and the connection will be ignored

Warning: Problem with COMPDAT keyword
In FINE.DATA line 101
The cell (30,79,209) in well INJ06 is not active and the connection will be ignored

Warning: Problem with COMPDAT keyword
In FINE.DATA line 101
The cell (30,79,210) in well INJ06 is not active and the connection will be ignored

Warning: Problem with COMPDAT keyword
In FINE.DATA line 101
The cell (30,79,211) in well INJ06 is not active and the connection will be ignored

Warning: Problem with COMPDAT keyword
In FINE.DATA line 101
The cell (30,79,212) in well INJ06 is not active and the connection will be ignored

Warning: Problem with COMPDAT keyword
In FINE.DATA line 101
The cell (30,79,213) in well INJ06 is not active and the connection will be ignored

Warning: Problem with COMPDAT keyword
In FINE.DATA line 101
The cell (30,79,214) in well INJ06 is not active and the connection will be ignored

Warning: Problem with COMPDAT keyword
In FINE.DATA line 101
The cell (30,79,215) in well INJ06 is not active and the connection will be ignored

Warning: Problem with COMPDAT keyword
In FINE.DATA line 101
The cell (30,79,216) in well INJ06 is not active and the connection will be ignored

Warning: Problem with COMPDAT keyword
In FINE.DATA line 101
The cell (30,79,217) in well INJ06 is not active and the connection will be ignored

Warning: Problem with COMPDAT keyword
In FINE.DATA line 101
The cell (87,22,159) in well INJ08 is not active and the connection will be ignored

Warning: Problem with COMPDAT keyword
In FINE.DATA line 101
The cell (87,22,162) in well INJ08 is not active and the connection will be ignored

Warning: Problem with COMPDAT keyword
In FINE.DATA line 101
The cell (87,22,163) in well INJ08 is not active and the connection will be ignored

Warning: Problem with COMPDAT keyword
In FINE.DATA line 101
The cell (87,22,164) in well INJ08 is not active and the connection will be ignored

Warning: Problem with COMPDAT keyword
In FINE.DATA line 101
The cell (87,22,165) in well INJ08 is not active and the connection will be ignored

Warning: Problem with COMPDAT keyword
In FINE.DATA line 101
The cell (87,22,166) in well INJ08 is not active and the connection will be ignored

Warning: Problem with COMPDAT keyword
In FINE.DATA line 101
The cell (87,22,167) in well INJ08 is not active and the connection will be ignored

Warning: Problem with COMPDAT keyword
In FINE.DATA line 101
The cell (87,22,168) in well INJ08 is not active and the connection will be ignored

Warning: Problem with COMPDAT keyword
In FINE.DATA line 101
The cell (87,22,169) in well INJ08 is not active and the connection will be ignored

Warning: Problem with COMPDAT keyword
In FINE.DATA line 101
The cell (87,22,170) in well INJ08 is not active and the connection will be ignored

Warning: Problem with COMPDAT keyword
In FINE.DATA line 101
The cell (87,22,171) in well INJ08 is not active and the connection will be ignored

Warning: Problem with COMPDAT keyword
In FINE.DATA line 101
The cell (87,22,172) in well INJ08 is not active and the connection will be ignored

Warning: Problem with COMPDAT keyword
In FINE.DATA line 101
The cell (87,22,173) in well INJ08 is not active and the connection will be ignored

Warning: Problem with COMPDAT keyword
In FINE.DATA line 101
The cell (87,22,174) in well INJ08 is not active and the connection will be ignored

Warning: Problem with COMPDAT keyword
In FINE.DATA line 101
The cell (87,22,175) in well INJ08 is not active and the connection will be ignored

Warning: Problem with COMPDAT keyword
In FINE.DATA line 101
The cell (87,22,176) in well INJ08 is not active and the connection will be ignored

Warning: Problem with COMPDAT keyword
In FINE.DATA line 101
The cell (87,22,177) in well INJ08 is not active and the connection will be ignored

Warning: Problem with COMPDAT keyword
In FINE.DATA line 101
The cell (87,22,178) in well INJ08 is not active and the connection will be ignored

Warning: Problem with COMPDAT keyword
In FINE.DATA line 101
The cell (87,22,179) in well INJ08 is not active and the connection will be ignored

Warning: Problem with COMPDAT keyword
In FINE.DATA line 101
The cell (87,22,180) in well INJ08 is not active and the connection will be ignored

Warning: Problem with COMPDAT keyword
In FINE.DATA line 101
The cell (85,64,28) in well INJ09 is not active and the connection will be ignored

Warning: Problem with COMPDAT keyword
In FINE.DATA line 101
The cell (85,64,29) in well INJ09 is not active and the connection will be ignored

Warning: Problem with COMPDAT keyword
In FINE.DATA line 101
The cell (85,64,30) in well INJ09 is not active and the connection will be ignored

Warning: Problem with COMPDAT keyword
In FINE.DATA line 101
The cell (85,64,74) in well INJ09 is not active and the connection will be ignored

Warning: Problem with COMPDAT keyword
In FINE.DATA line 101
The cell (80,75,28) in well INJ10 is not active and the connection will be ignored

Warning: Problem with COMPDAT keyword
In FINE.DATA line 101
The cell (80,75,100) in well INJ10 is not active and the connection will be ignored

Warning: Problem with COMPDAT keyword
In FINE.DATA line 101
The cell (80,75,101) in well INJ10 is not active and the connection will be ignored

Warning: Problem with COMPDAT keyword
In FINE.DATA line 101
The cell (80,75,102) in well INJ10 is not active and the connection will be ignored

Warning: Problem with COMPDAT keyword
In FINE.DATA line 101
The cell (80,75,103) in well INJ10 is not active and the connection will be ignored

Warning: Problem with COMPDAT keyword
In FINE.DATA line 101
The cell (80,75,104) in well INJ10 is not active and the connection will be ignored

Warning: Problem with COMPDAT keyword
In FINE.DATA line 101
The cell (80,75,105) in well INJ10 is not active and the connection will be ignored

Warning: Problem with COMPDAT keyword
In FINE.DATA line 101
The cell (80,75,106) in well INJ10 is not active and the connection will be ignored

Warning: Problem with COMPDAT keyword
In FINE.DATA line 101
The cell (80,75,107) in well INJ10 is not active and the connection will be ignored

Warning: Problem with COMPDAT keyword
In FINE.DATA line 101
The cell (80,75,108) in well INJ10 is not active and the connection will be ignored

Warning: Problem with COMPDAT keyword
In FINE.DATA line 101
The cell (80,75,109) in well INJ10 is not active and the connection will be ignored

Warning: Problem with COMPDAT keyword
In FINE.DATA line 101
The cell (80,75,110) in well INJ10 is not active and the connection will be ignored

Warning: Problem with COMPDAT keyword
In FINE.DATA line 101
The cell (80,75,111) in well INJ10 is not active and the connection will be ignored

Warning: Problem with COMPDAT keyword
In FINE.DATA line 101
The cell (129,48,1) in well INJ11 is not active and the connection will be ignored

Warning: Problem with COMPDAT keyword
In FINE.DATA line 101
The cell (129,48,2) in well INJ11 is not active and the connection will be ignored

Warning: Problem with COMPDAT keyword
In FINE.DATA line 101
The cell (129,48,3) in well INJ11 is not active and the connection will be ignored

Warning: Problem with COMPDAT keyword
In FINE.DATA line 101
The cell (129,48,4) in well INJ11 is not active and the connection will be ignored

Warning: Problem with COMPDAT keyword
In FINE.DATA line 101
The cell (129,48,5) in well INJ11 is not active and the connection will be ignored

Warning: Problem with COMPDAT keyword
In FINE.DATA line 101
The cell (129,48,6) in well INJ11 is not active and the connection will be ignored

Warning: Problem with COMPDAT keyword
In FINE.DATA line 101
The cell (129,48,7) in well INJ11 is not active and the connection will be ignored

Warning: Problem with COMPDAT keyword
In FINE.DATA line 101
The cell (129,48,8) in well INJ11 is not active and the connection will be ignored

Warning: Problem with COMPDAT keyword
In FINE.DATA line 101
The cell (129,48,9) in well INJ11 is not active and the connection will be ignored

Warning: Problem with COMPDAT keyword
In FINE.DATA line 101
The cell (129,48,10) in well INJ11 is not active and the connection will be ignored

Warning: Problem with COMPDAT keyword
In FINE.DATA line 101
The cell (129,48,11) in well INJ11 is not active and the connection will be ignored

Warning: Problem with COMPDAT keyword
In FINE.DATA line 101
The cell (129,48,12) in well INJ11 is not active and the connection will be ignored

Warning: Problem with COMPDAT keyword
In FINE.DATA line 101
The cell (129,48,13) in well INJ11 is not active and the connection will be ignored

Warning: Problem with COMPDAT keyword
In FINE.DATA line 101
The cell (129,48,14) in well INJ11 is not active and the connection will be ignored

Warning: Problem with COMPDAT keyword
In FINE.DATA line 101
The cell (129,48,15) in well INJ11 is not active and the connection will be ignored

Warning: Problem with COMPDAT keyword
In FINE.DATA line 101
The cell (129,48,16) in well INJ11 is not active and the connection will be ignored

Warning: Problem with COMPDAT keyword
In FINE.DATA line 101
The cell (129,48,17) in well INJ11 is not active and the connection will be ignored

Warning: Problem with COMPDAT keyword
In FINE.DATA line 101
The cell (129,48,18) in well INJ11 is not active and the connection will be ignored

Warning: Problem with COMPDAT keyword
In FINE.DATA line 101
The cell (129,48,19) in well INJ11 is not active and the connection will be ignored

Warning: Problem with COMPDAT keyword
In FINE.DATA line 101
The cell (129,48,20) in well INJ11 is not active and the connection will be ignored

Warning: Problem with COMPDAT keyword
In FINE.DATA line 101
The cell (129,48,21) in well INJ11 is not active and the connection will be ignored

Warning: Problem with COMPDAT keyword
In FINE.DATA line 101
The cell (129,48,22) in well INJ11 is not active and the connection will be ignored

Warning: Problem with COMPDAT keyword
In FINE.DATA line 101
The cell (129,48,23) in well INJ11 is not active and the connection will be ignored

Warning: Problem with COMPDAT keyword
In FINE.DATA line 101
The cell (129,48,24) in well INJ11 is not active and the connection will be ignored

Warning: Problem with COMPDAT keyword
In FINE.DATA line 101
The cell (129,48,25) in well INJ11 is not active and the connection will be ignored

Warning: Problem with COMPDAT keyword
In FINE.DATA line 101
The cell (129,48,26) in well INJ11 is not active and the connection will be ignored

Warning: Problem with COMPDAT keyword
In FINE.DATA line 101
The cell (129,48,27) in well INJ11 is not active and the connection will be ignored

Warning: Problem with COMPDAT keyword
In FINE.DATA line 101
The cell (129,48,28) in well INJ11 is not active and the connection will be ignored

Warning: Problem with COMPDAT keyword
In FINE.DATA line 101
The cell (129,48,29) in well INJ11 is not active and the connection will be ignored

Warning: Problem with COMPDAT keyword
In FINE.DATA line 101
The cell (129,48,30) in well INJ11 is not active and the connection will be ignored

Warning: Problem with COMPDAT keyword
In FINE.DATA line 101
The cell (129,48,35) in well INJ11 is not active and the connection will be ignored

Warning: Problem with COMPDAT keyword
In FINE.DATA line 101
The cell (129,48,43) in well INJ11 is not active and the connection will be ignored

Warning: Problem with COMPDAT keyword
In FINE.DATA line 101
The cell (129,48,44) in well INJ11 is not active and the connection will be ignored

Warning: Problem with COMPDAT keyword
In FINE.DATA line 101
The cell (129,48,45) in well INJ11 is not active and the connection will be ignored

Warning: Problem with COMPDAT keyword
In FINE.DATA line 101
The cell (129,48,46) in well INJ11 is not active and the connection will be ignored

Warning: Problem with COMPDAT keyword
In FINE.DATA line 101
The cell (129,48,47) in well INJ11 is not active and the connection will be ignored

Warning: Problem with COMPDAT keyword
In FINE.DATA line 101
The cell (129,48,48) in well INJ11 is not active and the connection will be ignored

Warning: Problem with COMPDAT keyword
In FINE.DATA line 101
The cell (129,48,49) in well INJ11 is not active and the connection will be ignored

Warning: Problem with COMPDAT keyword
In FINE.DATA line 101
The cell (129,48,50) in well INJ11 is not active and the connection will be ignored

Warning: Problem with COMPDAT keyword
In FINE.DATA line 101
The cell (129,48,51) in well INJ11 is not active and the connection will be ignored

Warning: Problem with COMPDAT keyword
In FINE.DATA line 101
The cell (129,48,52) in well INJ11 is not active and the connection will be ignored

Warning: Problem with COMPDAT keyword
In FINE.DATA line 101
The cell (129,48,53) in well INJ11 is not active and the connection will be ignored

Warning: Problem with COMPDAT keyword
In FINE.DATA line 101
The cell (129,48,54) in well INJ11 is not active and the connection will be ignored

Warning: Problem with COMPDAT keyword
In FINE.DATA line 101
The cell (129,48,55) in well INJ11 is not active and the connection will be ignored

Warning: Problem with COMPDAT keyword
In FINE.DATA line 101
The cell (129,48,56) in well INJ11 is not active and the connection will be ignored

Warning: Problem with COMPDAT keyword
In FINE.DATA line 101
The cell (40,215,149) in well INJ12 is not active and the connection will be ignored

Warning: Problem with COMPDAT keyword
In FINE.DATA line 101
The cell (40,215,160) in well INJ12 is not active and the connection will be ignored

Warning: Problem with COMPDAT keyword
In FINE.DATA line 101
The cell (40,215,184) in well INJ12 is not active and the connection will be ignored

Warning: Problem with COMPDAT keyword
In FINE.DATA line 101
The cell (40,215,186) in well INJ12 is not active and the connection will be ignored

Warning: Problem with COMPDAT keyword
In FINE.DATA line 101
The cell (40,215,199) in well INJ12 is not active and the connection will be ignored

Warning: Problem with COMPDAT keyword
In FINE.DATA line 101
The cell (40,215,200) in well INJ12 is not active and the connection will be ignored

Warning: Problem with COMPDAT keyword
In FINE.DATA line 101
The cell (40,215,201) in well INJ12 is not active and the connection will be ignored

Warning: Problem with COMPDAT keyword
In FINE.DATA line 101
The cell (40,215,202) in well INJ12 is not active and the connection will be ignored

Warning: Problem with COMPDAT keyword
In FINE.DATA line 101
The cell (40,215,203) in well INJ12 is not active and the connection will be ignored

Warning: Problem with COMPDAT keyword
In FINE.DATA line 101
The cell (40,215,207) in well INJ12 is not active and the connection will be ignored

Warning: Problem with COMPDAT keyword
In FINE.DATA line 101
The cell (40,215,208) in well INJ12 is not active and the connection will be ignored

Warning: Problem with COMPDAT keyword
In FINE.DATA line 101
The cell (40,215,213) in well INJ12 is not active and the connection will be ignored

Warning: Problem with COMPDAT keyword
In FINE.DATA line 101
The cell (40,215,214) in well INJ12 is not active and the connection will be ignored

Warning: Problem with COMPDAT keyword
In FINE.DATA line 101
The cell (40,215,216) in well INJ12 is not active and the connection will be ignored

Warning: Problem with COMPDAT keyword
In FINE.DATA line 101
The cell (29,100,163) in well INJ13 is not active and the connection will be ignored

Warning: Problem with COMPDAT keyword
In FINE.DATA line 101
The cell (29,100,195) in well INJ13 is not active and the connection will be ignored

Warning: Problem with COMPDAT keyword
In FINE.DATA line 101
The cell (29,100,204) in well INJ13 is not active and the connection will be ignored

Warning: Problem with COMPDAT keyword
In FINE.DATA line 101
The cell (29,100,205) in well INJ13 is not active and the connection will be ignored

Warning: Problem with COMPDAT keyword
In FINE.DATA line 101
The cell (29,100,206) in well INJ13 is not active and the connection will be ignored

Warning: Problem with COMPDAT keyword
In FINE.DATA line 101
The cell (29,100,207) in well INJ13 is not active and the connection will be ignored

Warning: Problem with COMPDAT keyword
In FINE.DATA line 101
The cell (29,100,208) in well INJ13 is not active and the connection will be ignored

Warning: Problem with COMPDAT keyword
In FINE.DATA line 101
The cell (29,100,209) in well INJ13 is not active and the connection will be ignored

Warning: Problem with COMPDAT keyword
In FINE.DATA line 101
The cell (29,100,210) in well INJ13 is not active and the connection will be ignored

Warning: Problem with COMPDAT keyword
In FINE.DATA line 101
The cell (29,100,211) in well INJ13 is not active and the connection will be ignored

Warning: Problem with COMPDAT keyword
In FINE.DATA line 101
The cell (29,100,212) in well INJ13 is not active and the connection will be ignored

Warning: Problem with COMPDAT keyword
In FINE.DATA line 101
The cell (29,100,213) in well INJ13 is not active and the connection will be ignored

Warning: Problem with COMPDAT keyword
In FINE.DATA line 101
The cell (29,100,214) in well INJ13 is not active and the connection will be ignored

Warning: Problem with COMPDAT keyword
In FINE.DATA line 101
The cell (29,100,215) in well INJ13 is not active and the connection will be ignored

Warning: Problem with COMPDAT keyword
In FINE.DATA line 101
The cell (29,100,216) in well INJ13 is not active and the connection will be ignored

Warning: Problem with COMPDAT keyword
In FINE.DATA line 101
The cell (29,100,217) in well INJ13 is not active and the connection will be ignored
Reading from: ecmor-2026/common/SCHEDULE.inc line 1
Processing keyword WCONINJE at line 1
Processing keyword TUNING at line 19
Complete report step 1 (1 DAYS) at 2024-01-02 (0 DAYS)

Initializing report step 2/68 at 2024-01-02 (0 DAYS) line 24
Complete report step 2 (2 DAYS) at 2024-01-04 (1 DAYS)

Initializing report step 3/68 at 2024-01-04 (1 DAYS) line 24
Complete report step 3 (5 DAYS) at 2024-01-09 (3 DAYS)

Initializing report step 4/68 at 2024-01-09 (3 DAYS) line 24
Complete report step 4 (10 DAYS) at 2024-01-19 (8 DAYS)

Initializing report step 5/68 at 2024-01-19 (8 DAYS) line 24
Complete report step 5 (10 DAYS) at 2024-01-29 (18 DAYS)
Report limit reached, see PRT-file for remaining Schedule initialization.

Initializing report step 6/68 at 2024-01-29 (18 DAYS) line 28
Complete report step 6 (10 DAYS) at 2024-02-08 (28 DAYS)

Initializing report step 7/68 at 2024-02-08 (28 DAYS) line 28
Complete report step 7 (10 DAYS) at 2024-02-18 (38 DAYS)

Initializing report step 8/68 at 2024-02-18 (38 DAYS) line 28
Complete report step 8 (10 DAYS) at 2024-02-28 (48 DAYS)

Initializing report step 9/68 at 2024-02-28 (48 DAYS) line 28
Complete report step 9 (10 DAYS) at 2024-03-09 (58 DAYS)

Initializing report step 10/68 at 2024-03-09 (58 DAYS) line 28
Complete report step 10 (10 DAYS) at 2024-03-19 (68 DAYS)

Initializing report step 11/68 at 2024-03-19 (68 DAYS) line 28
Complete report step 11 (10 DAYS) at 2024-03-29 (78 DAYS)

Initializing report step 12/68 at 2024-03-29 (78 DAYS) line 28
Complete report step 12 (10 DAYS) at 2024-04-08 (88 DAYS)

Initializing report step 13/68 at 2024-04-08 (88 DAYS) line 28
Complete report step 13 (10 DAYS) at 2024-04-18 (98 DAYS)

Initializing report step 14/68 at 2024-04-18 (98 DAYS) line 28
Complete report step 14 (10 DAYS) at 2024-04-28 (108 DAYS)

Initializing report step 15/68 at 2024-04-28 (108 DAYS) line 28
Complete report step 15 (10 DAYS) at 2024-05-08 (118 DAYS)

Initializing report step 16/68 at 2024-05-08 (118 DAYS) line 28
Complete report step 16 (10 DAYS) at 2024-05-18 (128 DAYS)

Initializing report step 17/68 at 2024-05-18 (128 DAYS) line 28
Complete report step 17 (10 DAYS) at 2024-05-28 (138 DAYS)

Initializing report step 18/68 at 2024-05-28 (138 DAYS) line 28
Complete report step 18 (10 DAYS) at 2024-06-07 (148 DAYS)

Initializing report step 19/68 at 2024-06-07 (148 DAYS) line 28
Complete report step 19 (10 DAYS) at 2024-06-17 (158 DAYS)

Initializing report step 20/68 at 2024-06-17 (158 DAYS) line 28
Complete report step 20 (10 DAYS) at 2024-06-27 (168 DAYS)

Initializing report step 21/68 at 2024-06-27 (168 DAYS) line 28
Complete report step 21 (10 DAYS) at 2024-07-07 (178 DAYS)

Initializing report step 22/68 at 2024-07-07 (178 DAYS) line 28
Complete report step 22 (10 DAYS) at 2024-07-17 (188 DAYS)

Initializing report step 23/68 at 2024-07-17 (188 DAYS) line 28
Complete report step 23 (10 DAYS) at 2024-07-27 (198 DAYS)

Initializing report step 24/68 at 2024-07-27 (198 DAYS) line 28
Complete report step 24 (10 DAYS) at 2024-08-06 (208 DAYS)

Initializing report step 25/68 at 2024-08-06 (208 DAYS) line 28
Complete report step 25 (10 DAYS) at 2024-08-16 (218 DAYS)

Initializing report step 26/68 at 2024-08-16 (218 DAYS) line 28
Complete report step 26 (10 DAYS) at 2024-08-26 (228 DAYS)

Initializing report step 27/68 at 2024-08-26 (228 DAYS) line 28
Complete report step 27 (10 DAYS) at 2024-09-05 (238 DAYS)

Initializing report step 28/68 at 2024-09-05 (238 DAYS) line 28
Complete report step 28 (10 DAYS) at 2024-09-15 (248 DAYS)

Initializing report step 29/68 at 2024-09-15 (248 DAYS) line 28
Complete report step 29 (10 DAYS) at 2024-09-25 (258 DAYS)

Initializing report step 30/68 at 2024-09-25 (258 DAYS) line 28
Complete report step 30 (10 DAYS) at 2024-10-05 (268 DAYS)

Initializing report step 31/68 at 2024-10-05 (268 DAYS) line 28
Complete report step 31 (10 DAYS) at 2024-10-15 (278 DAYS)

Initializing report step 32/68 at 2024-10-15 (278 DAYS) line 28
Complete report step 32 (10 DAYS) at 2024-10-25 (288 DAYS)

Initializing report step 33/68 at 2024-10-25 (288 DAYS) line 28
Complete report step 33 (10 DAYS) at 2024-11-04 (298 DAYS)

Initializing report step 34/68 at 2024-11-04 (298 DAYS) line 28
Complete report step 34 (10 DAYS) at 2024-11-14 (308 DAYS)

Initializing report step 35/68 at 2024-11-14 (308 DAYS) line 28
Complete report step 35 (10 DAYS) at 2024-11-24 (318 DAYS)

Initializing report step 36/68 at 2024-11-24 (318 DAYS) line 28
Complete report step 36 (10 DAYS) at 2024-12-04 (328 DAYS)

Initializing report step 37/68 at 2024-12-04 (328 DAYS) line 28
Complete report step 37 (10 DAYS) at 2024-12-14 (338 DAYS)

Initializing report step 38/68 at 2024-12-14 (338 DAYS) line 28
Processing keyword TUNING at line 32
Complete report step 38 (18 DAYS) at 2025-01-01 (348 DAYS)

Initializing report step 39/68 at 2025-01-01 (348 DAYS) line 37
Complete report step 39 (365 DAYS) at 2026-01-01 (366 DAYS)

Initializing report step 40/68 at 2026-01-01 (366 DAYS) line 37
Complete report step 40 (365 DAYS) at 2027-01-01 (731 DAYS)

Initializing report step 41/68 at 2027-01-01 (731 DAYS) line 37
Complete report step 41 (365 DAYS) at 2028-01-01 (1096 DAYS)

Initializing report step 42/68 at 2028-01-01 (1096 DAYS) line 37
Complete report step 42 (366 DAYS) at 2029-01-01 (1461 DAYS)

Initializing report step 43/68 at 2029-01-01 (1461 DAYS) line 37
Complete report step 43 (365 DAYS) at 2030-01-01 (1827 DAYS)

Initializing report step 44/68 at 2030-01-01 (1827 DAYS) line 37
Complete report step 44 (365 DAYS) at 2031-01-01 (2192 DAYS)

Initializing report step 45/68 at 2031-01-01 (2192 DAYS) line 37
Complete report step 45 (365 DAYS) at 2032-01-01 (2557 DAYS)

Initializing report step 46/68 at 2032-01-01 (2557 DAYS) line 37
Complete report step 46 (366 DAYS) at 2033-01-01 (2922 DAYS)

Initializing report step 47/68 at 2033-01-01 (2922 DAYS) line 37
Complete report step 47 (365 DAYS) at 2034-01-01 (3288 DAYS)

Initializing report step 48/68 at 2034-01-01 (3288 DAYS) line 37
Complete report step 48 (365 DAYS) at 2035-01-01 (3653 DAYS)

Initializing report step 49/68 at 2035-01-01 (3653 DAYS) line 37
Complete report step 49 (365 DAYS) at 2036-01-01 (4018 DAYS)

Initializing report step 50/68 at 2036-01-01 (4018 DAYS) line 37
Complete report step 50 (366 DAYS) at 2037-01-01 (4383 DAYS)

Initializing report step 51/68 at 2037-01-01 (4383 DAYS) line 37
Complete report step 51 (365 DAYS) at 2038-01-01 (4749 DAYS)

Initializing report step 52/68 at 2038-01-01 (4749 DAYS) line 37
Complete report step 52 (365 DAYS) at 2039-01-01 (5114 DAYS)

Initializing report step 53/68 at 2039-01-01 (5114 DAYS) line 37
Complete report step 53 (365 DAYS) at 2040-01-01 (5479 DAYS)

Initializing report step 54/68 at 2040-01-01 (5479 DAYS) line 37
Complete report step 54 (366 DAYS) at 2041-01-01 (5844 DAYS)

Initializing report step 55/68 at 2041-01-01 (5844 DAYS) line 37
Complete report step 55 (365 DAYS) at 2042-01-01 (6210 DAYS)

Initializing report step 56/68 at 2042-01-01 (6210 DAYS) line 37
Complete report step 56 (365 DAYS) at 2043-01-01 (6575 DAYS)

Initializing report step 57/68 at 2043-01-01 (6575 DAYS) line 37
Complete report step 57 (365 DAYS) at 2044-01-01 (6940 DAYS)

Initializing report step 58/68 at 2044-01-01 (6940 DAYS) line 37
Complete report step 58 (366 DAYS) at 2045-01-01 (7305 DAYS)

Initializing report step 59/68 at 2045-01-01 (7305 DAYS) line 37
Complete report step 59 (365 DAYS) at 2046-01-01 (7671 DAYS)

Initializing report step 60/68 at 2046-01-01 (7671 DAYS) line 37
Complete report step 60 (365 DAYS) at 2047-01-01 (8036 DAYS)

Initializing report step 61/68 at 2047-01-01 (8036 DAYS) line 37
Complete report step 61 (365 DAYS) at 2048-01-01 (8401 DAYS)

Initializing report step 62/68 at 2048-01-01 (8401 DAYS) line 37
Complete report step 62 (366 DAYS) at 2049-01-01 (8766 DAYS)

Initializing report step 63/68 at 2049-01-01 (8766 DAYS) line 37
Processing keyword WCONINJE at line 65
Processing keyword TUNING at line 82
Complete report step 63 (365 DAYS) at 2050-01-01 (9132 DAYS)

Initializing report step 64/68 at 2050-01-01 (9132 DAYS) line 87
Complete report step 64 (36524 DAYS) at 2150-01-01 (9497 DAYS)

Initializing report step 65/68 at 2150-01-01 (9497 DAYS) line 87
Complete report step 65 (36524 DAYS) at 2250-01-01 (46021 DAYS)

Initializing report step 66/68 at 2250-01-01 (46021 DAYS) line 87
Complete report step 66 (36524 DAYS) at 1765-06-12 (82545 DAYS)

Initializing report step 67/68 at 1765-06-12 (82545 DAYS) line 87
Complete report step 67 (36525 DAYS) at 1865-06-13 (119069 DAYS)

Initializing report step 68/68 at 1865-06-13 (119069 DAYS) line 87
Complete report step 68 (36524 DAYS) at 1965-06-13 (155594 DAYS)


The CO2 storage option is given. PVT properties from the Brine-CO2 system are used.
See the OPM manual for details on the used models.

Processing grid
82572 pinch-out connections generated
Total number of active cells: 4722188 / total pore volume: 161991340521 RM3

Load balancing distributes level 0 with 4722188 active cells on 16 processes as follows:
  rank   owned cells   overlap cells   total cells
--------------------------------------------------
     0        313303           26153        339456
     1        305904           60201        366105
     2        318242           33043        351285
     3        209953           33930        243883
     4        300554           30774        331328
     5        324650           27417        352067
     6        322962           45198        368160
     7        199937           48179        248116
     8        324256           42388        366644
     9        318431           42126        360557
    10        324526           26145        350671
    11        296431           19444        315875
    12        324495           32852        357347
    13        228494           47461        275955
    14        322726           51826        374552
    15        287324           49268        336592
--------------------------------------------------
   sum       4722188          616405       5338593


Load balancing distributed the wells as follows:
  well name            ranks with perforated cells
---------------------------------------------------
           INJ00       2
           INJ01       0
           INJ02       3
           INJ03       2
           INJ04       4
           INJ05       4
           INJ06       2
           INJ07       0
           INJ08       1
           INJ09       0
           INJ10       0
           INJ11       4
           INJ12      10
           INJ13       2


Property tree for linear solvers:
{
    "maxiter": "20",
    "tol": "0.0050000000000000001",
    "verbosity": "0",
    "solver": "bicgstab",
    "preconditioner": {
        "type": "cprw",
        "use_well_weights": "false",
        "add_wells": "true",
        "weight_type": "trueimpes",
        "pre_smooth": "0",
        "post_smooth": "1",
        "finesmoother": {
            "type": "paroverilu0",
            "relaxation": "1"
        },
        "verbosity": "0",
        "coarsesolver": {
            "maxiter": "1",
            "tol": "0.10000000000000001",
            "solver": "loopsolver",
            "verbosity": "0",
            "preconditioner": {
                "type": "amg",
                "alpha": "0.33333333333300003",
                "relaxation": "1",
                "iterations": "1",
                "coarsenTarget": "1200",
                "pre_smooth": "1",
                "post_smooth": "1",
                "beta": "0",
                "smoother": "ilu0",
                "verbosity": "0",
                "maxlevel": "15",
                "skip_isolated": "0",
                "accumulate": "1",
                "prolongationdamping": "1",
                "maxdistance": "2",
                "maxconnectivity": "15",
                "maxaggsize": "6",
                "minaggsize": "4"
            }
        }
    }
}

CO2STORE/CO2SOL is enabled.
The surface density of CO2 is 1.868433 KG/M3.
The surface density of brine is 1104.025630 KG/M3.
The surface densities are computed using the reference pressure (1.013 BARSA) and reference temperature (15.56 DEG C).


================ Starting main simulation loop ===============


Report step  0/68 at day 0/192118, date = 01-Jan-2024
Using Newton nonlinear solver.

Starting time step 0, stepsize 1 days, at day 0/1, date = 01-Jan-2024
Restart file written for report step  0/68, date = 01-Jan-2024 00:00:00
 Newton its= 3, linearizations= 4 (3.7sec), linear its=  1 (8.9sec)


Report step  1/68 at day 1/192118, date = 02-Jan-2024

Starting time step 0, stepsize 2 days, at day 1/3, date = 02-Jan-2024
 Newton its= 1, linearizations= 2 (0.7sec), linear its=  1 (1.3sec)
Restart file written for report step  1/68, date = 02-Jan-2024 00:00:00


Report step  2/68 at day 3/192118, date = 04-Jan-2024

Starting time step 0, stepsize 5 days, at day 3/8, date = 04-Jan-2024
Restart file written for report step  2/68, date = 04-Jan-2024 00:00:00
 Newton its= 3, linearizations= 4 (1.2sec), linear its=  2 (3.5sec)


Report step  3/68 at day 8/192118, date = 09-Jan-2024

Starting time step 0, stepsize 10 days, at day 8/18, date = 09-Jan-2024
Restart file written for report step  3/68, date = 09-Jan-2024 00:00:00
 Newton its= 6, linearizations= 7 (3.0sec), linear its=  3 (7.1sec)


Report step  4/68 at day 18/192118, date = 19-Jan-2024

Starting time step 0, stepsize 10 days, at day 18/28, date = 19-Jan-2024
Restart file written for report step  4/68, date = 19-Jan-2024 00:00:00
 Newton its= 5, linearizations= 6 (2.0sec), linear its=  3 (6.0sec)


Report step  5/68 at day 28/192118, date = 29-Jan-2024

Starting time step 0, stepsize 10 days, at day 28/38, date = 29-Jan-2024
Restart file written for report step  5/68, date = 29-Jan-2024 00:00:00
 Newton its= 7, linearizations= 8 (2.8sec), linear its=  3 (8.0sec)


Report step  6/68 at day 38/192118, date = 08-Feb-2024

Starting time step 0, stepsize 10 days, at day 38/48, date = 08-Feb-2024
Restart file written for report step  6/68, date = 08-Feb-2024 00:00:00
 Newton its= 6, linearizations= 7 (3.2sec), linear its=  5 (12.0sec)


Report step  7/68 at day 48/192118, date = 18-Feb-2024

Starting time step 0, stepsize 10 days, at day 48/58, date = 18-Feb-2024
Restart file written for report step  7/68, date = 18-Feb-2024 00:00:00
    Oscillating behavior detected: Relaxation set to 0.900000
 Newton its= 9, linearizations=10 (3.2sec), linear its=  8 (13.2sec)


Report step  8/68 at day 58/192118, date = 28-Feb-2024

Starting time step 0, stepsize 5 days, at day 58/68, date = 28-Feb-2024
Restart file written for report step  8/68, date = 28-Feb-2024 00:00:00
 Newton its= 6, linearizations= 7 (2.5sec), linear its=  4 (7.3sec)

Starting time step 1, stepsize 5 days, at day 63/68, date = 04-Mar-2024
 Newton its= 4, linearizations= 5 (1.7sec), linear its=  2 (4.8sec)


Report step  9/68 at day 68/192118, date = 09-Mar-2024

Starting time step 0, stepsize 10 days, at day 68/78, date = 09-Mar-2024
Restart file written for report step  9/68, date = 09-Mar-2024 00:00:00
 Newton its= 7, linearizations= 8 (3.0sec), linear its=  5 (8.9sec)


Report step 10/68 at day 78/192118, date = 19-Mar-2024

Starting time step 0, stepsize 10 days, at day 78/88, date = 19-Mar-2024
Restart file written for report step 10/68, date = 19-Mar-2024 00:00:00
 Newton its= 6, linearizations= 7 (2.5sec), linear its=  3 (12.2sec)


Report step 11/68 at day 88/192118, date = 29-Mar-2024

Starting time step 0, stepsize 10 days, at day 88/98, date = 29-Mar-2024
Restart file written for report step 11/68, date = 29-Mar-2024 00:00:00
 Newton its= 5, linearizations= 6 (2.6sec), linear its=  3 (6.6sec)


Report step 12/68 at day 98/192118, date = 08-Apr-2024

Starting time step 0, stepsize 10 days, at day 98/108, date = 08-Apr-2024
Restart file written for report step 12/68, date = 08-Apr-2024 00:00:00
 Newton its= 4, linearizations= 5 (1.7sec), linear its=  3 (5.2sec)


Report step 13/68 at day 108/192118, date = 18-Apr-2024

Starting time step 0, stepsize 10 days, at day 108/118, date = 18-Apr-2024
Restart file written for report step 13/68, date = 18-Apr-2024 00:00:00
    Oscillating behavior detected: Relaxation set to 0.900000
 Newton its= 8, linearizations= 9 (3.1sec), linear its=  2 (8.9sec)


Report step 14/68 at day 118/192118, date = 28-Apr-2024

Starting time step 0, stepsize 10 days, at day 118/128, date = 28-Apr-2024
Restart file written for report step 14/68, date = 28-Apr-2024 00:00:00
 Newton its= 5, linearizations= 6 (2.1sec), linear its=  4 (7.3sec)


Report step 15/68 at day 128/192118, date = 08-May-2024

Starting time step 0, stepsize 10 days, at day 128/138, date = 08-May-2024
Restart file written for report step 15/68, date = 08-May-2024 00:00:00
 Newton its= 6, linearizations= 7 (2.5sec), linear its=  5 (13.9sec)


Report step 16/68 at day 138/192118, date = 18-May-2024

Starting time step 0, stepsize 10 days, at day 138/148, date = 18-May-2024
Restart file written for report step 16/68, date = 18-May-2024 00:00:00
 Newton its= 4, linearizations= 5 (1.8sec), linear its=  2 (4.7sec)


Report step 17/68 at day 148/192118, date = 28-May-2024

Starting time step 0, stepsize 10 days, at day 148/158, date = 28-May-2024
Restart file written for report step 17/68, date = 28-May-2024 00:00:00
 Newton its= 4, linearizations= 5 (1.8sec), linear its=  3 (5.3sec)


Report step 18/68 at day 158/192118, date = 07-Jun-2024

Starting time step 0, stepsize 10 days, at day 158/168, date = 07-Jun-2024
Restart file written for report step 18/68, date = 07-Jun-2024 00:00:00
 Newton its= 6, linearizations= 7 (2.6sec), linear its=  1 (7.2sec)


Report step 19/68 at day 168/192118, date = 17-Jun-2024

Starting time step 0, stepsize 10 days, at day 168/178, date = 17-Jun-2024
Restart file written for report step 19/68, date = 17-Jun-2024 00:00:00
 Newton its= 5, linearizations= 6 (2.2sec), linear its=  3 (6.7sec)


Report step 20/68 at day 178/192118, date = 27-Jun-2024

Starting time step 0, stepsize 10 days, at day 178/188, date = 27-Jun-2024
Restart file written for report step 20/68, date = 27-Jun-2024 00:00:00
    Oscillating behavior detected: Relaxation set to 0.900000
 Newton its= 8, linearizations= 9 (3.2sec), linear its=  2 (9.3sec)


Report step 21/68 at day 188/192118, date = 07-Jul-2024

Starting time step 0, stepsize 10 days, at day 188/198, date = 07-Jul-2024
Restart file written for report step 21/68, date = 07-Jul-2024 00:00:00
 Newton its= 6, linearizations= 7 (2.4sec), linear its=  2 (13.5sec)


Report step 22/68 at day 198/192118, date = 17-Jul-2024

Starting time step 0, stepsize 10 days, at day 198/208, date = 17-Jul-2024
Restart file written for report step 22/68, date = 17-Jul-2024 00:00:00
 Newton its= 6, linearizations= 7 (2.5sec), linear its=  2 (7.4sec)


Report step 23/68 at day 208/192118, date = 27-Jul-2024

Starting time step 0, stepsize 10 days, at day 208/218, date = 27-Jul-2024
Restart file written for report step 23/68, date = 27-Jul-2024 00:00:00
    Oscillating behavior detected: Relaxation set to 0.900000
 Newton its= 5, linearizations= 6 (2.0sec), linear its=  3 (6.6sec)


Report step 24/68 at day 218/192118, date = 06-Aug-2024

Starting time step 0, stepsize 10 days, at day 218/228, date = 06-Aug-2024
Restart file written for report step 24/68, date = 06-Aug-2024 00:00:00
 Newton its= 6, linearizations= 7 (2.6sec), linear its=  6 (9.4sec)


Report step 25/68 at day 228/192118, date = 16-Aug-2024

Starting time step 0, stepsize 10 days, at day 228/238, date = 16-Aug-2024
Restart file written for report step 25/68, date = 16-Aug-2024 00:00:00
 Newton its= 4, linearizations= 5 (1.8sec), linear its=  3 (5.6sec)


Report step 26/68 at day 238/192118, date = 26-Aug-2024

Starting time step 0, stepsize 10 days, at day 238/248, date = 26-Aug-2024
Restart file written for report step 26/68, date = 26-Aug-2024 00:00:00
 Newton its= 4, linearizations= 5 (1.9sec), linear its=  2 (5.3sec)


Report step 27/68 at day 248/192118, date = 05-Sep-2024

Starting time step 0, stepsize 10 days, at day 248/258, date = 05-Sep-2024
Restart file written for report step 27/68, date = 05-Sep-2024 00:00:00
 Newton its= 4, linearizations= 5 (1.7sec), linear its=  5 (13.4sec)


Report step 28/68 at day 258/192118, date = 15-Sep-2024

Starting time step 0, stepsize 10 days, at day 258/268, date = 15-Sep-2024
Restart file written for report step 28/68, date = 15-Sep-2024 00:00:00
 Newton its= 6, linearizations= 7 (2.3sec), linear its=  3 (7.7sec)


Report step 29/68 at day 268/192118, date = 25-Sep-2024

Starting time step 0, stepsize 10 days, at day 268/278, date = 25-Sep-2024
Restart file written for report step 29/68, date = 25-Sep-2024 00:00:00
 Newton its= 5, linearizations= 6 (2.2sec), linear its=  5 (8.4sec)


Report step 30/68 at day 278/192118, date = 05-Oct-2024

Starting time step 0, stepsize 10 days, at day 278/288, date = 05-Oct-2024
Restart file written for report step 30/68, date = 05-Oct-2024 00:00:00
 Newton its= 4, linearizations= 5 (1.8sec), linear its=  4 (5.4sec)


Report step 31/68 at day 288/192118, date = 15-Oct-2024

Starting time step 0, stepsize 10 days, at day 288/298, date = 15-Oct-2024
Restart file written for report step 31/68, date = 15-Oct-2024 00:00:00
 Newton its= 6, linearizations= 7 (2.4sec), linear its=  2 (6.5sec)


Report step 32/68 at day 298/192118, date = 25-Oct-2024

Starting time step 0, stepsize 10 days, at day 298/308, date = 25-Oct-2024
Restart file written for report step 32/68, date = 25-Oct-2024 00:00:00
    Oscillating behavior detected: Relaxation set to 0.900000
 Newton its= 8, linearizations= 9 (3.4sec), linear its=  7 (18.1sec)


Report step 33/68 at day 308/192118, date = 04-Nov-2024

Starting time step 0, stepsize 10 days, at day 308/318, date = 04-Nov-2024
Restart file written for report step 33/68, date = 04-Nov-2024 00:00:00
 Newton its= 4, linearizations= 5 (1.8sec), linear its=  7 (6.9sec)


Report step 34/68 at day 318/192118, date = 14-Nov-2024

Starting time step 0, stepsize 10 days, at day 318/328, date = 14-Nov-2024
Restart file written for report step 34/68, date = 14-Nov-2024 00:00:00
 Newton its= 4, linearizations= 5 (1.9sec), linear its=  3 (4.9sec)


Report step 35/68 at day 328/192118, date = 24-Nov-2024

Starting time step 0, stepsize 10 days, at day 328/338, date = 24-Nov-2024
Restart file written for report step 35/68, date = 24-Nov-2024 00:00:00
 Newton its= 4, linearizations= 5 (1.8sec), linear its=  5 (5.9sec)


Report step 36/68 at day 338/192118, date = 04-Dec-2024

Starting time step 0, stepsize 10 days, at day 338/348, date = 04-Dec-2024
Restart file written for report step 36/68, date = 04-Dec-2024 00:00:00
 Newton its= 4, linearizations= 5 (1.8sec), linear its=  4 (5.8sec)


Report step 37/68 at day 348/192118, date = 14-Dec-2024

Starting time step 0, stepsize 10 days, at day 348/366, date = 14-Dec-2024
Restart file written for report step 37/68, date = 14-Dec-2024 00:00:00
 Newton its= 4, linearizations= 5 (1.7sec), linear its=  3 (5.3sec)

Starting time step 1, stepsize 8 days, at day 358/366, date = 24-Dec-2024
 Newton its= 3, linearizations= 4 (1.3sec), linear its=  3 (5.3sec)


Report step 38/68 at day 366/192118, date = 01-Jan-2025

Starting time step 0, stepsize 24 days, at day 366/731, date = 01-Jan-2025
Restart file written for report step 38/68, date = 01-Jan-2025 00:00:00
 Newton its= 6, linearizations= 7 (2.5sec), linear its=  8 (14.5sec)

Starting time step 1, stepsize 43.2 days, at day 390/731, date = 25-Jan-2025
    Oscillating behavior detected: Relaxation set to 0.900000

Warning: Density of water is only implemented for temperatures below 647K and pressures below 100MPa. (T = 378.150000, p=111535492.100673)

Warning: Density of water is only implemented for temperatures below 647K and pressures below 100MPa. (T = 378.150000, p=124745556.901630)

Warning: Density of water is only implemented for temperatures below 647K and pressures below 100MPa. (T = 378.150000, p=124354441.105873)

Warning: Density of water is only implemented for temperatures below 647K and pressures below 100MPa. (T = 378.150000, p=103709165.472327)

Warning: Density of water is only implemented for temperatures below 647K and pressures below 100MPa. (T = 378.150000, p=122322653.121312)

Warning: Density of water is only implemented for temperatures below 647K and pressures below 100MPa. (T = 378.150000, p=123951388.134167)

Warning: Density of water is only implemented for temperatures below 647K and pressures below 100MPa. (T = 378.150000, p=109595219.983794)

Warning: Density of water is only implemented for temperatures below 647K and pressures below 100MPa. (T = 378.150000, p=121710098.366509)

Warning: Density of water is only implemented for temperatures below 647K and pressures below 100MPa. (T = 378.150000, p=123535569.854887)

Warning: Density of water is only implemented for temperatures below 647K and pressures below 100MPa. (T = 378.150000, p=115709107.412977)

Warning: Density of water is only implemented for temperatures below 647K and pressures below 100MPa. (T = 378.150000, p=119980506.536685)

Warning: Density of water is only implemented for temperatures below 647K and pressures below 100MPa. (T = 378.150000, p=101543188.971271)

Warning: Density of water is only implemented for temperatures below 647K and pressures below 100MPa. (T = 378.150000, p=118113654.043334)

Warning: Density of water is only implemented for temperatures below 647K and pressures below 100MPa. (T = 378.150000, p=113941021.062756)

Warning: Density of water is only implemented for temperatures below 647K and pressures below 100MPa. (T = 378.150000, p=111116701.088600)

Warning: Density of water is only implemented for temperatures below 647K and pressures below 100MPa. (T = 378.150000, p=124086082.096259)

Warning: Density of water is only implemented for temperatures below 647K and pressures below 100MPa. (T = 378.150000, p=123786032.835643)

Warning: Density of water is only implemented for temperatures below 647K and pressures below 100MPa. (T = 378.150000, p=104051769.562764)

Warning: Density of water is only implemented for temperatures below 647K and pressures below 100MPa. (T = 378.150000, p=124556986.998114)

Warning: Density of water is only implemented for temperatures below 647K and pressures below 100MPa. (T = 378.150000, p=124495094.033458)

Warning: Density of water is only implemented for temperatures below 647K and pressures below 100MPa. (T = 378.150000, p=125018099.839188)

Warning: Density of water is only implemented for temperatures below 647K and pressures below 100MPa. (T = 378.150000, p=125279555.205026)

Warning: Density of water is only implemented for temperatures below 647K and pressures below 100MPa. (T = 378.150000, p=111225084.375247)

Warning: Density of water is only implemented for temperatures below 647K and pressures below 100MPa. (T = 378.150000, p=103764797.933333)

Warning: Density of water is only implemented for temperatures below 647K and pressures below 100MPa. (T = 378.150000, p=102807415.697213)

Warning: Density of water is only implemented for temperatures below 647K and pressures below 100MPa. (T = 378.150000, p=113964461.147103)

Warning: Density of water is only implemented for temperatures below 647K and pressures below 100MPa. (T = 378.150000, p=113454641.520508)

Warning: Density of water is only implemented for temperatures below 647K and pressures below 100MPa. (T = 378.150000, p=129448293.516789)

Warning: Density of water is only implemented for temperatures below 647K and pressures below 100MPa. (T = 378.150000, p=105238262.097905)

Warning: Density of water is only implemented for temperatures below 647K and pressures below 100MPa. (T = 378.150000, p=120958606.417727)

Warning: Density of water is only implemented for temperatures below 647K and pressures below 100MPa. (T = 378.150000, p=100039113.108944)

Warning: Density of water is only implemented for temperatures below 647K and pressures below 100MPa. (T = 378.150000, p=130595572.477735)

Warning: Density of water is only implemented for temperatures below 647K and pressures below 100MPa. (T = 378.150000, p=118457745.541284)

Warning: Density of water is only implemented for temperatures below 647K and pressures below 100MPa. (T = 378.150000, p=118932684.357947)

Warning: Density of water is only implemented for temperatures below 647K and pressures below 100MPa. (T = 378.150000, p=121064907.280600)

Warning: Density of water is only implemented for temperatures below 647K and pressures below 100MPa. (T = 378.150000, p=116280648.947482)

Warning: Density of water is only implemented for temperatures below 647K and pressures below 100MPa. (T = 378.150000, p=121427398.130741)

Warning: Density of water is only implemented for temperatures below 647K and pressures below 100MPa. (T = 378.150000, p=104177813.847641)

Warning: Density of water is only implemented for temperatures below 647K and pressures below 100MPa. (T = 378.150000, p=104805961.261321)

Problem: Solver convergence failure - Iteration limit reached
Timestep chopped to 4.32 days


Starting time step 1, stepsize 4.32 days, at day 390/731, date = 25-Jan-2025
    Oscillating behavior detected: Relaxation set to 0.900000
 Newton its= 4, linearizations= 5 (1.8sec), linear its=  4 (5.6sec)

Starting time step 2, stepsize 5.4 days, at day 394.32/731, date = 29-Jan-2025
 Newton its= 3, linearizations= 4 (1.5sec), linear its=  3 (4.1sec)

Starting time step 3, stepsize 16.2 days, at day 399.72/731, date = 03-Feb-2025
    Oscillating behavior detected: Relaxation set to 0.900000
    Oscillating behavior detected: Relaxation set to 0.800000
 Newton its=10, linearizations=11 (3.8sec), linear its= 23 (26.2sec)

Starting time step 4, stepsize 12.96 days, at day 415.92/731, date = 19-Feb-2025
    Oscillating behavior detected: Relaxation set to 0.900000
 Newton its= 9, linearizations=10 (4.5sec), linear its= 10 (12.4sec)

Starting time step 5, stepsize 11.52 days, at day 428.88/731, date = 04-Mar-2025
 Newton its= 4, linearizations= 5 (1.6sec), linear its=  5 (6.5sec)

Starting time step 6, stepsize 29.952 days, at day 440.4/731, date = 16-Mar-2025
 Newton its= 9, linearizations=10 (4.6sec), linear its= 10 (13.2sec)

Starting time step 7, stepsize 26.624 days, at day 470.352/731, date = 15-Apr-2025
    Oscillating behavior detected: Relaxation set to 0.900000
 Newton its=11, linearizations=12 (4.4sec), linear its= 15 (22.9sec)

Starting time step 8, stepsize 19.3629 days, at day 496.976/731, date = 11-May-2025
 Newton its= 5, linearizations= 6 (2.0sec), linear its=  4 (6.4sec)

Starting time step 9, stepsize 42.5984 days, at day 516.339/731, date = 31-May-2025

Problem: Solver convergence failure - Iteration limit reached
Timestep chopped to 4.2598400000000005 days


Starting time step 9, stepsize 4.25984 days, at day 516.339/731, date = 31-May-2025
 Newton its= 4, linearizations= 5 (1.8sec), linear its=  2 (4.8sec)

Starting time step 10, stepsize 5.3248 days, at day 520.599/731, date = 04-Jun-2025
 Newton its= 4, linearizations= 5 (1.8sec), linear its=  5 (6.2sec)

Starting time step 11, stepsize 13.8445 days, at day 525.924/731, date = 09-Jun-2025
 Newton its= 5, linearizations= 6 (2.2sec), linear its=  5 (12.9sec)

Starting time step 12, stepsize 30.4579 days, at day 539.768/731, date = 23-Jun-2025
 Newton its= 7, linearizations= 8 (2.8sec), linear its=  4 (8.7sec)

Starting time step 13, stepsize 42.641 days, at day 570.226/731, date = 24-Jul-2025
    Oscillating behavior detected: Relaxation set to 0.900000

Problem: Solver convergence failure - Iteration limit reached
Timestep chopped to 4.264099840000001 days


Starting time step 13, stepsize 4.2641 days, at day 570.226/731, date = 24-Jul-2025
 Newton its= 4, linearizations= 5 (1.8sec), linear its=  3 (5.2sec)

Starting time step 14, stepsize 5.33012 days, at day 574.49/731, date = 28-Jul-2025
 Newton its= 4, linearizations= 5 (3.0sec), linear its=  3 (9.9sec)

Starting time step 15, stepsize 13.8583 days, at day 579.82/731, date = 02-Aug-2025
 Newton its= 7, linearizations= 8 (2.5sec), linear its=  5 (9.0sec)

Starting time step 16, stepsize 19.4017 days, at day 593.678/731, date = 16-Aug-2025
 Newton its= 6, linearizations= 7 (2.4sec), linear its=  9 (11.4sec)

Starting time step 17, stepsize 34.923 days, at day 613.08/731, date = 05-Sep-2025
    Oscillating behavior detected: Relaxation set to 0.900000
    Oscillating behavior detected: Relaxation set to 0.800000
    Oscillating behavior detected: Relaxation set to 0.700000
    Oscillating behavior detected: Relaxation set to 0.600000
    Oscillating behavior detected: Relaxation set to 0.500000

Problem: Solver convergence failure - Iteration limit reached
Timestep chopped to 3.4922977689600017 days


Starting time step 17, stepsize 3.4923 days, at day 613.08/731, date = 05-Sep-2025
 Newton its= 3, linearizations= 4 (1.2sec), linear its=  4 (9.7sec)

Starting time step 18, stepsize 4.36537 days, at day 616.572/731, date = 08-Sep-2025
 Newton its= 3, linearizations= 4 (1.3sec), linear its=  1 (4.8sec)

Starting time step 19, stepsize 13.0961 days, at day 620.938/731, date = 12-Sep-2025
 Newton its= 4, linearizations= 5 (1.8sec), linear its=  4 (5.2sec)

Starting time step 20, stepsize 34.0499 days, at day 634.034/731, date = 26-Sep-2025
    Oscillating behavior detected: Relaxation set to 0.900000
 Newton its=10, linearizations=11 (4.0sec), linear its= 12 (15.6sec)

Starting time step 21, stepsize 27.2399 days, at day 668.084/731, date = 30-Oct-2025
    Oscillating behavior detected: Relaxation set to 0.900000

Problem: Solver convergence failure - Iteration limit reached
Timestep chopped to 2.7239922597888016 days


Starting time step 21, stepsize 2.72399 days, at day 668.084/731, date = 30-Oct-2025
 Newton its= 4, linearizations= 5 (1.6sec), linear its=  2 (4.6sec)

Starting time step 22, stepsize 3.40499 days, at day 670.808/731, date = 01-Nov-2025
 Newton its= 3, linearizations= 4 (1.3sec), linear its=  2 (3.5sec)

Starting time step 23, stepsize 10.215 days, at day 674.213/731, date = 05-Nov-2025
 Newton its= 4, linearizations= 5 (1.8sec), linear its=  4 (5.3sec)

Starting time step 24, stepsize 26.5589 days, at day 684.428/731, date = 15-Nov-2025
 Newton its= 9, linearizations=10 (3.2sec), linear its= 11 (14.0sec)

Starting time step 25, stepsize 20.0133 days, at day 710.987/731, date = 11-Dec-2025
    Oscillating behavior detected: Relaxation set to 0.900000
 Newton its= 9, linearizations=10 (3.6sec), linear its=  6 (16.8sec)


Report step 39/68 at day 731/192118, date = 01-Jan-2026

Starting time step 0, stepsize 17.7896 days, at day 731/1096, date = 01-Jan-2026
Restart file written for report step 39/68, date = 01-Jan-2026 00:00:00
 Newton its= 7, linearizations= 8 (2.8sec), linear its=  6 (9.2sec)

Starting time step 1, stepsize 24.9055 days, at day 748.79/1096, date = 18-Jan-2026
    Oscillating behavior detected: Relaxation set to 0.900000
    Oscillating behavior detected: Relaxation set to 0.800000
    Oscillating behavior detected: Relaxation set to 0.700000

Problem: Solver convergence failure - Iteration limit reached
Timestep chopped to 2.4905494213347725 days


Starting time step 1, stepsize 2.49055 days, at day 748.79/1096, date = 18-Jan-2026
 Newton its= 2, linearizations= 3 (1.1sec), linear its=  2 (2.5sec)

Starting time step 2, stepsize 3.11319 days, at day 751.28/1096, date = 21-Jan-2026
 Newton its= 3, linearizations= 4 (1.4sec), linear its=  3 (4.2sec)

Starting time step 3, stepsize 9.33956 days, at day 754.393/1096, date = 24-Jan-2026
    Oscillating behavior detected: Relaxation set to 0.900000
    Oscillating behavior detected: Relaxation set to 0.800000
 Newton its= 8, linearizations= 9 (2.9sec), linear its= 12 (19.3sec)

Starting time step 4, stepsize 9.33956 days, at day 763.733/1096, date = 02-Feb-2026
 Newton its= 4, linearizations= 5 (1.6sec), linear its=  1 (4.4sec)

Starting time step 5, stepsize 24.2829 days, at day 773.072/1096, date = 12-Feb-2026
 Newton its= 7, linearizations= 8 (2.5sec), linear its=  5 (9.2sec)

Starting time step 6, stepsize 33.996 days, at day 797.355/1096, date = 08-Mar-2026
 Newton its= 7, linearizations= 8 (2.7sec), linear its=  8 (11.7sec)

Starting time step 7, stepsize 47.5944 days, at day 831.351/1096, date = 11-Apr-2026
    Oscillating behavior detected: Relaxation set to 0.900000
    Oscillating behavior detected: Relaxation set to 0.800000

Problem: Solver convergence failure - Iteration limit reached
Timestep chopped to 4.759439944170749 days


Starting time step 7, stepsize 4.75944 days, at day 831.351/1096, date = 11-Apr-2026
 Newton its= 4, linearizations= 5 (1.7sec), linear its=  3 (5.2sec)

Starting time step 8, stepsize 5.9493 days, at day 836.111/1096, date = 16-Apr-2026
 Newton its= 3, linearizations= 4 (1.4sec), linear its=  4 (5.6sec)

Starting time step 9, stepsize 17.8479 days, at day 842.06/1096, date = 22-Apr-2026
 Newton its= 6, linearizations= 7 (2.4sec), linear its= 13 (10.8sec)

Starting time step 10, stepsize 32.1262 days, at day 859.908/1096, date = 09-May-2026
 Newton its= 8, linearizations= 9 (4.1sec), linear its=  9 (12.1sec)

Starting time step 11, stepsize 32.1262 days, at day 892.034/1096, date = 11-Jun-2026
 Newton its= 7, linearizations= 8 (2.8sec), linear its=  7 (15.6sec)

Starting time step 12, stepsize 44.9767 days, at day 924.16/1096, date = 13-Jul-2026
 Newton its=11, linearizations=12 (4.0sec), linear its= 14 (17.7sec)

Starting time step 13, stepsize 32.7103 days, at day 969.137/1096, date = 27-Aug-2026
    Oscillating behavior detected: Relaxation set to 0.900000
 Newton its=11, linearizations=12 (3.9sec), linear its= 14 (18.4sec)

Starting time step 14, stepsize 23.7893 days, at day 1001.85/1096, date = 28-Sep-2026
    Oscillating behavior detected: Relaxation set to 0.900000
 Newton its=10, linearizations=11 (3.5sec), linear its= 22 (26.0sec)

Starting time step 15, stepsize 19.0315 days, at day 1025.64/1096, date = 22-Oct-2026
 Newton its= 5, linearizations= 6 (2.1sec), linear its=  8 (7.9sec)

Starting time step 16, stepsize 25.6659 days, at day 1044.67/1096, date = 10-Nov-2026
    Oscillating behavior detected: Relaxation set to 0.900000
 Newton its=11, linearizations=12 (3.6sec), linear its= 23 (22.3sec)

Starting time step 17, stepsize 12.8329 days, at day 1070.33/1096, date = 06-Dec-2026
 Newton its= 4, linearizations= 5 (1.6sec), linear its=  4 (5.2sec)

Starting time step 18, stepsize 12.8329 days, at day 1083.17/1096, date = 19-Dec-2026
 Newton its= 5, linearizations= 6 (2.0sec), linear its=  6 (7.9sec)


Report step 40/68 at day 1096/192118, date = 01-Jan-2027

Starting time step 0, stepsize 28.2325 days, at day 1096/1461, date = 01-Jan-2027
Restart file written for report step 40/68, date = 01-Jan-2027 00:00:00
 Newton its= 6, linearizations= 7 (2.3sec), linear its=  5 (14.7sec)

Starting time step 1, stepsize 50.8184 days, at day 1124.23/1461, date = 29-Jan-2027

Problem: Solver convergence failure - Numerical problem encountered
Timestep chopped to 5.081841239075605 days


Starting time step 1, stepsize 5.08184 days, at day 1124.23/1461, date = 29-Jan-2027
 Newton its= 3, linearizations= 4 (1.3sec), linear its=  3 (4.0sec)

Starting time step 2, stepsize 6.3523 days, at day 1129.31/1461, date = 03-Feb-2027
 Newton its= 3, linearizations= 4 (1.4sec), linear its=  5 (5.0sec)

Starting time step 3, stepsize 19.0569 days, at day 1135.67/1461, date = 09-Feb-2027
    Oscillating behavior detected: Relaxation set to 0.900000
 Newton its= 8, linearizations= 9 (3.2sec), linear its=  4 (10.9sec)

Starting time step 4, stepsize 19.0569 days, at day 1154.72/1461, date = 28-Feb-2027
 Newton its= 4, linearizations= 5 (1.8sec), linear its=  7 (12.1sec)

Starting time step 5, stepsize 49.548 days, at day 1173.78/1461, date = 19-Mar-2027
    Oscillating behavior detected: Relaxation set to 0.900000
    Oscillating behavior detected: Relaxation set to 0.800000
 Newton its=12, linearizations=13 (4.6sec), linear its= 10 (16.9sec)

Starting time step 6, stepsize 33.032 days, at day 1223.33/1461, date = 08-May-2027
 Newton its= 8, linearizations= 9 (3.1sec), linear its=  6 (11.3sec)

Starting time step 7, stepsize 33.032 days, at day 1256.36/1461, date = 10-Jun-2027
    Oscillating behavior detected: Relaxation set to 0.900000
    Oscillating behavior detected: Relaxation set to 0.800000
 Newton its= 9, linearizations=10 (4.9sec), linear its=  4 (15.8sec)

Starting time step 8, stepsize 29.3617 days, at day 1289.39/1461, date = 13-Jul-2027
 Newton its= 6, linearizations= 7 (2.5sec), linear its=  5 (8.2sec)

Starting time step 9, stepsize 52.8511 days, at day 1318.75/1461, date = 11-Aug-2027

Problem: Solver convergence failure - Numerical problem encountered
Timestep chopped to 5.28511488863863 days


Starting time step 9, stepsize 5.28511 days, at day 1318.75/1461, date = 11-Aug-2027
 Newton its= 4, linearizations= 5 (1.7sec), linear its=  5 (6.0sec)

Starting time step 10, stepsize 6.60639 days, at day 1324.04/1461, date = 17-Aug-2027
 Newton its= 4, linearizations= 5 (1.7sec), linear its=  4 (5.8sec)

Starting time step 11, stepsize 17.1766 days, at day 1330.65/1461, date = 23-Aug-2027
 Newton its= 6, linearizations= 7 (2.5sec), linear its=  5 (8.4sec)

Starting time step 12, stepsize 30.9179 days, at day 1347.82/1461, date = 09-Sep-2027
 Newton its= 7, linearizations= 8 (2.7sec), linear its=  8 (16.3sec)

Starting time step 13, stepsize 43.2851 days, at day 1378.74/1461, date = 10-Oct-2027

Warning: Density of water is only implemented for temperatures below 647K and pressures below 100MPa. (T = 378.150000, p=108399473.120024)

Warning: Density of water is only implemented for temperatures below 647K and pressures below 100MPa. (T = 378.150000, p=107340497.112727)

Warning: Density of water is only implemented for temperatures below 647K and pressures below 100MPa. (T = 378.150000, p=100211816.622342)

Warning: Density of water is only implemented for temperatures below 647K and pressures below 100MPa. (T = 378.150000, p=113497814.546309)

Warning: Density of water is only implemented for temperatures below 647K and pressures below 100MPa. (T = 378.150000, p=112264603.610157)

Warning: Density of water is only implemented for temperatures below 647K and pressures below 100MPa. (T = 378.150000, p=114715048.318663)

Warning: Density of water is only implemented for temperatures below 647K and pressures below 100MPa. (T = 378.150000, p=106426930.129794)

Warning: Density of water is only implemented for temperatures below 647K and pressures below 100MPa. (T = 378.150000, p=101271787.222330)

Warning: Density of water is only implemented for temperatures below 647K and pressures below 100MPa. (T = 378.150000, p=100711570.424201)

Warning: Density of water is only implemented for temperatures below 647K and pressures below 100MPa. (T = 378.150000, p=100786020.634190)

Warning: Density of water is only implemented for temperatures below 647K and pressures below 100MPa. (T = 378.150000, p=103073114.112710)

Problem: Solver convergence failure - Numerical problem encountered
Timestep chopped to 4.328509093795039 days


Starting time step 13, stepsize 4.32851 days, at day 1378.74/1461, date = 10-Oct-2027
 Newton its= 3, linearizations= 4 (1.3sec), linear its=  2 (3.8sec)

Starting time step 14, stepsize 5.41064 days, at day 1383.07/1461, date = 15-Oct-2027
 Newton its= 5, linearizations= 6 (2.0sec), linear its=  4 (6.5sec)

Starting time step 15, stepsize 11.9034 days, at day 1388.48/1461, date = 20-Oct-2027
 Newton its= 4, linearizations= 5 (3.0sec), linear its=  5 (6.3sec)

Starting time step 16, stepsize 30.9488 days, at day 1400.38/1461, date = 01-Nov-2027
 Newton its=12, linearizations=13 (4.7sec), linear its= 10 (24.7sec)

Starting time step 17, stepsize 14.8343 days, at day 1431.33/1461, date = 02-Dec-2027
    Well INJ12 control mode changed from RATE to BHP
 Newton its= 5, linearizations= 6 (1.9sec), linear its=  6 (7.4sec)

Starting time step 18, stepsize 14.8343 days, at day 1446.17/1461, date = 17-Dec-2027
 Newton its= 4, linearizations= 5 (1.6sec), linear its=  4 (5.8sec)


Report step 41/68 at day 1461/192118, date = 01-Jan-2028

Starting time step 0, stepsize 38.5691 days, at day 1461/1827, date = 01-Jan-2028
Restart file written for report step 41/68, date = 01-Jan-2028 00:00:00

Warning: Full linear solver tolerance not achieved. The reduction is:0.00634272 after 20 iterations

Warning: Density of water is only implemented for temperatures below 647K and pressures below 100MPa. (T = 378.150000, p=109452319.581622)

Warning: Density of water is only implemented for temperatures below 647K and pressures below 100MPa. (T = 378.150000, p=100558469.598108)

Warning: Density of water is only implemented for temperatures below 647K and pressures below 100MPa. (T = 378.150000, p=108002719.142170)

Warning: Density of water is only implemented for temperatures below 647K and pressures below 100MPa. (T = 378.150000, p=103730672.068642)

Warning: Density of water is only implemented for temperatures below 647K and pressures below 100MPa. (T = 378.150000, p=125564068.578856)

Warning: Density of water is only implemented for temperatures below 647K and pressures below 100MPa. (T = 378.150000, p=119815847.484068)

Warning: Density of water is only implemented for temperatures below 647K and pressures below 100MPa. (T = 378.150000, p=126293497.532208)

Warning: Density of water is only implemented for temperatures below 647K and pressures below 100MPa. (T = 378.150000, p=105666862.735620)

Warning: Density of water is only implemented for temperatures below 647K and pressures below 100MPa. (T = 378.150000, p=110652794.848374)

Warning: Density of water is only implemented for temperatures below 647K and pressures below 100MPa. (T = 378.150000, p=135591719.741690)

Warning: Density of water is only implemented for temperatures below 647K and pressures below 100MPa. (T = 378.150000, p=130604583.154763)

Warning: Density of water is only implemented for temperatures below 647K and pressures below 100MPa. (T = 378.150000, p=129054496.654682)

Warning: Density of water is only implemented for temperatures below 647K and pressures below 100MPa. (T = 378.150000, p=116124475.055090)

Warning: Density of water is only implemented for temperatures below 647K and pressures below 100MPa. (T = 378.150000, p=128975907.068828)

Warning: Density of water is only implemented for temperatures below 647K and pressures below 100MPa. (T = 378.150000, p=127074871.568653)

Warning: Density of water is only implemented for temperatures below 647K and pressures below 100MPa. (T = 378.150000, p=134107134.478377)

Warning: Density of water is only implemented for temperatures below 647K and pressures below 100MPa. (T = 378.150000, p=130374331.788919)

Warning: Density of water is only implemented for temperatures below 647K and pressures below 100MPa. (T = 378.150000, p=130976071.525647)

Warning: Density of water is only implemented for temperatures below 647K and pressures below 100MPa. (T = 378.150000, p=130203928.484481)

Warning: Density of water is only implemented for temperatures below 647K and pressures below 100MPa. (T = 378.150000, p=135747832.538410)

Warning: Density of water is only implemented for temperatures below 647K and pressures below 100MPa. (T = 378.150000, p=131745482.163841)

Warning: Density of water is only implemented for temperatures below 647K and pressures below 100MPa. (T = 378.150000, p=132557185.462667)

Warning: Density of water is only implemented for temperatures below 647K and pressures below 100MPa. (T = 378.150000, p=131478271.192498)

Warning: Density of water is only implemented for temperatures below 647K and pressures below 100MPa. (T = 378.150000, p=100269108.960739)

Warning: Density of water is only implemented for temperatures below 647K and pressures below 100MPa. (T = 378.150000, p=130181342.935190)

Warning: Density of water is only implemented for temperatures below 647K and pressures below 100MPa. (T = 378.150000, p=105712125.865910)

Warning: Density of water is only implemented for temperatures below 647K and pressures below 100MPa. (T = 378.150000, p=130930672.400083)

Warning: Density of water is only implemented for temperatures below 647K and pressures below 100MPa. (T = 378.150000, p=131910685.320745)

Warning: Density of water is only implemented for temperatures below 647K and pressures below 100MPa. (T = 378.150000, p=111805666.953923)

Warning: Density of water is only implemented for temperatures below 647K and pressures below 100MPa. (T = 378.150000, p=131398678.600718)

Warning: Density of water is only implemented for temperatures below 647K and pressures below 100MPa. (T = 378.150000, p=131971724.079179)

Warning: Density of water is only implemented for temperatures below 647K and pressures below 100MPa. (T = 378.150000, p=118581344.281751)

Warning: Density of water is only implemented for temperatures below 647K and pressures below 100MPa. (T = 378.150000, p=131511864.677945)

Warning: Density of water is only implemented for temperatures below 647K and pressures below 100MPa. (T = 378.150000, p=132068709.561355)

Warning: Density of water is only implemented for temperatures below 647K and pressures below 100MPa. (T = 378.150000, p=126089262.503955)

Warning: Density of water is only implemented for temperatures below 647K and pressures below 100MPa. (T = 378.150000, p=112473269.358554)

Warning: Density of water is only implemented for temperatures below 647K and pressures below 100MPa. (T = 378.150000, p=131654634.096742)

Warning: Density of water is only implemented for temperatures below 647K and pressures below 100MPa. (T = 378.150000, p=127782432.348843)

Warning: Density of water is only implemented for temperatures below 647K and pressures below 100MPa. (T = 378.150000, p=132200494.697943)

Warning: Density of water is only implemented for temperatures below 647K and pressures below 100MPa. (T = 378.150000, p=131393709.161529)

Warning: Density of water is only implemented for temperatures below 647K and pressures below 100MPa. (T = 378.150000, p=132939761.309985)

Warning: Density of water is only implemented for temperatures below 647K and pressures below 100MPa. (T = 378.150000, p=113276787.789669)

Warning: Density of water is only implemented for temperatures below 647K and pressures below 100MPa. (T = 378.150000, p=118352922.281722)

Warning: Density of water is only implemented for temperatures below 647K and pressures below 100MPa. (T = 378.150000, p=102559215.343659)

Warning: Density of water is only implemented for temperatures below 647K and pressures below 100MPa. (T = 378.150000, p=131827857.320860)

Warning: Density of water is only implemented for temperatures below 647K and pressures below 100MPa. (T = 378.150000, p=128659318.440064)

Warning: Density of water is only implemented for temperatures below 647K and pressures below 100MPa. (T = 378.150000, p=132367632.862423)

Warning: Density of water is only implemented for temperatures below 647K and pressures below 100MPa. (T = 378.150000, p=131770506.895914)

Warning: Density of water is only implemented for temperatures below 647K and pressures below 100MPa. (T = 378.150000, p=133010610.222095)

Warning: Density of water is only implemented for temperatures below 647K and pressures below 100MPa. (T = 378.150000, p=104229839.312611)

Warning: Density of water is only implemented for temperatures below 647K and pressures below 100MPa. (T = 378.150000, p=114869546.227823)

Warning: Density of water is only implemented for temperatures below 647K and pressures below 100MPa. (T = 378.150000, p=119260531.541068)

Warning: Density of water is only implemented for temperatures below 647K and pressures below 100MPa. (T = 378.150000, p=107747718.062114)

Warning: Density of water is only implemented for temperatures below 647K and pressures below 100MPa. (T = 378.150000, p=132098182.599889)

Warning: Density of water is only implemented for temperatures below 647K and pressures below 100MPa. (T = 378.150000, p=130915556.567385)

Warning: Density of water is only implemented for temperatures below 647K and pressures below 100MPa. (T = 378.150000, p=132627240.105763)

Warning: Density of water is only implemented for temperatures below 647K and pressures below 100MPa. (T = 378.150000, p=132262039.667862)

Warning: Density of water is only implemented for temperatures below 647K and pressures below 100MPa. (T = 378.150000, p=133149081.621324)

Warning: Density of water is only implemented for temperatures below 647K and pressures below 100MPa. (T = 378.150000, p=116244649.770407)

Warning: Density of water is only implemented for temperatures below 647K and pressures below 100MPa. (T = 378.150000, p=132070049.427620)

Warning: Density of water is only implemented for temperatures below 647K and pressures below 100MPa. (T = 378.150000, p=129959719.102137)

Warning: Density of water is only implemented for temperatures below 647K and pressures below 100MPa. (T = 378.150000, p=102540715.343208)

Warning: Density of water is only implemented for temperatures below 647K and pressures below 100MPa. (T = 378.150000, p=132905121.809255)

Warning: Density of water is only implemented for temperatures below 647K and pressures below 100MPa. (T = 378.150000, p=133401705.466070)

Warning: Density of water is only implemented for temperatures below 647K and pressures below 100MPa. (T = 378.150000, p=127724130.454289)

Warning: Density of water is only implemented for temperatures below 647K and pressures below 100MPa. (T = 378.150000, p=117159438.187301)

Warning: Density of water is only implemented for temperatures below 647K and pressures below 100MPa. (T = 378.150000, p=127519974.936558)

Warning: Density of water is only implemented for temperatures below 647K and pressures below 100MPa. (T = 378.150000, p=126396024.254469)

Warning: Density of water is only implemented for temperatures below 647K and pressures below 100MPa. (T = 378.150000, p=103804805.415760)

Warning: Density of water is only implemented for temperatures below 647K and pressures below 100MPa. (T = 378.150000, p=113806692.078863)

Warning: Density of water is only implemented for temperatures below 647K and pressures below 100MPa. (T = 378.150000, p=102121636.807070)

Warning: Density of water is only implemented for temperatures below 647K and pressures below 100MPa. (T = 378.150000, p=108290362.270032)

Warning: Density of water is only implemented for temperatures below 647K and pressures below 100MPa. (T = 378.150000, p=107379384.345246)

Warning: Density of water is only implemented for temperatures below 647K and pressures below 100MPa. (T = 378.150000, p=134406163.866824)

Warning: Density of water is only implemented for temperatures below 647K and pressures below 100MPa. (T = 378.150000, p=130791966.945460)

Warning: Density of water is only implemented for temperatures below 647K and pressures below 100MPa. (T = 378.150000, p=127847943.746824)

Warning: Density of water is only implemented for temperatures below 647K and pressures below 100MPa. (T = 378.150000, p=133625447.568870)

Warning: Density of water is only implemented for temperatures below 647K and pressures below 100MPa. (T = 378.150000, p=133745297.575980)

Warning: Density of water is only implemented for temperatures below 647K and pressures below 100MPa. (T = 378.150000, p=127512498.103759)

Warning: Density of water is only implemented for temperatures below 647K and pressures below 100MPa. (T = 378.150000, p=126356440.374256)

Warning: Density of water is only implemented for temperatures below 647K and pressures below 100MPa. (T = 378.150000, p=126751365.512693)

Warning: Density of water is only implemented for temperatures below 647K and pressures below 100MPa. (T = 378.150000, p=126458249.010484)

Warning: Density of water is only implemented for temperatures below 647K and pressures below 100MPa. (T = 378.150000, p=103140947.512996)

Warning: Density of water is only implemented for temperatures below 647K and pressures below 100MPa. (T = 378.150000, p=129817984.687471)

Warning: Density of water is only implemented for temperatures below 647K and pressures below 100MPa. (T = 378.150000, p=129589693.745116)

Warning: Density of water is only implemented for temperatures below 647K and pressures below 100MPa. (T = 378.150000, p=128439566.364918)

Warning: Density of water is only implemented for temperatures below 647K and pressures below 100MPa. (T = 378.150000, p=134957542.695617)

Warning: Density of water is only implemented for temperatures below 647K and pressures below 100MPa. (T = 378.150000, p=131689202.536755)

Warning: Density of water is only implemented for temperatures below 647K and pressures below 100MPa. (T = 378.150000, p=134433361.701144)

Warning: Density of water is only implemented for temperatures below 647K and pressures below 100MPa. (T = 378.150000, p=134184237.565917)

Warning: Density of water is only implemented for temperatures below 647K and pressures below 100MPa. (T = 378.150000, p=102507422.021743)

Warning: Density of water is only implemented for temperatures below 647K and pressures below 100MPa. (T = 378.150000, p=130757058.688427)

Warning: Density of water is only implemented for temperatures below 647K and pressures below 100MPa. (T = 378.150000, p=130333946.508481)

Warning: Density of water is only implemented for temperatures below 647K and pressures below 100MPa. (T = 378.150000, p=130820446.008898)

Warning: Density of water is only implemented for temperatures below 647K and pressures below 100MPa. (T = 378.150000, p=134937836.695725)

Warning: Density of water is only implemented for temperatures below 647K and pressures below 100MPa. (T = 378.150000, p=135340521.084648)

Warning: Density of water is only implemented for temperatures below 647K and pressures below 100MPa. (T = 378.150000, p=131843832.106263)

Warning: Density of water is only implemented for temperatures below 647K and pressures below 100MPa. (T = 378.150000, p=132422316.351050)

Warning: Density of water is only implemented for temperatures below 647K and pressures below 100MPa. (T = 378.150000, p=131625816.942576)

Warning: Density of water is only implemented for temperatures below 647K and pressures below 100MPa. (T = 378.150000, p=131743987.262130)

Warning: Density of water is only implemented for temperatures below 647K and pressures below 100MPa. (T = 378.150000, p=131762215.425529)

Warning: Density of water is only implemented for temperatures below 647K and pressures below 100MPa. (T = 378.150000, p=104927413.833007)

Warning: Density of water is only implemented for temperatures below 647K and pressures below 100MPa. (T = 378.150000, p=101364665.909838)

Warning: Density of water is only implemented for temperatures below 647K and pressures below 100MPa. (T = 378.150000, p=135821159.943668)

Warning: Density of water is only implemented for temperatures below 647K and pressures below 100MPa. (T = 378.150000, p=136041697.666249)

Warning: Density of water is only implemented for temperatures below 647K and pressures below 100MPa. (T = 378.150000, p=133328119.847869)

Warning: Density of water is only implemented for temperatures below 647K and pressures below 100MPa. (T = 378.150000, p=132503863.500222)

Warning: Density of water is only implemented for temperatures below 647K and pressures below 100MPa. (T = 378.150000, p=132540563.103310)

Warning: Density of water is only implemented for temperatures below 647K and pressures below 100MPa. (T = 378.150000, p=133315503.793757)

Warning: Density of water is only implemented for temperatures below 647K and pressures below 100MPa. (T = 378.150000, p=132491267.280949)

Warning: Density of water is only implemented for temperatures below 647K and pressures below 100MPa. (T = 378.150000, p=132523429.808167)

Warning: Density of water is only implemented for temperatures below 647K and pressures below 100MPa. (T = 378.150000, p=136125808.968497)

Warning: Density of water is only implemented for temperatures below 647K and pressures below 100MPa. (T = 378.150000, p=135734777.854927)

Warning: Density of water is only implemented for temperatures below 647K and pressures below 100MPa. (T = 378.150000, p=135401876.344385)

Warning: Density of water is only implemented for temperatures below 647K and pressures below 100MPa. (T = 378.150000, p=135128253.669604)

Warning: Density of water is only implemented for temperatures below 647K and pressures below 100MPa. (T = 378.150000, p=134915705.739645)

Warning: Density of water is only implemented for temperatures below 647K and pressures below 100MPa. (T = 378.150000, p=134765326.766658)

Warning: Density of water is only implemented for temperatures below 647K and pressures below 100MPa. (T = 378.150000, p=134679021.703982)

Warning: Density of water is only implemented for temperatures below 647K and pressures below 100MPa. (T = 378.150000, p=134662576.063014)

Problem: Solver convergence failure - Numerical problem encountered
Timestep chopped to 3.856907540831998 days


Starting time step 0, stepsize 3.85691 days, at day 1461/1827, date = 01-Jan-2028
 Newton its= 3, linearizations= 4 (1.5sec), linear its=  2 (4.9sec)

Starting time step 1, stepsize 4.82113 days, at day 1464.86/1827, date = 04-Jan-2028
 Newton its= 2, linearizations= 3 (1.1sec), linear its=  2 (2.5sec)

Starting time step 2, stepsize 14.4634 days, at day 1469.68/1827, date = 09-Jan-2028
    Oscillating behavior detected: Relaxation set to 0.900000
 Newton its=10, linearizations=11 (4.8sec), linear its=  6 (18.5sec)

Starting time step 3, stepsize 11.5707 days, at day 1484.14/1827, date = 24-Jan-2028
 Newton its= 3, linearizations= 4 (1.4sec), linear its=  4 (4.7sec)

Starting time step 4, stepsize 34.7122 days, at day 1495.71/1827, date = 04-Feb-2028
 Newton its= 7, linearizations= 8 (2.8sec), linear its= 13 (13.9sec)

Starting time step 5, stepsize 48.597 days, at day 1530.42/1827, date = 10-Mar-2028
 Newton its= 7, linearizations= 8 (2.8sec), linear its= 11 (11.8sec)

Starting time step 6, stepsize 68.0358 days, at day 1579.02/1827, date = 28-Apr-2028

Warning: Density of water is only implemented for temperatures below 647K and pressures below 100MPa. (T = 378.150000, p=100716032.115297)

Warning: Density of water is only implemented for temperatures below 647K and pressures below 100MPa. (T = 378.150000, p=111722639.790351)

Warning: Density of water is only implemented for temperatures below 647K and pressures below 100MPa. (T = 378.150000, p=109545320.373579)

Warning: Density of water is only implemented for temperatures below 647K and pressures below 100MPa. (T = 378.150000, p=124036771.539740)

Warning: Density of water is only implemented for temperatures below 647K and pressures below 100MPa. (T = 378.150000, p=113937767.191235)

Warning: Density of water is only implemented for temperatures below 647K and pressures below 100MPa. (T = 378.150000, p=124620036.706300)

Warning: Density of water is only implemented for temperatures below 647K and pressures below 100MPa. (T = 378.150000, p=126104587.287937)

Warning: Density of water is only implemented for temperatures below 647K and pressures below 100MPa. (T = 378.150000, p=104873340.007378)

Warning: Density of water is only implemented for temperatures below 647K and pressures below 100MPa. (T = 378.150000, p=124775804.356344)

Warning: Density of water is only implemented for temperatures below 647K and pressures below 100MPa. (T = 378.150000, p=103663969.156141)

Warning: Density of water is only implemented for temperatures below 647K and pressures below 100MPa. (T = 378.150000, p=122617361.569849)

Warning: Density of water is only implemented for temperatures below 647K and pressures below 100MPa. (T = 378.150000, p=108377545.144624)
    Oscillating behavior detected: Relaxation set to 0.900000

Warning: Density of water is only implemented for temperatures below 647K and pressures below 100MPa. (T = 378.150000, p=101938828.322020)

Warning: Density of water is only implemented for temperatures below 647K and pressures below 100MPa. (T = 378.150000, p=114937612.439961)

Warning: Density of water is only implemented for temperatures below 647K and pressures below 100MPa. (T = 378.150000, p=109456842.934828)

Warning: Density of water is only implemented for temperatures below 647K and pressures below 100MPa. (T = 378.150000, p=109545239.254633)

Warning: Density of water is only implemented for temperatures below 647K and pressures below 100MPa. (T = 378.150000, p=143208728.349803)

Warning: Density of water is only implemented for temperatures below 647K and pressures below 100MPa. (T = 378.150000, p=109702269.664457)

Warning: Density of water is only implemented for temperatures below 647K and pressures below 100MPa. (T = 378.150000, p=117463362.373363)

Warning: Density of water is only implemented for temperatures below 647K and pressures below 100MPa. (T = 378.150000, p=143359712.418911)

Warning: Density of water is only implemented for temperatures below 647K and pressures below 100MPa. (T = 378.150000, p=109924973.321228)

Warning: Density of water is only implemented for temperatures below 647K and pressures below 100MPa. (T = 378.150000, p=103985547.806668)

Warning: Density of water is only implemented for temperatures below 647K and pressures below 100MPa. (T = 378.150000, p=106193574.891993)

Warning: Density of water is only implemented for temperatures below 647K and pressures below 100MPa. (T = 378.150000, p=133055502.097560)

Warning: Density of water is only implemented for temperatures below 647K and pressures below 100MPa. (T = 378.150000, p=122163460.161690)

Warning: Density of water is only implemented for temperatures below 647K and pressures below 100MPa. (T = 378.150000, p=143647647.834802)

Warning: Density of water is only implemented for temperatures below 647K and pressures below 100MPa. (T = 378.150000, p=110213670.873082)

Warning: Density of water is only implemented for temperatures below 647K and pressures below 100MPa. (T = 378.150000, p=107347038.933185)

Warning: Density of water is only implemented for temperatures below 647K and pressures below 100MPa. (T = 378.150000, p=137230334.464622)

Warning: Density of water is only implemented for temperatures below 647K and pressures below 100MPa. (T = 378.150000, p=129111148.850261)

Warning: Density of water is only implemented for temperatures below 647K and pressures below 100MPa. (T = 378.150000, p=144070830.753926)

Warning: Density of water is only implemented for temperatures below 647K and pressures below 100MPa. (T = 378.150000, p=110568827.699284)

Warning: Density of water is only implemented for temperatures below 647K and pressures below 100MPa. (T = 378.150000, p=106277940.963668)

Warning: Density of water is only implemented for temperatures below 647K and pressures below 100MPa. (T = 378.150000, p=141524341.798629)

Warning: Density of water is only implemented for temperatures below 647K and pressures below 100MPa. (T = 378.150000, p=132957922.392137)

Warning: Density of water is only implemented for temperatures below 647K and pressures below 100MPa. (T = 378.150000, p=144627790.075552)

Warning: Density of water is only implemented for temperatures below 647K and pressures below 100MPa. (T = 378.150000, p=110990773.639159)

Warning: Density of water is only implemented for temperatures below 647K and pressures below 100MPa. (T = 378.150000, p=106078736.000689)

Warning: Density of water is only implemented for temperatures below 647K and pressures below 100MPa. (T = 378.150000, p=122981009.084109)

Warning: Density of water is only implemented for temperatures below 647K and pressures below 100MPa. (T = 378.150000, p=145944238.301327)

Warning: Density of water is only implemented for temperatures below 647K and pressures below 100MPa. (T = 378.150000, p=136906110.885324)

Warning: Density of water is only implemented for temperatures below 647K and pressures below 100MPa. (T = 378.150000, p=145316858.471629)

Warning: Density of water is only implemented for temperatures below 647K and pressures below 100MPa. (T = 378.150000, p=111479946.700222)

Warning: Density of water is only implemented for temperatures below 647K and pressures below 100MPa. (T = 378.150000, p=123166430.687157)

Warning: Density of water is only implemented for temperatures below 647K and pressures below 100MPa. (T = 378.150000, p=104301292.280596)

Warning: Density of water is only implemented for temperatures below 647K and pressures below 100MPa. (T = 378.150000, p=105655037.225429)

Warning: Density of water is only implemented for temperatures below 647K and pressures below 100MPa. (T = 378.150000, p=145273674.572843)

Warning: Density of water is only implemented for temperatures below 647K and pressures below 100MPa. (T = 378.150000, p=103058745.874421)

Warning: Density of water is only implemented for temperatures below 647K and pressures below 100MPa. (T = 378.150000, p=106650354.703199)

Warning: Density of water is only implemented for temperatures below 647K and pressures below 100MPa. (T = 378.150000, p=111508184.959607)

Warning: Density of water is only implemented for temperatures below 647K and pressures below 100MPa. (T = 378.150000, p=129781251.175935)

Warning: Density of water is only implemented for temperatures below 647K and pressures below 100MPa. (T = 378.150000, p=135298934.792422)

Warning: Density of water is only implemented for temperatures below 647K and pressures below 100MPa. (T = 378.150000, p=144666178.533314)

Warning: Density of water is only implemented for temperatures below 647K and pressures below 100MPa. (T = 378.150000, p=110261292.285586)

Warning: Density of water is only implemented for temperatures below 647K and pressures below 100MPa. (T = 378.150000, p=101374620.213117)

Warning: Density of water is only implemented for temperatures below 647K and pressures below 100MPa. (T = 378.150000, p=101865090.279494)

Warning: Density of water is only implemented for temperatures below 647K and pressures below 100MPa. (T = 378.150000, p=103147155.890751)

Warning: Density of water is only implemented for temperatures below 647K and pressures below 100MPa. (T = 378.150000, p=104097044.264895)

Warning: Density of water is only implemented for temperatures below 647K and pressures below 100MPa. (T = 378.150000, p=107227137.454897)

Warning: Density of water is only implemented for temperatures below 647K and pressures below 100MPa. (T = 378.150000, p=126615765.705526)

Warning: Density of water is only implemented for temperatures below 647K and pressures below 100MPa. (T = 378.150000, p=141435519.768811)

Warning: Density of water is only implemented for temperatures below 647K and pressures below 100MPa. (T = 378.150000, p=124975404.082068)

Warning: Density of water is only implemented for temperatures below 647K and pressures below 100MPa. (T = 378.150000, p=144189104.714866)

Warning: Density of water is only implemented for temperatures below 647K and pressures below 100MPa. (T = 378.150000, p=107147629.367844)

Warning: Density of water is only implemented for temperatures below 647K and pressures below 100MPa. (T = 378.150000, p=100128143.712926)

Warning: Density of water is only implemented for temperatures below 647K and pressures below 100MPa. (T = 378.150000, p=127554298.100135)

Warning: Density of water is only implemented for temperatures below 647K and pressures below 100MPa. (T = 378.150000, p=113444873.578109)

Warning: Density of water is only implemented for temperatures below 647K and pressures below 100MPa. (T = 378.150000, p=143767880.540019)

Warning: Density of water is only implemented for temperatures below 647K and pressures below 100MPa. (T = 378.150000, p=103505583.173732)

Warning: Density of water is only implemented for temperatures below 647K and pressures below 100MPa. (T = 378.150000, p=112068688.708387)

Warning: Density of water is only implemented for temperatures below 647K and pressures below 100MPa. (T = 378.150000, p=103256355.690382)

Warning: Density of water is only implemented for temperatures below 647K and pressures below 100MPa. (T = 378.150000, p=143634819.660843)

Warning: Density of water is only implemented for temperatures below 647K and pressures below 100MPa. (T = 378.150000, p=100732522.257390)

Warning: Density of water is only implemented for temperatures below 647K and pressures below 100MPa. (T = 378.150000, p=104980997.187167)

Warning: Density of water is only implemented for temperatures below 647K and pressures below 100MPa. (T = 378.150000, p=143603922.277379)

Warning: Density of water is only implemented for temperatures below 647K and pressures below 100MPa. (T = 378.150000, p=104666149.856716)

Warning: Density of water is only implemented for temperatures below 647K and pressures below 100MPa. (T = 378.150000, p=143581553.425683)

Warning: Density of water is only implemented for temperatures below 647K and pressures below 100MPa. (T = 378.150000, p=104436550.119870)

Warning: Density of water is only implemented for temperatures below 647K and pressures below 100MPa. (T = 378.150000, p=143567753.528442)

Warning: Density of water is only implemented for temperatures below 647K and pressures below 100MPa. (T = 378.150000, p=104246407.877609)

Warning: Density of water is only implemented for temperatures below 647K and pressures below 100MPa. (T = 378.150000, p=143562565.654550)

Warning: Density of water is only implemented for temperatures below 647K and pressures below 100MPa. (T = 378.150000, p=103862592.301416)

Warning: Density of water is only implemented for temperatures below 647K and pressures below 100MPa. (T = 378.150000, p=103591693.067504)

Warning: Density of water is only implemented for temperatures below 647K and pressures below 100MPa. (T = 378.150000, p=111689465.858508)

Warning: Density of water is only implemented for temperatures below 647K and pressures below 100MPa. (T = 378.150000, p=101332453.466576)

Warning: Density of water is only implemented for temperatures below 647K and pressures below 100MPa. (T = 378.150000, p=130205910.095848)

Warning: Density of water is only implemented for temperatures below 647K and pressures below 100MPa. (T = 378.150000, p=130425748.722555)

Warning: Density of water is only implemented for temperatures below 647K and pressures below 100MPa. (T = 378.150000, p=101647625.816589)

Warning: Density of water is only implemented for temperatures below 647K and pressures below 100MPa. (T = 378.150000, p=115862487.699284)

Warning: Density of water is only implemented for temperatures below 647K and pressures below 100MPa. (T = 378.150000, p=107875373.153402)

Warning: Density of water is only implemented for temperatures below 647K and pressures below 100MPa. (T = 378.150000, p=117974593.921370)

Warning: Density of water is only implemented for temperatures below 647K and pressures below 100MPa. (T = 378.150000, p=130846479.967080)

Warning: Density of water is only implemented for temperatures below 647K and pressures below 100MPa. (T = 378.150000, p=112853750.270221)

Warning: Density of water is only implemented for temperatures below 647K and pressures below 100MPa. (T = 378.150000, p=129504625.081554)

Warning: Density of water is only implemented for temperatures below 647K and pressures below 100MPa. (T = 378.150000, p=136567224.029778)

Warning: Density of water is only implemented for temperatures below 647K and pressures below 100MPa. (T = 378.150000, p=137101649.860739)

Warning: Density of water is only implemented for temperatures below 647K and pressures below 100MPa. (T = 378.150000, p=132383954.401859)

Warning: Density of water is only implemented for temperatures below 647K and pressures below 100MPa. (T = 378.150000, p=101590940.533013)

Warning: Density of water is only implemented for temperatures below 647K and pressures below 100MPa. (T = 378.150000, p=131465063.300172)

Warning: Density of water is only implemented for temperatures below 647K and pressures below 100MPa. (T = 378.150000, p=122049557.133647)

Warning: Density of water is only implemented for temperatures below 647K and pressures below 100MPa. (T = 378.150000, p=143233581.771486)

Warning: Density of water is only implemented for temperatures below 647K and pressures below 100MPa. (T = 378.150000, p=148506075.437481)

Warning: Density of water is only implemented for temperatures below 647K and pressures below 100MPa. (T = 378.150000, p=156277959.377883)

Warning: Density of water is only implemented for temperatures below 647K and pressures below 100MPa. (T = 378.150000, p=161789723.780928)

Warning: Density of water is only implemented for temperatures below 647K and pressures below 100MPa. (T = 378.150000, p=146352113.847462)

Warning: Density of water is only implemented for temperatures below 647K and pressures below 100MPa. (T = 378.150000, p=132278836.709963)

Warning: Density of water is only implemented for temperatures below 647K and pressures below 100MPa. (T = 378.150000, p=133285555.017145)

Warning: Density of water is only implemented for temperatures below 647K and pressures below 100MPa. (T = 378.150000, p=120092480.986059)

Warning: Density of water is only implemented for temperatures below 647K and pressures below 100MPa. (T = 378.150000, p=134482895.379574)

Warning: Density of water is only implemented for temperatures below 647K and pressures below 100MPa. (T = 378.150000, p=145582296.644885)

Warning: Density of water is only implemented for temperatures below 647K and pressures below 100MPa. (T = 378.150000, p=173368299.379736)

Warning: Density of water is only implemented for temperatures below 647K and pressures below 100MPa. (T = 378.150000, p=100988936.423828)

Warning: Density of water is only implemented for temperatures below 647K and pressures below 100MPa. (T = 378.150000, p=140385677.853062)

Warning: Density of water is only implemented for temperatures below 647K and pressures below 100MPa. (T = 378.150000, p=147619635.310498)

Warning: Density of water is only implemented for temperatures below 647K and pressures below 100MPa. (T = 378.150000, p=172933490.878136)

Warning: Density of water is only implemented for temperatures below 647K and pressures below 100MPa. (T = 378.150000, p=171417164.379604)

Warning: Density of water is only implemented for temperatures below 647K and pressures below 100MPa. (T = 378.150000, p=162511302.331310)

Warning: Density of water is only implemented for temperatures below 647K and pressures below 100MPa. (T = 378.150000, p=113824907.445757)

Warning: Density of water is only implemented for temperatures below 647K and pressures below 100MPa. (T = 378.150000, p=139725236.434040)

Warning: Density of water is only implemented for temperatures below 647K and pressures below 100MPa. (T = 378.150000, p=138689519.962194)

Warning: Density of water is only implemented for temperatures below 647K and pressures below 100MPa. (T = 378.150000, p=113519306.532072)

Warning: Density of water is only implemented for temperatures below 647K and pressures below 100MPa. (T = 378.150000, p=113494419.538948)

Warning: Density of water is only implemented for temperatures below 647K and pressures below 100MPa. (T = 378.150000, p=100282827.792410)

Warning: Density of water is only implemented for temperatures below 647K and pressures below 100MPa. (T = 378.150000, p=113398829.050743)

Warning: Density of water is only implemented for temperatures below 647K and pressures below 100MPa. (T = 378.150000, p=100521332.813772)

Warning: Density of water is only implemented for temperatures below 647K and pressures below 100MPa. (T = 378.150000, p=101960635.975567)

Warning: Density of water is only implemented for temperatures below 647K and pressures below 100MPa. (T = 378.150000, p=126112374.450874)

Warning: Density of water is only implemented for temperatures below 647K and pressures below 100MPa. (T = 378.150000, p=100829330.281837)

Warning: Density of water is only implemented for temperatures below 647K and pressures below 100MPa. (T = 378.150000, p=106110094.181677)

Warning: Density of water is only implemented for temperatures below 647K and pressures below 100MPa. (T = 378.150000, p=100839605.506706)

Warning: Density of water is only implemented for temperatures below 647K and pressures below 100MPa. (T = 378.150000, p=101715830.763744)

Warning: Density of water is only implemented for temperatures below 647K and pressures below 100MPa. (T = 378.150000, p=100271557.958443)

Warning: Density of water is only implemented for temperatures below 647K and pressures below 100MPa. (T = 378.150000, p=100568420.276701)

Warning: Density of water is only implemented for temperatures below 647K and pressures below 100MPa. (T = 378.150000, p=102607890.176622)

Warning: Density of water is only implemented for temperatures below 647K and pressures below 100MPa. (T = 378.150000, p=134869360.942779)

Warning: Density of water is only implemented for temperatures below 647K and pressures below 100MPa. (T = 378.150000, p=130054171.717965)

Warning: Density of water is only implemented for temperatures below 647K and pressures below 100MPa. (T = 378.150000, p=121521780.370755)

Problem: Solver convergence failure - Numerical problem encountered
Timestep chopped to 6.803584902027644 days


Starting time step 6, stepsize 6.80358 days, at day 1579.02/1827, date = 28-Apr-2028
    Oscillating behavior detected: Relaxation set to 0.900000
 Newton its= 5, linearizations= 6 (2.2sec), linear its=  4 (7.7sec)

Starting time step 7, stepsize 8.50448 days, at day 1585.82/1827, date = 04-May-2028
 Newton its= 3, linearizations= 4 (1.4sec), linear its=  2 (4.3sec)

Starting time step 8, stepsize 25.5134 days, at day 1594.33/1827, date = 13-May-2028
 Newton its= 7, linearizations= 8 (3.0sec), linear its= 10 (12.4sec)

Starting time step 9, stepsize 35.7188 days, at day 1619.84/1827, date = 07-Jun-2028
    Oscillating behavior detected: Relaxation set to 0.900000

Problem: Solver convergence failure - Iteration limit reached
Timestep chopped to 3.571882073564513 days


Starting time step 9, stepsize 3.57188 days, at day 1619.84/1827, date = 07-Jun-2028
 Newton its= 3, linearizations= 4 (1.6sec), linear its=  3 (4.3sec)

Starting time step 10, stepsize 4.46485 days, at day 1623.41/1827, date = 11-Jun-2028
 Newton its= 2, linearizations= 3 (1.1sec), linear its=  3 (3.5sec)

Starting time step 11, stepsize 13.3946 days, at day 1627.88/1827, date = 15-Jun-2028
    Oscillating behavior detected: Relaxation set to 0.900000
 Newton its= 7, linearizations= 8 (3.0sec), linear its=  4 (10.4sec)

Starting time step 12, stepsize 18.7524 days, at day 1641.27/1827, date = 29-Jun-2028
 Newton its= 4, linearizations= 5 (1.9sec), linear its=  7 (7.5sec)

Starting time step 13, stepsize 48.7562 days, at day 1660.03/1827, date = 18-Jul-2028
    Oscillating behavior detected: Relaxation set to 0.900000

Problem: Solver convergence failure - Iteration limit reached
Timestep chopped to 4.87561903041556 days


Starting time step 13, stepsize 4.87562 days, at day 1660.03/1827, date = 18-Jul-2028
 Newton its= 2, linearizations= 3 (1.1sec), linear its=  1 (7.8sec)

Starting time step 14, stepsize 6.09452 days, at day 1664.9/1827, date = 22-Jul-2028
 Newton its= 3, linearizations= 4 (1.4sec), linear its=  1 (3.8sec)

Starting time step 15, stepsize 18.2836 days, at day 1671/1827, date = 28-Jul-2028
 Newton its= 5, linearizations= 6 (2.2sec), linear its=  6 (8.5sec)

Starting time step 16, stepsize 40.2239 days, at day 1689.28/1827, date = 16-Aug-2028
 Newton its= 9, linearizations=10 (3.6sec), linear its= 11 (14.3sec)

Starting time step 17, stepsize 35.7545 days, at day 1729.5/1827, date = 25-Sep-2028
 Newton its= 8, linearizations= 9 (3.2sec), linear its=  8 (13.1sec)

Starting time step 18, stepsize 35.7545 days, at day 1765.26/1827, date = 31-Oct-2028
 Newton its= 8, linearizations= 9 (4.1sec), linear its=  9 (18.0sec)

Starting time step 19, stepsize 25.9868 days, at day 1801.01/1827, date = 06-Dec-2028
 Newton its= 7, linearizations= 8 (2.8sec), linear its=  5 (9.9sec)


Report step 42/68 at day 1827/192118, date = 01-Jan-2029

Starting time step 0, stepsize 36.3815 days, at day 1827/2192, date = 01-Jan-2029
Restart file written for report step 42/68, date = 01-Jan-2029 00:00:00
 Newton its= 9, linearizations=10 (3.4sec), linear its= 13 (15.9sec)

Starting time step 1, stepsize 32.3391 days, at day 1863.38/2192, date = 06-Feb-2029
    Oscillating behavior detected: Relaxation set to 0.900000
    Oscillating behavior detected: Relaxation set to 0.800000
 Newton its= 9, linearizations=10 (3.3sec), linear its=  8 (11.4sec)

Starting time step 2, stepsize 28.7459 days, at day 1895.72/2192, date = 10-Mar-2029
 Newton its= 7, linearizations= 8 (2.8sec), linear its=  3 (14.2sec)

Starting time step 3, stepsize 40.2442 days, at day 1924.47/2192, date = 08-Apr-2029
 Newton its=10, linearizations=11 (4.0sec), linear its= 16 (18.0sec)

Starting time step 4, stepsize 32.1954 days, at day 1964.71/2192, date = 18-May-2029
 Newton its= 6, linearizations= 7 (2.6sec), linear its=  5 (7.7sec)

Starting time step 5, stepsize 57.9517 days, at day 1996.91/2192, date = 19-Jun-2029
 Newton its= 9, linearizations=10 (3.5sec), linear its=  8 (18.4sec)

Starting time step 6, stepsize 51.5126 days, at day 2054.86/2192, date = 16-Aug-2029

Warning: Full linear solver tolerance not achieved. The reduction is:0.00983893 after 20 iterations

Problem: Solver convergence failure - Numerical problem encountered
Timestep chopped to 5.151263157978654 days


Starting time step 6, stepsize 5.15126 days, at day 2054.86/2192, date = 16-Aug-2029
 Newton its= 3, linearizations= 4 (1.5sec), linear its=  2 (3.7sec)

Starting time step 7, stepsize 6.43908 days, at day 2060.01/2192, date = 22-Aug-2029
    Oscillating behavior detected: Relaxation set to 0.900000
 Newton its= 3, linearizations= 4 (2.2sec), linear its=  2 (3.9sec)

Starting time step 8, stepsize 19.3172 days, at day 2066.45/2192, date = 28-Aug-2029
 Newton its= 8, linearizations= 9 (3.2sec), linear its=  5 (10.0sec)

Starting time step 9, stepsize 19.3172 days, at day 2085.77/2192, date = 16-Sep-2029
 Newton its= 5, linearizations= 6 (2.1sec), linear its=  5 (7.4sec)

Starting time step 10, stepsize 42.4979 days, at day 2105.08/2192, date = 06-Oct-2029
    Oscillating behavior detected: Relaxation set to 0.900000
 Newton its=11, linearizations=12 (4.2sec), linear its= 10 (21.8sec)

Starting time step 11, stepsize 22.2097 days, at day 2147.58/2192, date = 17-Nov-2029
 Newton its= 7, linearizations= 8 (2.9sec), linear its=  8 (11.4sec)

Starting time step 12, stepsize 22.2097 days, at day 2169.79/2192, date = 09-Dec-2029
 Newton its= 5, linearizations= 6 (1.9sec), linear its=  9 (8.6sec)


Report step 43/68 at day 2192/192118, date = 01-Jan-2030

Starting time step 0, stepsize 48.8613 days, at day 2192/2557, date = 01-Jan-2030
Restart file written for report step 43/68, date = 01-Jan-2030 00:00:00
 Newton its= 9, linearizations=10 (3.5sec), linear its= 11 (19.7sec)

Starting time step 1, stepsize 43.4323 days, at day 2240.86/2557, date = 18-Feb-2030
 Newton its=11, linearizations=12 (4.4sec), linear its=  8 (15.2sec)

Starting time step 2, stepsize 31.5871 days, at day 2284.29/2557, date = 03-Apr-2030
    Oscillating behavior detected: Relaxation set to 0.900000
 Newton its= 9, linearizations=10 (3.5sec), linear its= 10 (13.1sec)

Starting time step 3, stepsize 28.0774 days, at day 2315.88/2557, date = 04-May-2030
 Newton its= 6, linearizations= 7 (2.6sec), linear its=  5 (9.1sec)

Starting time step 4, stepsize 50.5394 days, at day 2343.96/2557, date = 01-Jun-2030
    Oscillating behavior detected: Relaxation set to 0.900000
 Newton its= 8, linearizations= 9 (3.3sec), linear its=  9 (16.6sec)

Starting time step 5, stepsize 50.5394 days, at day 2394.5/2557, date = 22-Jul-2030
    Oscillating behavior detected: Relaxation set to 0.900000
 Newton its= 9, linearizations=10 (3.6sec), linear its= 11 (15.4sec)

Starting time step 6, stepsize 44.9239 days, at day 2445.04/2557, date = 11-Sep-2030
 Newton its= 8, linearizations= 9 (3.2sec), linear its= 14 (15.4sec)

Starting time step 7, stepsize 33.5196 days, at day 2489.96/2557, date = 25-Oct-2030
 Newton its= 6, linearizations= 7 (2.4sec), linear its=  5 (8.3sec)

Starting time step 8, stepsize 33.5196 days, at day 2523.48/2557, date = 28-Nov-2030
    Oscillating behavior detected: Relaxation set to 0.900000

Problem: Solver convergence failure - Numerical problem encountered
Timestep chopped to 3.351956809938023 days


Starting time step 8, stepsize 3.35196 days, at day 2523.48/2557, date = 28-Nov-2030
 Newton its= 3, linearizations= 4 (1.2sec), linear its=  3 (5.1sec)

Starting time step 9, stepsize 4.18995 days, at day 2526.83/2557, date = 01-Dec-2030
 Newton its= 3, linearizations= 4 (1.3sec), linear its=  1 (3.7sec)

Starting time step 10, stepsize 12.5698 days, at day 2531.02/2557, date = 06-Dec-2030
 Newton its= 4, linearizations= 5 (1.8sec), linear its=  4 (5.3sec)

Starting time step 11, stepsize 13.4078 days, at day 2543.59/2557, date = 18-Dec-2030
 Newton its= 5, linearizations= 6 (2.0sec), linear its=  5 (7.2sec)


Report step 44/68 at day 2557/192118, date = 01-Jan-2031

Starting time step 0, stepsize 29.4972 days, at day 2557/2922, date = 01-Jan-2031
Restart file written for report step 44/68, date = 01-Jan-2031 00:00:00
    Oscillating behavior detected: Relaxation set to 0.900000
    Oscillating behavior detected: Relaxation set to 0.800000
 Newton its=11, linearizations=12 (4.1sec), linear its= 29 (30.2sec)

Starting time step 1, stepsize 21.4525 days, at day 2586.5/2922, date = 30-Jan-2031
 Newton its= 5, linearizations= 6 (2.1sec), linear its=  7 (8.9sec)

Starting time step 2, stepsize 47.1956 days, at day 2607.95/2922, date = 20-Feb-2031
    Oscillating behavior detected: Relaxation set to 0.900000
    Oscillating behavior detected: Relaxation set to 0.800000

Problem: Solver convergence failure - Iteration limit reached
Timestep chopped to 4.719555188392689 days


Starting time step 2, stepsize 4.71956 days, at day 2607.95/2922, date = 20-Feb-2031
 Newton its= 2, linearizations= 3 (0.9sec), linear its=  1 (2.8sec)

Starting time step 3, stepsize 5.89944 days, at day 2612.67/2922, date = 25-Feb-2031
 Newton its= 2, linearizations= 3 (1.1sec), linear its=  2 (2.7sec)

Starting time step 4, stepsize 17.6983 days, at day 2618.57/2922, date = 03-Mar-2031
 Newton its= 5, linearizations= 6 (3.1sec), linear its=  6 (12.8sec)

Starting time step 5, stepsize 38.9363 days, at day 2636.27/2922, date = 21-Mar-2031
    Oscillating behavior detected: Relaxation set to 0.900000
 Newton its= 9, linearizations=10 (3.3sec), linear its=  7 (12.2sec)

Starting time step 6, stepsize 34.6101 days, at day 2675.2/2922, date = 29-Apr-2031
    Oscillating behavior detected: Relaxation set to 0.900000
    Oscillating behavior detected: Relaxation set to 0.800000
 Newton its=12, linearizations=13 (4.4sec), linear its= 15 (19.4sec)

Starting time step 7, stepsize 23.0734 days, at day 2709.81/2922, date = 02-Jun-2031
 Newton its= 6, linearizations= 7 (2.2sec), linear its=  4 (7.7sec)

Starting time step 8, stepsize 41.5321 days, at day 2732.89/2922, date = 25-Jun-2031
 Newton its= 6, linearizations= 7 (2.4sec), linear its=  8 (14.8sec)

Starting time step 9, stepsize 74.7578 days, at day 2774.42/2922, date = 06-Aug-2031

Problem: Solver convergence failure - Numerical problem encountered
Timestep chopped to 7.47577541841402 days


Starting time step 9, stepsize 7.47578 days, at day 2774.42/2922, date = 06-Aug-2031
 Newton its= 2, linearizations= 3 (1.1sec), linear its=  2 (3.4sec)

Starting time step 10, stepsize 9.34472 days, at day 2781.89/2922, date = 13-Aug-2031
 Newton its= 4, linearizations= 5 (1.6sec), linear its=  6 (6.7sec)

Starting time step 11, stepsize 24.2963 days, at day 2791.24/2922, date = 23-Aug-2031
 Newton its= 6, linearizations= 7 (2.1sec), linear its=  3 (7.6sec)

Starting time step 12, stepsize 43.7333 days, at day 2815.54/2922, date = 16-Sep-2031

Problem: Solver convergence failure - Numerical problem encountered
Timestep chopped to 4.373328619772203 days


Starting time step 12, stepsize 4.37333 days, at day 2815.54/2922, date = 16-Sep-2031
 Newton its= 2, linearizations= 3 (1.0sec), linear its=  1 (2.4sec)

Starting time step 13, stepsize 5.46666 days, at day 2819.91/2922, date = 20-Sep-2031
 Newton its= 4, linearizations= 5 (1.6sec), linear its=  3 (5.5sec)

Starting time step 14, stepsize 14.2133 days, at day 2825.38/2922, date = 26-Sep-2031
 Newton its= 4, linearizations= 5 (1.6sec), linear its=  3 (11.7sec)

Starting time step 15, stepsize 36.9546 days, at day 2839.59/2922, date = 10-Oct-2031
    Oscillating behavior detected: Relaxation set to 0.900000
    Oscillating behavior detected: Relaxation set to 0.800000

Problem: Solver convergence failure - Iteration limit reached
Timestep chopped to 3.695462683707512 days


Starting time step 15, stepsize 3.69546 days, at day 2839.59/2922, date = 10-Oct-2031
 Newton its= 2, linearizations= 3 (0.9sec), linear its=  1 (2.4sec)

Starting time step 16, stepsize 4.61933 days, at day 2843.28/2922, date = 14-Oct-2031
 Newton its= 2, linearizations= 3 (0.9sec), linear its=  1 (2.4sec)

Starting time step 17, stepsize 13.858 days, at day 2847.9/2922, date = 18-Oct-2031
 Newton its= 7, linearizations= 8 (2.6sec), linear its=  4 (8.8sec)

Starting time step 18, stepsize 19.4012 days, at day 2861.76/2922, date = 01-Nov-2031
    Oscillating behavior detected: Relaxation set to 0.900000
 Newton its= 7, linearizations= 8 (2.4sec), linear its= 13 (19.3sec)

Starting time step 19, stepsize 27.1617 days, at day 2881.16/2922, date = 21-Nov-2031
 Newton its= 6, linearizations= 7 (2.2sec), linear its= 13 (11.3sec)

Starting time step 20, stepsize 13.6754 days, at day 2908.32/2922, date = 18-Dec-2031
    Oscillating behavior detected: Relaxation set to 0.900000
 Newton its= 6, linearizations= 7 (3.2sec), linear its=  3 (7.6sec)


Report step 45/68 at day 2922/192118, date = 01-Jan-2032

Starting time step 0, stepsize 24.6157 days, at day 2922/3288, date = 01-Jan-2032
Restart file written for report step 45/68, date = 01-Jan-2032 00:00:00
    Oscillating behavior detected: Relaxation set to 0.900000
 Newton its= 8, linearizations= 9 (3.1sec), linear its=  8 (11.2sec)

Starting time step 1, stepsize 24.6157 days, at day 2946.62/3288, date = 25-Jan-2032
 Newton its= 8, linearizations= 9 (3.0sec), linear its=  8 (18.0sec)

Starting time step 2, stepsize 24.6157 days, at day 2971.23/3288, date = 19-Feb-2032
 Newton its= 5, linearizations= 6 (2.0sec), linear its=  9 (9.0sec)

Starting time step 3, stepsize 54.1545 days, at day 2995.85/3288, date = 14-Mar-2032
 Newton its= 9, linearizations=10 (3.4sec), linear its= 13 (16.0sec)

Starting time step 4, stepsize 48.1373 days, at day 3050/3288, date = 08-May-2032
    Oscillating behavior detected: Relaxation set to 0.900000

Problem: Solver convergence failure - Iteration limit reached
Timestep chopped to 4.813733396359462 days


Starting time step 4, stepsize 4.81373 days, at day 3050/3288, date = 08-May-2032
 Newton its= 3, linearizations= 4 (1.4sec), linear its=  3 (9.1sec)

Starting time step 5, stepsize 6.01717 days, at day 3054.82/3288, date = 12-May-2032
 Newton its= 4, linearizations= 5 (1.7sec), linear its=  3 (5.8sec)

Starting time step 6, stepsize 15.6446 days, at day 3060.83/3288, date = 18-May-2032
 Newton its= 5, linearizations= 6 (2.1sec), linear its=  5 (6.7sec)

Starting time step 7, stepsize 34.4182 days, at day 3076.48/3288, date = 03-Jun-2032
    Oscillating behavior detected: Relaxation set to 0.900000
 Newton its= 9, linearizations=10 (3.2sec), linear its= 12 (13.7sec)

Starting time step 8, stepsize 30.594 days, at day 3110.9/3288, date = 07-Jul-2032

Problem: Solver convergence failure - Numerical problem encountered
Timestep chopped to 3.0593950030195702 days


Starting time step 8, stepsize 3.0594 days, at day 3110.9/3288, date = 07-Jul-2032
 Newton its= 5, linearizations= 6 (1.9sec), linear its=  3 (6.4sec)

Starting time step 9, stepsize 3.82424 days, at day 3113.95/3288, date = 10-Jul-2032
 Newton its= 3, linearizations= 4 (1.4sec), linear its=  2 (10.2sec)

Starting time step 10, stepsize 11.4727 days, at day 3117.78/3288, date = 14-Jul-2032
 Newton its= 5, linearizations= 6 (2.1sec), linear its=  5 (7.7sec)

Starting time step 11, stepsize 25.24 days, at day 3129.25/3288, date = 26-Jul-2032
    Oscillating behavior detected: Relaxation set to 0.900000
    Oscillating behavior detected: Relaxation set to 0.800000

Problem: Solver convergence failure - Iteration limit reached
Timestep chopped to 2.524000877491146 days


Starting time step 11, stepsize 2.524 days, at day 3129.25/3288, date = 26-Jul-2032
 Newton its= 2, linearizations= 3 (0.9sec), linear its=  1 (2.4sec)

Starting time step 12, stepsize 3.155 days, at day 3131.78/3288, date = 28-Jul-2032
 Newton its= 2, linearizations= 3 (1.2sec), linear its=  2 (2.4sec)

Starting time step 13, stepsize 9.465 days, at day 3134.93/3288, date = 31-Jul-2032
 Newton its= 4, linearizations= 5 (1.7sec), linear its=  4 (6.1sec)

Starting time step 14, stepsize 24.609 days, at day 3144.4/3288, date = 10-Aug-2032
 Newton its= 5, linearizations= 6 (1.9sec), linear its=  9 (15.8sec)

Starting time step 15, stepsize 54.1398 days, at day 3169/3288, date = 04-Sep-2032
    Oscillating behavior detected: Relaxation set to 0.900000

Problem: Solver convergence failure - Iteration limit reached
Timestep chopped to 5.413981882218509 days


Starting time step 15, stepsize 5.41398 days, at day 3169/3288, date = 04-Sep-2032
 Newton its= 2, linearizations= 3 (1.2sec), linear its=  2 (2.9sec)

Starting time step 16, stepsize 6.76748 days, at day 3174.42/3288, date = 09-Sep-2032
 Newton its= 3, linearizations= 4 (1.3sec), linear its=  1 (3.8sec)

Starting time step 17, stepsize 20.3024 days, at day 3181.19/3288, date = 16-Sep-2032
 Newton its= 7, linearizations= 8 (2.7sec), linear its=  5 (10.4sec)

Starting time step 18, stepsize 28.4234 days, at day 3201.49/3288, date = 06-Oct-2032
 Newton its= 6, linearizations= 7 (2.4sec), linear its= 12 (18.3sec)

Starting time step 19, stepsize 29.044 days, at day 3229.91/3288, date = 03-Nov-2032
 Newton its= 6, linearizations= 7 (2.3sec), linear its=  4 (9.6sec)

Starting time step 20, stepsize 29.044 days, at day 3258.96/3288, date = 02-Dec-2032
 Newton its= 6, linearizations= 7 (2.3sec), linear its=  4 (8.5sec)


Report step 46/68 at day 3288/192118, date = 01-Jan-2033

Starting time step 0, stepsize 52.2792 days, at day 3288/3653, date = 01-Jan-2033
Restart file written for report step 46/68, date = 01-Jan-2033 00:00:00

Problem: Solver convergence failure - Iteration limit reached
Timestep chopped to 5.227924085282039 days


Starting time step 0, stepsize 5.22792 days, at day 3288/3653, date = 01-Jan-2033
 Newton its= 4, linearizations= 5 (1.7sec), linear its=  4 (11.3sec)

Starting time step 1, stepsize 6.53491 days, at day 3293.23/3653, date = 06-Jan-2033
 Newton its= 4, linearizations= 5 (1.7sec), linear its=  3 (6.5sec)

Starting time step 2, stepsize 16.9908 days, at day 3299.76/3653, date = 12-Jan-2033
 Newton its= 4, linearizations= 5 (1.6sec), linear its=  6 (6.9sec)

Starting time step 3, stepsize 44.176 days, at day 3316.75/3653, date = 29-Jan-2033
    Oscillating behavior detected: Relaxation set to 0.900000

Problem: Solver convergence failure - Iteration limit reached
Timestep chopped to 4.417595852063324 days


Starting time step 3, stepsize 4.4176 days, at day 3316.75/3653, date = 29-Jan-2033
 Newton its= 2, linearizations= 3 (1.0sec), linear its=  1 (3.0sec)

Starting time step 4, stepsize 5.52199 days, at day 3321.17/3653, date = 03-Feb-2033
 Newton its= 3, linearizations= 4 (1.5sec), linear its=  2 (4.1sec)

Starting time step 5, stepsize 16.566 days, at day 3326.69/3653, date = 08-Feb-2033
 Newton its= 4, linearizations= 5 (1.8sec), linear its=  4 (12.2sec)

Starting time step 6, stepsize 43.0716 days, at day 3343.26/3653, date = 25-Feb-2033
 Newton its= 5, linearizations= 6 (2.0sec), linear its=  8 (9.7sec)

Starting time step 7, stepsize 94.7574 days, at day 3386.33/3653, date = 09-Apr-2033

Problem: Solver convergence failure - Numerical problem encountered
Timestep chopped to 9.475743102675832 days


Starting time step 7, stepsize 9.47574 days, at day 3386.33/3653, date = 09-Apr-2033
 Newton its= 4, linearizations= 5 (1.8sec), linear its=  6 (6.7sec)

Starting time step 8, stepsize 11.8447 days, at day 3395.81/3653, date = 18-Apr-2033
 Newton its= 4, linearizations= 5 (1.7sec), linear its=  6 (6.9sec)

Starting time step 9, stepsize 30.7962 days, at day 3407.65/3653, date = 30-Apr-2033

Problem: Solver convergence failure - Iteration limit reached
Timestep chopped to 3.0796165083696456 days


Starting time step 9, stepsize 3.07962 days, at day 3407.65/3653, date = 30-Apr-2033
 Newton its= 3, linearizations= 4 (1.5sec), linear its=  4 (4.9sec)

Starting time step 10, stepsize 3.84952 days, at day 3410.73/3653, date = 03-May-2033
 Newton its= 2, linearizations= 3 (1.1sec), linear its=  1 (2.6sec)

Starting time step 11, stepsize 11.5486 days, at day 3414.58/3653, date = 07-May-2033
    Oscillating behavior detected: Relaxation set to 0.900000
 Newton its= 6, linearizations= 7 (2.5sec), linear its=  7 (9.9sec)

Starting time step 12, stepsize 20.7874 days, at day 3426.13/3653, date = 19-May-2033
 Newton its= 5, linearizations= 6 (3.1sec), linear its=  7 (9.0sec)

Starting time step 13, stepsize 45.7323 days, at day 3446.92/3653, date = 08-Jun-2033
    Oscillating behavior detected: Relaxation set to 0.900000
 Newton its= 9, linearizations=10 (4.4sec), linear its= 15 (22.1sec)

Starting time step 14, stepsize 40.6509 days, at day 3492.65/3653, date = 24-Jul-2033
 Newton its= 7, linearizations= 8 (3.0sec), linear its= 11 (12.7sec)

Starting time step 15, stepsize 56.9113 days, at day 3533.3/3653, date = 03-Sep-2033
 Newton its= 9, linearizations=10 (4.4sec), linear its= 13 (16.6sec)

Starting time step 16, stepsize 31.3946 days, at day 3590.21/3653, date = 30-Oct-2033
 Newton its= 5, linearizations= 6 (2.4sec), linear its=  6 (8.9sec)

Starting time step 17, stepsize 31.3946 days, at day 3621.61/3653, date = 30-Nov-2033
 Newton its= 5, linearizations= 6 (2.2sec), linear its=  7 (9.8sec)


Report step 47/68 at day 3653/192118, date = 01-Jan-2034

Starting time step 0, stepsize 69.0681 days, at day 3653/4018, date = 01-Jan-2034
Restart file written for report step 47/68, date = 01-Jan-2034 00:00:00
    Oscillating behavior detected: Relaxation set to 0.900000
    Oscillating behavior detected: Relaxation set to 0.800000
    Oscillating behavior detected: Relaxation set to 0.700000

Problem: Solver convergence failure - Iteration limit reached
Timestep chopped to 6.90681136901565 days


Starting time step 0, stepsize 6.90681 days, at day 3653/4018, date = 01-Jan-2034
 Newton its= 3, linearizations= 4 (1.5sec), linear its=  2 (4.1sec)

Starting time step 1, stepsize 8.63351 days, at day 3659.91/4018, date = 07-Jan-2034
 Newton its= 3, linearizations= 4 (2.5sec), linear its=  2 (4.1sec)

Starting time step 2, stepsize 25.9005 days, at day 3668.54/4018, date = 16-Jan-2034
 Newton its= 6, linearizations= 7 (2.4sec), linear its=  3 (8.2sec)

Starting time step 3, stepsize 46.621 days, at day 3694.44/4018, date = 11-Feb-2034
 Newton its= 7, linearizations= 8 (3.0sec), linear its=  8 (16.8sec)

Starting time step 4, stepsize 65.2694 days, at day 3741.06/4018, date = 30-Mar-2034
    Oscillating behavior detected: Relaxation set to 0.900000
    Oscillating behavior detected: Relaxation set to 0.800000
    Oscillating behavior detected: Relaxation set to 0.700000

Problem: Solver convergence failure - Iteration limit reached
Timestep chopped to 6.526936743719789 days


Starting time step 4, stepsize 6.52694 days, at day 3741.06/4018, date = 30-Mar-2034
    Oscillating behavior detected: Relaxation set to 0.900000
 Newton its= 4, linearizations= 5 (1.7sec), linear its=  3 (6.1sec)

Starting time step 5, stepsize 8.15867 days, at day 3747.59/4018, date = 05-Apr-2034
 Newton its= 3, linearizations= 4 (1.5sec), linear its=  1 (3.8sec)

Starting time step 6, stepsize 24.476 days, at day 3755.75/4018, date = 13-Apr-2034
    Oscillating behavior detected: Relaxation set to 0.900000
 Newton its= 9, linearizations=10 (3.7sec), linear its= 10 (19.7sec)

Starting time step 7, stepsize 21.7565 days, at day 3780.22/4018, date = 08-May-2034
 Newton its= 6, linearizations= 7 (2.6sec), linear its=  6 (8.3sec)

Starting time step 8, stepsize 39.1616 days, at day 3801.98/4018, date = 29-May-2034

Problem: Solver convergence failure - Numerical problem encountered
Timestep chopped to 3.916162046231874 days


Starting time step 8, stepsize 3.91616 days, at day 3801.98/4018, date = 29-May-2034
 Newton its= 2, linearizations= 3 (1.0sec), linear its=  1 (2.4sec)

Starting time step 9, stepsize 4.8952 days, at day 3805.9/4018, date = 02-Jun-2034
 Newton its= 3, linearizations= 4 (1.5sec), linear its=  3 (5.0sec)

Starting time step 10, stepsize 14.6856 days, at day 3810.79/4018, date = 07-Jun-2034
    Oscillating behavior detected: Relaxation set to 0.900000
    Oscillating behavior detected: Relaxation set to 0.800000
 Newton its= 8, linearizations= 9 (3.2sec), linear its= 14 (14.3sec)

Starting time step 11, stepsize 14.6856 days, at day 3825.48/4018, date = 22-Jun-2034
 Newton its= 3, linearizations= 4 (1.5sec), linear its=  4 (11.7sec)

Starting time step 12, stepsize 44.0568 days, at day 3840.16/4018, date = 07-Jul-2034
    Oscillating behavior detected: Relaxation set to 0.900000

Problem: Solver convergence failure - Iteration limit reached
Timestep chopped to 4.405682302010859 days


Starting time step 12, stepsize 4.40568 days, at day 3840.16/4018, date = 07-Jul-2034
 Newton its= 2, linearizations= 3 (1.0sec), linear its=  1 (2.3sec)

Starting time step 13, stepsize 5.5071 days, at day 3844.57/4018, date = 11-Jul-2034
 Newton its= 4, linearizations= 5 (1.8sec), linear its=  3 (6.0sec)

Starting time step 14, stepsize 14.3185 days, at day 3850.08/4018, date = 17-Jul-2034
 Newton its= 5, linearizations= 6 (2.2sec), linear its=  8 (8.7sec)

Starting time step 15, stepsize 31.5006 days, at day 3864.39/4018, date = 31-Jul-2034
    Oscillating behavior detected: Relaxation set to 0.900000
 Newton its= 8, linearizations= 9 (3.4sec), linear its=  8 (17.9sec)

Starting time step 16, stepsize 31.5006 days, at day 3895.89/4018, date = 31-Aug-2034
 Newton its= 6, linearizations= 7 (3.3sec), linear its=  6 (9.4sec)

Starting time step 17, stepsize 56.7011 days, at day 3927.4/4018, date = 02-Oct-2034

Warning: Density of water is only implemented for temperatures below 647K and pressures below 100MPa. (T = 378.150000, p=109622513.655133)

Warning: Density of water is only implemented for temperatures below 647K and pressures below 100MPa. (T = 378.150000, p=100975328.605329)

Warning: Density of water is only implemented for temperatures below 647K and pressures below 100MPa. (T = 378.150000, p=116713903.860259)

Warning: Density of water is only implemented for temperatures below 647K and pressures below 100MPa. (T = 378.150000, p=110964987.357735)

Warning: Density of water is only implemented for temperatures below 647K and pressures below 100MPa. (T = 378.150000, p=121396726.644470)

Warning: Density of water is only implemented for temperatures below 647K and pressures below 100MPa. (T = 378.150000, p=123639103.161654)

Warning: Density of water is only implemented for temperatures below 647K and pressures below 100MPa. (T = 378.150000, p=119771591.228511)

Warning: Density of water is only implemented for temperatures below 647K and pressures below 100MPa. (T = 378.150000, p=113701526.516701)

Warning: Density of water is only implemented for temperatures below 647K and pressures below 100MPa. (T = 378.150000, p=128372677.525723)

Warning: Density of water is only implemented for temperatures below 647K and pressures below 100MPa. (T = 378.150000, p=124156323.357664)

Warning: Density of water is only implemented for temperatures below 647K and pressures below 100MPa. (T = 378.150000, p=143358000.069970)

Warning: Density of water is only implemented for temperatures below 647K and pressures below 100MPa. (T = 378.150000, p=144386068.527516)

Warning: Density of water is only implemented for temperatures below 647K and pressures below 100MPa. (T = 378.150000, p=131199566.624015)

Warning: Density of water is only implemented for temperatures below 647K and pressures below 100MPa. (T = 378.150000, p=120557607.430620)

Warning: Density of water is only implemented for temperatures below 647K and pressures below 100MPa. (T = 378.150000, p=122516935.325187)

Warning: Density of water is only implemented for temperatures below 647K and pressures below 100MPa. (T = 378.150000, p=147360504.404868)

Warning: Density of water is only implemented for temperatures below 647K and pressures below 100MPa. (T = 378.150000, p=113026559.792222)

Warning: Density of water is only implemented for temperatures below 647K and pressures below 100MPa. (T = 378.150000, p=115018825.788138)

Warning: Density of water is only implemented for temperatures below 647K and pressures below 100MPa. (T = 378.150000, p=114630235.977467)

Warning: Density of water is only implemented for temperatures below 647K and pressures below 100MPa. (T = 378.150000, p=123015234.538410)

Warning: Density of water is only implemented for temperatures below 647K and pressures below 100MPa. (T = 378.150000, p=137588298.068670)

Warning: Density of water is only implemented for temperatures below 647K and pressures below 100MPa. (T = 378.150000, p=137483648.635749)

Warning: Density of water is only implemented for temperatures below 647K and pressures below 100MPa. (T = 378.150000, p=118938964.410414)

Warning: Density of water is only implemented for temperatures below 647K and pressures below 100MPa. (T = 378.150000, p=109487170.036831)

Warning: Density of water is only implemented for temperatures below 647K and pressures below 100MPa. (T = 378.150000, p=114872597.078816)

Warning: Density of water is only implemented for temperatures below 647K and pressures below 100MPa. (T = 378.150000, p=101642095.971398)

Warning: Density of water is only implemented for temperatures below 647K and pressures below 100MPa. (T = 378.150000, p=100006175.034740)

Warning: Density of water is only implemented for temperatures below 647K and pressures below 100MPa. (T = 378.150000, p=101296403.472869)

Warning: Density of water is only implemented for temperatures below 647K and pressures below 100MPa. (T = 378.150000, p=115590369.038114)

Warning: Density of water is only implemented for temperatures below 647K and pressures below 100MPa. (T = 378.150000, p=108707128.917163)

Warning: Density of water is only implemented for temperatures below 647K and pressures below 100MPa. (T = 378.150000, p=105076955.720888)

Warning: Density of water is only implemented for temperatures below 647K and pressures below 100MPa. (T = 378.150000, p=121151097.880361)

Warning: Density of water is only implemented for temperatures below 647K and pressures below 100MPa. (T = 378.150000, p=120546624.986065)

Warning: Density of water is only implemented for temperatures below 647K and pressures below 100MPa. (T = 378.150000, p=105007781.858559)

Warning: Density of water is only implemented for temperatures below 647K and pressures below 100MPa. (T = 378.150000, p=118704858.042438)

Warning: Density of water is only implemented for temperatures below 647K and pressures below 100MPa. (T = 378.150000, p=123267766.269202)

Warning: Density of water is only implemented for temperatures below 647K and pressures below 100MPa. (T = 378.150000, p=121483180.591991)

Warning: Density of water is only implemented for temperatures below 647K and pressures below 100MPa. (T = 378.150000, p=113316250.513753)

Warning: Density of water is only implemented for temperatures below 647K and pressures below 100MPa. (T = 378.150000, p=108611359.536365)

Warning: Density of water is only implemented for temperatures below 647K and pressures below 100MPa. (T = 378.150000, p=131810891.498771)

Warning: Density of water is only implemented for temperatures below 647K and pressures below 100MPa. (T = 378.150000, p=100995058.995469)

Warning: Density of water is only implemented for temperatures below 647K and pressures below 100MPa. (T = 378.150000, p=129448989.432424)

Warning: Density of water is only implemented for temperatures below 647K and pressures below 100MPa. (T = 378.150000, p=112428148.363835)

Warning: Density of water is only implemented for temperatures below 647K and pressures below 100MPa. (T = 378.150000, p=122106387.922180)

Warning: Density of water is only implemented for temperatures below 647K and pressures below 100MPa. (T = 378.150000, p=139920316.599252)

Warning: Density of water is only implemented for temperatures below 647K and pressures below 100MPa. (T = 378.150000, p=121028282.424488)

Warning: Density of water is only implemented for temperatures below 647K and pressures below 100MPa. (T = 378.150000, p=104005056.068533)

Warning: Density of water is only implemented for temperatures below 647K and pressures below 100MPa. (T = 378.150000, p=143584066.494674)

Warning: Density of water is only implemented for temperatures below 647K and pressures below 100MPa. (T = 378.150000, p=114546149.592130)

Warning: Density of water is only implemented for temperatures below 647K and pressures below 100MPa. (T = 378.150000, p=127252456.208343)

Warning: Density of water is only implemented for temperatures below 647K and pressures below 100MPa. (T = 378.150000, p=148033937.528473)

Warning: Density of water is only implemented for temperatures below 647K and pressures below 100MPa. (T = 378.150000, p=111932461.002994)

Warning: Density of water is only implemented for temperatures below 647K and pressures below 100MPa. (T = 378.150000, p=139991040.311766)

Warning: Density of water is only implemented for temperatures below 647K and pressures below 100MPa. (T = 378.150000, p=122410913.307438)

Warning: Density of water is only implemented for temperatures below 647K and pressures below 100MPa. (T = 378.150000, p=125419064.231862)

Warning: Density of water is only implemented for temperatures below 647K and pressures below 100MPa. (T = 378.150000, p=137887455.778535)

Warning: Density of water is only implemented for temperatures below 647K and pressures below 100MPa. (T = 378.150000, p=137603984.318589)

Warning: Density of water is only implemented for temperatures below 647K and pressures below 100MPa. (T = 378.150000, p=106720134.313920)

Warning: Density of water is only implemented for temperatures below 647K and pressures below 100MPa. (T = 378.150000, p=101128041.396711)

Warning: Density of water is only implemented for temperatures below 647K and pressures below 100MPa. (T = 378.150000, p=118448867.126782)

Warning: Density of water is only implemented for temperatures below 647K and pressures below 100MPa. (T = 378.150000, p=118660473.318442)

Warning: Density of water is only implemented for temperatures below 647K and pressures below 100MPa. (T = 378.150000, p=115967690.305525)

Warning: Density of water is only implemented for temperatures below 647K and pressures below 100MPa. (T = 378.150000, p=120782448.465607)

Warning: Density of water is only implemented for temperatures below 647K and pressures below 100MPa. (T = 378.150000, p=117860779.260465)

Warning: Density of water is only implemented for temperatures below 647K and pressures below 100MPa. (T = 378.150000, p=120799666.489548)

Warning: Density of water is only implemented for temperatures below 647K and pressures below 100MPa. (T = 378.150000, p=119101048.065348)

Warning: Density of water is only implemented for temperatures below 647K and pressures below 100MPa. (T = 378.150000, p=121983845.949163)

Warning: Density of water is only implemented for temperatures below 647K and pressures below 100MPa. (T = 378.150000, p=127276251.509183)

Warning: Density of water is only implemented for temperatures below 647K and pressures below 100MPa. (T = 378.150000, p=124711836.515190)

Warning: Density of water is only implemented for temperatures below 647K and pressures below 100MPa. (T = 378.150000, p=132414575.705555)

Warning: Density of water is only implemented for temperatures below 647K and pressures below 100MPa. (T = 378.150000, p=131456618.643317)

Warning: Density of water is only implemented for temperatures below 647K and pressures below 100MPa. (T = 378.150000, p=118976160.735285)

Warning: Density of water is only implemented for temperatures below 647K and pressures below 100MPa. (T = 378.150000, p=125841212.046068)

Warning: Density of water is only implemented for temperatures below 647K and pressures below 100MPa. (T = 378.150000, p=141843200.392468)

Warning: Density of water is only implemented for temperatures below 647K and pressures below 100MPa. (T = 378.150000, p=111124137.089869)

Warning: Density of water is only implemented for temperatures below 647K and pressures below 100MPa. (T = 378.150000, p=120225600.860111)

Warning: Density of water is only implemented for temperatures below 647K and pressures below 100MPa. (T = 378.150000, p=136543602.843952)

Warning: Density of water is only implemented for temperatures below 647K and pressures below 100MPa. (T = 378.150000, p=139848605.161040)

Warning: Density of water is only implemented for temperatures below 647K and pressures below 100MPa. (T = 378.150000, p=105969094.457885)

Warning: Density of water is only implemented for temperatures below 647K and pressures below 100MPa. (T = 378.150000, p=120562459.416131)

Warning: Density of water is only implemented for temperatures below 647K and pressures below 100MPa. (T = 378.150000, p=137524309.755854)

Warning: Density of water is only implemented for temperatures below 647K and pressures below 100MPa. (T = 378.150000, p=145460189.387827)

Warning: Density of water is only implemented for temperatures below 647K and pressures below 100MPa. (T = 378.150000, p=138533404.181079)

Warning: Density of water is only implemented for temperatures below 647K and pressures below 100MPa. (T = 378.150000, p=137008780.613610)

Warning: Density of water is only implemented for temperatures below 647K and pressures below 100MPa. (T = 378.150000, p=120853334.244221)

Warning: Density of water is only implemented for temperatures below 647K and pressures below 100MPa. (T = 378.150000, p=118993385.359418)

Warning: Density of water is only implemented for temperatures below 647K and pressures below 100MPa. (T = 378.150000, p=102484219.916097)

Warning: Density of water is only implemented for temperatures below 647K and pressures below 100MPa. (T = 378.150000, p=109531401.150916)

Warning: Density of water is only implemented for temperatures below 647K and pressures below 100MPa. (T = 378.150000, p=139814382.972784)

Warning: Density of water is only implemented for temperatures below 647K and pressures below 100MPa. (T = 378.150000, p=106323322.218381)

Warning: Density of water is only implemented for temperatures below 647K and pressures below 100MPa. (T = 378.150000, p=129066327.656809)

Warning: Density of water is only implemented for temperatures below 647K and pressures below 100MPa. (T = 378.150000, p=138263150.768777)

Warning: Density of water is only implemented for temperatures below 647K and pressures below 100MPa. (T = 378.150000, p=137815785.699883)

Warning: Density of water is only implemented for temperatures below 647K and pressures below 100MPa. (T = 378.150000, p=102601543.707114)

Warning: Density of water is only implemented for temperatures below 647K and pressures below 100MPa. (T = 378.150000, p=115230219.563749)

Warning: Density of water is only implemented for temperatures below 647K and pressures below 100MPa. (T = 378.150000, p=104984494.688293)

Warning: Density of water is only implemented for temperatures below 647K and pressures below 100MPa. (T = 378.150000, p=102037711.960140)

Warning: Density of water is only implemented for temperatures below 647K and pressures below 100MPa. (T = 378.150000, p=115417813.809346)

Warning: Density of water is only implemented for temperatures below 647K and pressures below 100MPa. (T = 378.150000, p=116599276.668992)

Warning: Density of water is only implemented for temperatures below 647K and pressures below 100MPa. (T = 378.150000, p=117862091.323152)

Warning: Density of water is only implemented for temperatures below 647K and pressures below 100MPa. (T = 378.150000, p=117008408.612512)

Warning: Density of water is only implemented for temperatures below 647K and pressures below 100MPa. (T = 378.150000, p=102481042.591837)

Warning: Density of water is only implemented for temperatures below 647K and pressures below 100MPa. (T = 378.150000, p=114246987.636158)

Warning: Density of water is only implemented for temperatures below 647K and pressures below 100MPa. (T = 378.150000, p=117236640.905455)

Warning: Density of water is only implemented for temperatures below 647K and pressures below 100MPa. (T = 378.150000, p=118585710.240906)

Warning: Density of water is only implemented for temperatures below 647K and pressures below 100MPa. (T = 378.150000, p=116970975.361598)

Warning: Density of water is only implemented for temperatures below 647K and pressures below 100MPa. (T = 378.150000, p=121432400.413789)

Warning: Density of water is only implemented for temperatures below 647K and pressures below 100MPa. (T = 378.150000, p=121343790.561816)

Warning: Density of water is only implemented for temperatures below 647K and pressures below 100MPa. (T = 378.150000, p=121893778.797297)

Warning: Density of water is only implemented for temperatures below 647K and pressures below 100MPa. (T = 378.150000, p=109178859.824608)

Warning: Density of water is only implemented for temperatures below 647K and pressures below 100MPa. (T = 378.150000, p=127088440.518470)

Warning: Density of water is only implemented for temperatures below 647K and pressures below 100MPa. (T = 378.150000, p=131396277.430824)

Warning: Density of water is only implemented for temperatures below 647K and pressures below 100MPa. (T = 378.150000, p=114514219.969569)

Warning: Density of water is only implemented for temperatures below 647K and pressures below 100MPa. (T = 378.150000, p=103970770.328638)

Warning: Density of water is only implemented for temperatures below 647K and pressures below 100MPa. (T = 378.150000, p=122418638.865350)

Warning: Density of water is only implemented for temperatures below 647K and pressures below 100MPa. (T = 378.150000, p=109952304.179579)

Warning: Density of water is only implemented for temperatures below 647K and pressures below 100MPa. (T = 378.150000, p=118510185.438421)

Warning: Density of water is only implemented for temperatures below 647K and pressures below 100MPa. (T = 378.150000, p=127905224.352465)

Warning: Density of water is only implemented for temperatures below 647K and pressures below 100MPa. (T = 378.150000, p=133054949.523479)

Warning: Density of water is only implemented for temperatures below 647K and pressures below 100MPa. (T = 378.150000, p=108042174.954162)

Warning: Density of water is only implemented for temperatures below 647K and pressures below 100MPa. (T = 378.150000, p=119051791.991312)

Warning: Density of water is only implemented for temperatures below 647K and pressures below 100MPa. (T = 378.150000, p=131727013.327229)

Warning: Density of water is only implemented for temperatures below 647K and pressures below 100MPa. (T = 378.150000, p=138080595.269100)

Warning: Density of water is only implemented for temperatures below 647K and pressures below 100MPa. (T = 378.150000, p=117496486.555904)

Warning: Density of water is only implemented for temperatures below 647K and pressures below 100MPa. (T = 378.150000, p=138017208.156369)

Warning: Density of water is only implemented for temperatures below 647K and pressures below 100MPa. (T = 378.150000, p=123249502.270147)

Warning: Density of water is only implemented for temperatures below 647K and pressures below 100MPa. (T = 378.150000, p=117600904.524672)

Warning: Density of water is only implemented for temperatures below 647K and pressures below 100MPa. (T = 378.150000, p=119118541.686872)

Warning: Density of water is only implemented for temperatures below 647K and pressures below 100MPa. (T = 378.150000, p=146725135.917898)

Warning: Density of water is only implemented for temperatures below 647K and pressures below 100MPa. (T = 378.150000, p=107426679.994777)

Warning: Density of water is only implemented for temperatures below 647K and pressures below 100MPa. (T = 378.150000, p=139729472.674385)

Warning: Density of water is only implemented for temperatures below 647K and pressures below 100MPa. (T = 378.150000, p=134006916.618476)

Warning: Density of water is only implemented for temperatures below 647K and pressures below 100MPa. (T = 378.150000, p=115642522.280133)

Warning: Density of water is only implemented for temperatures below 647K and pressures below 100MPa. (T = 378.150000, p=103494239.814698)

Warning: Density of water is only implemented for temperatures below 647K and pressures below 100MPa. (T = 378.150000, p=104966677.058707)

Warning: Density of water is only implemented for temperatures below 647K and pressures below 100MPa. (T = 378.150000, p=117444782.886494)

Warning: Density of water is only implemented for temperatures below 647K and pressures below 100MPa. (T = 378.150000, p=118352626.478561)

Warning: Density of water is only implemented for temperatures below 647K and pressures below 100MPa. (T = 378.150000, p=118430558.031051)

Warning: Density of water is only implemented for temperatures below 647K and pressures below 100MPa. (T = 378.150000, p=116829341.908983)

Warning: Density of water is only implemented for temperatures below 647K and pressures below 100MPa. (T = 378.150000, p=116616007.665579)

Warning: Density of water is only implemented for temperatures below 647K and pressures below 100MPa. (T = 378.150000, p=121170328.326888)

Warning: Density of water is only implemented for temperatures below 647K and pressures below 100MPa. (T = 378.150000, p=119972124.777950)

Warning: Density of water is only implemented for temperatures below 647K and pressures below 100MPa. (T = 378.150000, p=112657158.097121)

Warning: Density of water is only implemented for temperatures below 647K and pressures below 100MPa. (T = 378.150000, p=105545222.924436)

Warning: Density of water is only implemented for temperatures below 647K and pressures below 100MPa. (T = 378.150000, p=123835273.766705)

Warning: Density of water is only implemented for temperatures below 647K and pressures below 100MPa. (T = 378.150000, p=125382410.587636)

Warning: Density of water is only implemented for temperatures below 647K and pressures below 100MPa. (T = 378.150000, p=111273882.632992)

Warning: Density of water is only implemented for temperatures below 647K and pressures below 100MPa. (T = 378.150000, p=129872165.874291)

Warning: Density of water is only implemented for temperatures below 647K and pressures below 100MPa. (T = 378.150000, p=123717008.624359)

Warning: Density of water is only implemented for temperatures below 647K and pressures below 100MPa. (T = 378.150000, p=127820670.901559)

Warning: Density of water is only implemented for temperatures below 647K and pressures below 100MPa. (T = 378.150000, p=123757061.721441)

Warning: Density of water is only implemented for temperatures below 647K and pressures below 100MPa. (T = 378.150000, p=116648499.523167)

Warning: Density of water is only implemented for temperatures below 647K and pressures below 100MPa. (T = 378.150000, p=106092163.793143)

Warning: Density of water is only implemented for temperatures below 647K and pressures below 100MPa. (T = 378.150000, p=119173157.560944)

Warning: Density of water is only implemented for temperatures below 647K and pressures below 100MPa. (T = 378.150000, p=137110312.979144)

Warning: Density of water is only implemented for temperatures below 647K and pressures below 100MPa. (T = 378.150000, p=141662704.974399)

Warning: Density of water is only implemented for temperatures below 647K and pressures below 100MPa. (T = 378.150000, p=140324950.060171)

Warning: Density of water is only implemented for temperatures below 647K and pressures below 100MPa. (T = 378.150000, p=130475107.019867)

Warning: Density of water is only implemented for temperatures below 647K and pressures below 100MPa. (T = 378.150000, p=121382048.087497)

Warning: Density of water is only implemented for temperatures below 647K and pressures below 100MPa. (T = 378.150000, p=108909163.973855)

Warning: Density of water is only implemented for temperatures below 647K and pressures below 100MPa. (T = 378.150000, p=143282982.342303)

Warning: Density of water is only implemented for temperatures below 647K and pressures below 100MPa. (T = 378.150000, p=141971875.237575)

Warning: Density of water is only implemented for temperatures below 647K and pressures below 100MPa. (T = 378.150000, p=127368854.061879)

Warning: Density of water is only implemented for temperatures below 647K and pressures below 100MPa. (T = 378.150000, p=131316934.978915)

Warning: Density of water is only implemented for temperatures below 647K and pressures below 100MPa. (T = 378.150000, p=114508971.070322)

Warning: Density of water is only implemented for temperatures below 647K and pressures below 100MPa. (T = 378.150000, p=110081502.927843)

Warning: Density of water is only implemented for temperatures below 647K and pressures below 100MPa. (T = 378.150000, p=110227054.856504)

Warning: Density of water is only implemented for temperatures below 647K and pressures below 100MPa. (T = 378.150000, p=117696269.759604)

Warning: Density of water is only implemented for temperatures below 647K and pressures below 100MPa. (T = 378.150000, p=126160939.128761)

Warning: Density of water is only implemented for temperatures below 647K and pressures below 100MPa. (T = 378.150000, p=140018383.858316)

Warning: Density of water is only implemented for temperatures below 647K and pressures below 100MPa. (T = 378.150000, p=136523361.812348)

Warning: Density of water is only implemented for temperatures below 647K and pressures below 100MPa. (T = 378.150000, p=114292473.883128)

Warning: Density of water is only implemented for temperatures below 647K and pressures below 100MPa. (T = 378.150000, p=122529477.495127)

Warning: Density of water is only implemented for temperatures below 647K and pressures below 100MPa. (T = 378.150000, p=149453039.961846)

Warning: Density of water is only implemented for temperatures below 647K and pressures below 100MPa. (T = 378.150000, p=140034468.925674)

Warning: Density of water is only implemented for temperatures below 647K and pressures below 100MPa. (T = 378.150000, p=138920244.420105)

Warning: Density of water is only implemented for temperatures below 647K and pressures below 100MPa. (T = 378.150000, p=137690057.056963)

Warning: Density of water is only implemented for temperatures below 647K and pressures below 100MPa. (T = 378.150000, p=117627305.021752)

Warning: Density of water is only implemented for temperatures below 647K and pressures below 100MPa. (T = 378.150000, p=116381436.897395)

Warning: Density of water is only implemented for temperatures below 647K and pressures below 100MPa. (T = 378.150000, p=117716084.529808)

Warning: Density of water is only implemented for temperatures below 647K and pressures below 100MPa. (T = 378.150000, p=128596398.339337)

Warning: Density of water is only implemented for temperatures below 647K and pressures below 100MPa. (T = 378.150000, p=160017417.203703)

Warning: Density of water is only implemented for temperatures below 647K and pressures below 100MPa. (T = 378.150000, p=137764732.893101)

Warning: Density of water is only implemented for temperatures below 647K and pressures below 100MPa. (T = 378.150000, p=100568147.782420)

Warning: Density of water is only implemented for temperatures below 647K and pressures below 100MPa. (T = 378.150000, p=105489369.555638)

Warning: Density of water is only implemented for temperatures below 647K and pressures below 100MPa. (T = 378.150000, p=139733940.494821)

Warning: Density of water is only implemented for temperatures below 647K and pressures below 100MPa. (T = 378.150000, p=107319567.952402)

Warning: Density of water is only implemented for temperatures below 647K and pressures below 100MPa. (T = 378.150000, p=102236641.254975)

Warning: Density of water is only implemented for temperatures below 647K and pressures below 100MPa. (T = 378.150000, p=108057553.488987)

Warning: Density of water is only implemented for temperatures below 647K and pressures below 100MPa. (T = 378.150000, p=115093977.396630)

Warning: Density of water is only implemented for temperatures below 647K and pressures below 100MPa. (T = 378.150000, p=117508269.184550)

Warning: Density of water is only implemented for temperatures below 647K and pressures below 100MPa. (T = 378.150000, p=109093977.059728)

Warning: Density of water is only implemented for temperatures below 647K and pressures below 100MPa. (T = 378.150000, p=116636549.413115)

Warning: Density of water is only implemented for temperatures below 647K and pressures below 100MPa. (T = 378.150000, p=121001689.285240)

Warning: Density of water is only implemented for temperatures below 647K and pressures below 100MPa. (T = 378.150000, p=111628445.374235)

Warning: Density of water is only implemented for temperatures below 647K and pressures below 100MPa. (T = 378.150000, p=116711583.567804)

Warning: Density of water is only implemented for temperatures below 647K and pressures below 100MPa. (T = 378.150000, p=117867753.697921)

Warning: Density of water is only implemented for temperatures below 647K and pressures below 100MPa. (T = 378.150000, p=125886805.120667)

Warning: Density of water is only implemented for temperatures below 647K and pressures below 100MPa. (T = 378.150000, p=111435417.449021)

Warning: Density of water is only implemented for temperatures below 647K and pressures below 100MPa. (T = 378.150000, p=106542295.713737)

Warning: Density of water is only implemented for temperatures below 647K and pressures below 100MPa. (T = 378.150000, p=130860115.742707)

Warning: Density of water is only implemented for temperatures below 647K and pressures below 100MPa. (T = 378.150000, p=127061636.494202)

Warning: Density of water is only implemented for temperatures below 647K and pressures below 100MPa. (T = 378.150000, p=130402672.972112)

Warning: Density of water is only implemented for temperatures below 647K and pressures below 100MPa. (T = 378.150000, p=127100152.147230)

Warning: Density of water is only implemented for temperatures below 647K and pressures below 100MPa. (T = 378.150000, p=119727240.064729)

Warning: Density of water is only implemented for temperatures below 647K and pressures below 100MPa. (T = 378.150000, p=106341031.336096)

Warning: Density of water is only implemented for temperatures below 647K and pressures below 100MPa. (T = 378.150000, p=120547739.756150)

Warning: Density of water is only implemented for temperatures below 647K and pressures below 100MPa. (T = 378.150000, p=124456463.159380)

Warning: Density of water is only implemented for temperatures below 647K and pressures below 100MPa. (T = 378.150000, p=136314779.248273)

Warning: Density of water is only implemented for temperatures below 647K and pressures below 100MPa. (T = 378.150000, p=132288183.799100)

Warning: Density of water is only implemented for temperatures below 647K and pressures below 100MPa. (T = 378.150000, p=121840884.367307)

Warning: Density of water is only implemented for temperatures below 647K and pressures below 100MPa. (T = 378.150000, p=121497247.460356)

Warning: Density of water is only implemented for temperatures below 647K and pressures below 100MPa. (T = 378.150000, p=130014070.398931)

Warning: Density of water is only implemented for temperatures below 647K and pressures below 100MPa. (T = 378.150000, p=116098852.148927)

Warning: Density of water is only implemented for temperatures below 647K and pressures below 100MPa. (T = 378.150000, p=122881512.971067)

Warning: Density of water is only implemented for temperatures below 647K and pressures below 100MPa. (T = 378.150000, p=128826136.212559)

Warning: Density of water is only implemented for temperatures below 647K and pressures below 100MPa. (T = 378.150000, p=135868647.770283)

Warning: Density of water is only implemented for temperatures below 647K and pressures below 100MPa. (T = 378.150000, p=122332067.201371)

Warning: Density of water is only implemented for temperatures below 647K and pressures below 100MPa. (T = 378.150000, p=111707048.149590)

Warning: Density of water is only implemented for temperatures below 647K and pressures below 100MPa. (T = 378.150000, p=107646946.377980)

Warning: Density of water is only implemented for temperatures below 647K and pressures below 100MPa. (T = 378.150000, p=111221932.065946)

Warning: Density of water is only implemented for temperatures below 647K and pressures below 100MPa. (T = 378.150000, p=114024338.239019)

Warning: Density of water is only implemented for temperatures below 647K and pressures below 100MPa. (T = 378.150000, p=115325138.864187)

Warning: Density of water is only implemented for temperatures below 647K and pressures below 100MPa. (T = 378.150000, p=116528254.697669)

Warning: Density of water is only implemented for temperatures below 647K and pressures below 100MPa. (T = 378.150000, p=126165804.454050)

Warning: Density of water is only implemented for temperatures below 647K and pressures below 100MPa. (T = 378.150000, p=160352541.323132)

Warning: Density of water is only implemented for temperatures below 647K and pressures below 100MPa. (T = 378.150000, p=103643832.943957)

Warning: Density of water is only implemented for temperatures below 647K and pressures below 100MPa. (T = 378.150000, p=124955285.159711)

Warning: Density of water is only implemented for temperatures below 647K and pressures below 100MPa. (T = 378.150000, p=101846033.564159)

Warning: Density of water is only implemented for temperatures below 647K and pressures below 100MPa. (T = 378.150000, p=106028901.418667)

Warning: Density of water is only implemented for temperatures below 647K and pressures below 100MPa. (T = 378.150000, p=101377185.528079)

Warning: Density of water is only implemented for temperatures below 647K and pressures below 100MPa. (T = 378.150000, p=111329221.428990)

Warning: Density of water is only implemented for temperatures below 647K and pressures below 100MPa. (T = 378.150000, p=114636170.926175)

Warning: Density of water is only implemented for temperatures below 647K and pressures below 100MPa. (T = 378.150000, p=116327534.309228)

Warning: Density of water is only implemented for temperatures below 647K and pressures below 100MPa. (T = 378.150000, p=110860007.900624)

Warning: Density of water is only implemented for temperatures below 647K and pressures below 100MPa. (T = 378.150000, p=105260429.407756)

Warning: Density of water is only implemented for temperatures below 647K and pressures below 100MPa. (T = 378.150000, p=115663571.017149)

Warning: Density of water is only implemented for temperatures below 647K and pressures below 100MPa. (T = 378.150000, p=119127111.492129)

Warning: Density of water is only implemented for temperatures below 647K and pressures below 100MPa. (T = 378.150000, p=121159073.056455)

Warning: Density of water is only implemented for temperatures below 647K and pressures below 100MPa. (T = 378.150000, p=110951790.263098)

Warning: Density of water is only implemented for temperatures below 647K and pressures below 100MPa. (T = 378.150000, p=101640372.686469)

Warning: Density of water is only implemented for temperatures below 647K and pressures below 100MPa. (T = 378.150000, p=113908236.090144)

Warning: Density of water is only implemented for temperatures below 647K and pressures below 100MPa. (T = 378.150000, p=124267590.816369)

Warning: Density of water is only implemented for temperatures below 647K and pressures below 100MPa. (T = 378.150000, p=119766629.391035)

Warning: Density of water is only implemented for temperatures below 647K and pressures below 100MPa. (T = 378.150000, p=120409702.894466)

Warning: Density of water is only implemented for temperatures below 647K and pressures below 100MPa. (T = 378.150000, p=108292213.736771)

Warning: Density of water is only implemented for temperatures below 647K and pressures below 100MPa. (T = 378.150000, p=102965841.360779)

Warning: Density of water is only implemented for temperatures below 647K and pressures below 100MPa. (T = 378.150000, p=103886966.156260)

Warning: Density of water is only implemented for temperatures below 647K and pressures below 100MPa. (T = 378.150000, p=105159548.859973)

Warning: Density of water is only implemented for temperatures below 647K and pressures below 100MPa. (T = 378.150000, p=105159548.859973)

Warning: Density of water is only implemented for temperatures below 647K and pressures below 100MPa. (T = 378.150000, p=131563058.374969)

Warning: Density of water is only implemented for temperatures below 647K and pressures below 100MPa. (T = 378.150000, p=124643176.600911)

Warning: Density of water is only implemented for temperatures below 647K and pressures below 100MPa. (T = 378.150000, p=127323889.135945)

Warning: Density of water is only implemented for temperatures below 647K and pressures below 100MPa. (T = 378.150000, p=115221842.340923)

Warning: Density of water is only implemented for temperatures below 647K and pressures below 100MPa. (T = 378.150000, p=117139149.134797)

Warning: Density of water is only implemented for temperatures below 647K and pressures below 100MPa. (T = 378.150000, p=103140491.911836)

Warning: Density of water is only implemented for temperatures below 647K and pressures below 100MPa. (T = 378.150000, p=103140491.911836)

Warning: Density of water is only implemented for temperatures below 647K and pressures below 100MPa. (T = 378.150000, p=105352031.371143)

Warning: Density of water is only implemented for temperatures below 647K and pressures below 100MPa. (T = 378.150000, p=105352031.371143)

Warning: Density of water is only implemented for temperatures below 647K and pressures below 100MPa. (T = 378.150000, p=103245943.029099)

Warning: Density of water is only implemented for temperatures below 647K and pressures below 100MPa. (T = 378.150000, p=101140850.124253)

Warning: Density of water is only implemented for temperatures below 647K and pressures below 100MPa. (T = 378.150000, p=117568697.985306)

Warning: Density of water is only implemented for temperatures below 647K and pressures below 100MPa. (T = 378.150000, p=121289913.373697)

Warning: Density of water is only implemented for temperatures below 647K and pressures below 100MPa. (T = 378.150000, p=103476920.762111)

Warning: Density of water is only implemented for temperatures below 647K and pressures below 100MPa. (T = 378.150000, p=103476920.762111)

Warning: Density of water is only implemented for temperatures below 647K and pressures below 100MPa. (T = 378.150000, p=131525946.923818)

Warning: Density of water is only implemented for temperatures below 647K and pressures below 100MPa. (T = 378.150000, p=105412702.097787)

Warning: Density of water is only implemented for temperatures below 647K and pressures below 100MPa. (T = 378.150000, p=105412702.097787)

Warning: Density of water is only implemented for temperatures below 647K and pressures below 100MPa. (T = 378.150000, p=122404973.298264)

Warning: Density of water is only implemented for temperatures below 647K and pressures below 100MPa. (T = 378.150000, p=105724261.726650)

Warning: Density of water is only implemented for temperatures below 647K and pressures below 100MPa. (T = 378.150000, p=119842060.519768)

Warning: Density of water is only implemented for temperatures below 647K and pressures below 100MPa. (T = 378.150000, p=135788441.473796)

Warning: Density of water is only implemented for temperatures below 647K and pressures below 100MPa. (T = 378.150000, p=114407251.170399)

Warning: Density of water is only implemented for temperatures below 647K and pressures below 100MPa. (T = 378.150000, p=115817369.821850)

Warning: Density of water is only implemented for temperatures below 647K and pressures below 100MPa. (T = 378.150000, p=126291214.852387)

Warning: Density of water is only implemented for temperatures below 647K and pressures below 100MPa. (T = 378.150000, p=100168623.272166)

Warning: Density of water is only implemented for temperatures below 647K and pressures below 100MPa. (T = 378.150000, p=100168623.272166)

Warning: Density of water is only implemented for temperatures below 647K and pressures below 100MPa. (T = 378.150000, p=112180427.256845)

Warning: Density of water is only implemented for temperatures below 647K and pressures below 100MPa. (T = 378.150000, p=103976797.120492)

Warning: Density of water is only implemented for temperatures below 647K and pressures below 100MPa. (T = 378.150000, p=117884329.436583)

Warning: Density of water is only implemented for temperatures below 647K and pressures below 100MPa. (T = 378.150000, p=117884329.436583)

Warning: Density of water is only implemented for temperatures below 647K and pressures below 100MPa. (T = 378.150000, p=111380317.065605)

Warning: Density of water is only implemented for temperatures below 647K and pressures below 100MPa. (T = 378.150000, p=136874657.852729)

Warning: Density of water is only implemented for temperatures below 647K and pressures below 100MPa. (T = 378.150000, p=114257413.208739)

Warning: Density of water is only implemented for temperatures below 647K and pressures below 100MPa. (T = 378.150000, p=114257413.208739)

Warning: Density of water is only implemented for temperatures below 647K and pressures below 100MPa. (T = 378.150000, p=137071996.551778)

Warning: Density of water is only implemented for temperatures below 647K and pressures below 100MPa. (T = 378.150000, p=109692613.410373)

Warning: Density of water is only implemented for temperatures below 647K and pressures below 100MPa. (T = 378.150000, p=106076282.414604)

Warning: Density of water is only implemented for temperatures below 647K and pressures below 100MPa. (T = 378.150000, p=140094474.469303)

Warning: Density of water is only implemented for temperatures below 647K and pressures below 100MPa. (T = 378.150000, p=100404621.206703)

Warning: Density of water is only implemented for temperatures below 647K and pressures below 100MPa. (T = 378.150000, p=100404621.206703)

Warning: Density of water is only implemented for temperatures below 647K and pressures below 100MPa. (T = 378.150000, p=137988532.557166)

Warning: Density of water is only implemented for temperatures below 647K and pressures below 100MPa. (T = 378.150000, p=103547695.762581)

Warning: Density of water is only implemented for temperatures below 647K and pressures below 100MPa. (T = 378.150000, p=137249051.678761)

Warning: Density of water is only implemented for temperatures below 647K and pressures below 100MPa. (T = 378.150000, p=111679027.153427)

Warning: Density of water is only implemented for temperatures below 647K and pressures below 100MPa. (T = 378.150000, p=111679027.153427)

Warning: Density of water is only implemented for temperatures below 647K and pressures below 100MPa. (T = 378.150000, p=108261525.966355)

Warning: Density of water is only implemented for temperatures below 647K and pressures below 100MPa. (T = 378.150000, p=126266043.596766)

Warning: Density of water is only implemented for temperatures below 647K and pressures below 100MPa. (T = 378.150000, p=126266043.596766)

Warning: Density of water is only implemented for temperatures below 647K and pressures below 100MPa. (T = 378.150000, p=112339178.188064)

Warning: Density of water is only implemented for temperatures below 647K and pressures below 100MPa. (T = 378.150000, p=100126121.874070)

Warning: Density of water is only implemented for temperatures below 647K and pressures below 100MPa. (T = 378.150000, p=114427529.123317)

Warning: Density of water is only implemented for temperatures below 647K and pressures below 100MPa. (T = 378.150000, p=114427529.123317)

Warning: Density of water is only implemented for temperatures below 647K and pressures below 100MPa. (T = 378.150000, p=117592676.627601)

Warning: Density of water is only implemented for temperatures below 647K and pressures below 100MPa. (T = 378.150000, p=115550183.343709)

Warning: Density of water is only implemented for temperatures below 647K and pressures below 100MPa. (T = 378.150000, p=108304047.413573)

Warning: Density of water is only implemented for temperatures below 647K and pressures below 100MPa. (T = 378.150000, p=124093975.426910)

Warning: Density of water is only implemented for temperatures below 647K and pressures below 100MPa. (T = 378.150000, p=107423570.804016)

Warning: Density of water is only implemented for temperatures below 647K and pressures below 100MPa. (T = 378.150000, p=101680115.807055)

Warning: Density of water is only implemented for temperatures below 647K and pressures below 100MPa. (T = 378.150000, p=101680115.807055)

Warning: Density of water is only implemented for temperatures below 647K and pressures below 100MPa. (T = 378.150000, p=114550550.588144)

Warning: Density of water is only implemented for temperatures below 647K and pressures below 100MPa. (T = 378.150000, p=102698794.042087)

Warning: Density of water is only implemented for temperatures below 647K and pressures below 100MPa. (T = 378.150000, p=104939800.996877)

Warning: Density of water is only implemented for temperatures below 647K and pressures below 100MPa. (T = 378.150000, p=114023858.365512)

Warning: Density of water is only implemented for temperatures below 647K and pressures below 100MPa. (T = 378.150000, p=101415010.118250)

Warning: Density of water is only implemented for temperatures below 647K and pressures below 100MPa. (T = 378.150000, p=101587921.986437)

Warning: Density of water is only implemented for temperatures below 647K and pressures below 100MPa. (T = 378.150000, p=100625529.329789)

Warning: Density of water is only implemented for temperatures below 647K and pressures below 100MPa. (T = 378.150000, p=115450005.944565)

Warning: Density of water is only implemented for temperatures below 647K and pressures below 100MPa. (T = 378.150000, p=100981192.188668)

Warning: Density of water is only implemented for temperatures below 647K and pressures below 100MPa. (T = 378.150000, p=100981192.188668)

Warning: Density of water is only implemented for temperatures below 647K and pressures below 100MPa. (T = 378.150000, p=105412013.292878)

Warning: Density of water is only implemented for temperatures below 647K and pressures below 100MPa. (T = 378.150000, p=105412013.292878)

Warning: Density of water is only implemented for temperatures below 647K and pressures below 100MPa. (T = 378.150000, p=119138683.519096)

Warning: Density of water is only implemented for temperatures below 647K and pressures below 100MPa. (T = 378.150000, p=100425031.869338)

Warning: Density of water is only implemented for temperatures below 647K and pressures below 100MPa. (T = 378.150000, p=110632351.564843)

Warning: Density of water is only implemented for temperatures below 647K and pressures below 100MPa. (T = 378.150000, p=104065738.171874)

Warning: Density of water is only implemented for temperatures below 647K and pressures below 100MPa. (T = 378.150000, p=111276931.160728)

Warning: Density of water is only implemented for temperatures below 647K and pressures below 100MPa. (T = 378.150000, p=106666406.825886)

Warning: Density of water is only implemented for temperatures below 647K and pressures below 100MPa. (T = 378.150000, p=121115323.825356)

Warning: Density of water is only implemented for temperatures below 647K and pressures below 100MPa. (T = 378.150000, p=111920484.642684)

Warning: Density of water is only implemented for temperatures below 647K and pressures below 100MPa. (T = 378.150000, p=114914680.630499)

Warning: Density of water is only implemented for temperatures below 647K and pressures below 100MPa. (T = 378.150000, p=126539695.461184)

Warning: Density of water is only implemented for temperatures below 647K and pressures below 100MPa. (T = 378.150000, p=124527835.362655)

Warning: Density of water is only implemented for temperatures below 647K and pressures below 100MPa. (T = 378.150000, p=106055427.074050)

Warning: Density of water is only implemented for temperatures below 647K and pressures below 100MPa. (T = 378.150000, p=106055427.074050)

Warning: Density of water is only implemented for temperatures below 647K and pressures below 100MPa. (T = 378.150000, p=115480248.951200)

Warning: Density of water is only implemented for temperatures below 647K and pressures below 100MPa. (T = 378.150000, p=100161331.486991)

Warning: Density of water is only implemented for temperatures below 647K and pressures below 100MPa. (T = 378.150000, p=105511781.215057)

Warning: Density of water is only implemented for temperatures below 647K and pressures below 100MPa. (T = 378.150000, p=124086198.441216)

Warning: Density of water is only implemented for temperatures below 647K and pressures below 100MPa. (T = 378.150000, p=124086198.441216)

Warning: Density of water is only implemented for temperatures below 647K and pressures below 100MPa. (T = 378.150000, p=101590275.280807)

Warning: Density of water is only implemented for temperatures below 647K and pressures below 100MPa. (T = 378.150000, p=113998053.774282)

Warning: Density of water is only implemented for temperatures below 647K and pressures below 100MPa. (T = 378.150000, p=102330639.199116)

Warning: Density of water is only implemented for temperatures below 647K and pressures below 100MPa. (T = 378.150000, p=107787382.142157)

Warning: Density of water is only implemented for temperatures below 647K and pressures below 100MPa. (T = 378.150000, p=105002150.380355)

Warning: Density of water is only implemented for temperatures below 647K and pressures below 100MPa. (T = 378.150000, p=101737311.670606)

Warning: Density of water is only implemented for temperatures below 647K and pressures below 100MPa. (T = 378.150000, p=101737311.670606)

Warning: Density of water is only implemented for temperatures below 647K and pressures below 100MPa. (T = 378.150000, p=127649517.344584)

Warning: Density of water is only implemented for temperatures below 647K and pressures below 100MPa. (T = 378.150000, p=103884823.569086)

Warning: Density of water is only implemented for temperatures below 647K and pressures below 100MPa. (T = 378.150000, p=122599550.992897)

Warning: Density of water is only implemented for temperatures below 647K and pressures below 100MPa. (T = 378.150000, p=122599550.992897)

Warning: Density of water is only implemented for temperatures below 647K and pressures below 100MPa. (T = 378.150000, p=111164721.081423)

Warning: Density of water is only implemented for temperatures below 647K and pressures below 100MPa. (T = 378.150000, p=111164721.081423)

Warning: Density of water is only implemented for temperatures below 647K and pressures below 100MPa. (T = 378.150000, p=115173082.208138)

Warning: Density of water is only implemented for temperatures below 647K and pressures below 100MPa. (T = 378.150000, p=100604385.519817)

Warning: Density of water is only implemented for temperatures below 647K and pressures below 100MPa. (T = 378.150000, p=119864865.188036)

Warning: Density of water is only implemented for temperatures below 647K and pressures below 100MPa. (T = 378.150000, p=114765475.557647)

Warning: Density of water is only implemented for temperatures below 647K and pressures below 100MPa. (T = 378.150000, p=103109871.385176)

Warning: Density of water is only implemented for temperatures below 647K and pressures below 100MPa. (T = 378.150000, p=118302067.660126)

Warning: Density of water is only implemented for temperatures below 647K and pressures below 100MPa. (T = 378.150000, p=103797699.764145)

Warning: Density of water is only implemented for temperatures below 647K and pressures below 100MPa. (T = 378.150000, p=103797699.764145)

Warning: Density of water is only implemented for temperatures below 647K and pressures below 100MPa. (T = 378.150000, p=140132256.805325)

Warning: Density of water is only implemented for temperatures below 647K and pressures below 100MPa. (T = 378.150000, p=123516983.636573)

Warning: Density of water is only implemented for temperatures below 647K and pressures below 100MPa. (T = 378.150000, p=118765300.680486)

Warning: Density of water is only implemented for temperatures below 647K and pressures below 100MPa. (T = 378.150000, p=107669403.450682)

Warning: Density of water is only implemented for temperatures below 647K and pressures below 100MPa. (T = 378.150000, p=122678483.551186)

Warning: Density of water is only implemented for temperatures below 647K and pressures below 100MPa. (T = 378.150000, p=122678483.551186)

Warning: Density of water is only implemented for temperatures below 647K and pressures below 100MPa. (T = 378.150000, p=100083914.460341)

Warning: Density of water is only implemented for temperatures below 647K and pressures below 100MPa. (T = 378.150000, p=102613718.737788)

Warning: Density of water is only implemented for temperatures below 647K and pressures below 100MPa. (T = 378.150000, p=102613718.737788)

Warning: Density of water is only implemented for temperatures below 647K and pressures below 100MPa. (T = 378.150000, p=112503711.204327)

Warning: Density of water is only implemented for temperatures below 647K and pressures below 100MPa. (T = 378.150000, p=111364903.124962)

Warning: Density of water is only implemented for temperatures below 647K and pressures below 100MPa. (T = 378.150000, p=101044579.435041)

Warning: Density of water is only implemented for temperatures below 647K and pressures below 100MPa. (T = 378.150000, p=127640759.182981)

Warning: Density of water is only implemented for temperatures below 647K and pressures below 100MPa. (T = 378.150000, p=127640759.182981)

Warning: Density of water is only implemented for temperatures below 647K and pressures below 100MPa. (T = 378.150000, p=107931055.854698)

Warning: Density of water is only implemented for temperatures below 647K and pressures below 100MPa. (T = 378.150000, p=134677695.503615)

Warning: Density of water is only implemented for temperatures below 647K and pressures below 100MPa. (T = 378.150000, p=111397314.441609)

Warning: Density of water is only implemented for temperatures below 647K and pressures below 100MPa. (T = 378.150000, p=109206481.519220)

Warning: Density of water is only implemented for temperatures below 647K and pressures below 100MPa. (T = 378.150000, p=106634373.908489)

Warning: Density of water is only implemented for temperatures below 647K and pressures below 100MPa. (T = 378.150000, p=124426086.179625)

Warning: Density of water is only implemented for temperatures below 647K and pressures below 100MPa. (T = 378.150000, p=124426086.179625)

Warning: Density of water is only implemented for temperatures below 647K and pressures below 100MPa. (T = 378.150000, p=100913096.239085)

Warning: Density of water is only implemented for temperatures below 647K and pressures below 100MPa. (T = 378.150000, p=122574701.977870)

Warning: Density of water is only implemented for temperatures below 647K and pressures below 100MPa. (T = 378.150000, p=103199591.818378)

Warning: Density of water is only implemented for temperatures below 647K and pressures below 100MPa. (T = 378.150000, p=138738991.314098)

Warning: Density of water is only implemented for temperatures below 647K and pressures below 100MPa. (T = 378.150000, p=138738991.314098)

Warning: Density of water is only implemented for temperatures below 647K and pressures below 100MPa. (T = 378.150000, p=110765734.722201)

Warning: Density of water is only implemented for temperatures below 647K and pressures below 100MPa. (T = 378.150000, p=142238238.300623)

Warning: Density of water is only implemented for temperatures below 647K and pressures below 100MPa. (T = 378.150000, p=109808003.490478)

Warning: Density of water is only implemented for temperatures below 647K and pressures below 100MPa. (T = 378.150000, p=109808003.490478)

Warning: Density of water is only implemented for temperatures below 647K and pressures below 100MPa. (T = 378.150000, p=113968026.648380)

Warning: Density of water is only implemented for temperatures below 647K and pressures below 100MPa. (T = 378.150000, p=112231016.404340)

Warning: Density of water is only implemented for temperatures below 647K and pressures below 100MPa. (T = 378.150000, p=136145796.777443)

Warning: Density of water is only implemented for temperatures below 647K and pressures below 100MPa. (T = 378.150000, p=102884099.429798)

Warning: Density of water is only implemented for temperatures below 647K and pressures below 100MPa. (T = 378.150000, p=108415767.510279)

Warning: Density of water is only implemented for temperatures below 647K and pressures below 100MPa. (T = 378.150000, p=127131179.781097)

Warning: Density of water is only implemented for temperatures below 647K and pressures below 100MPa. (T = 378.150000, p=127131179.781097)

Warning: Density of water is only implemented for temperatures below 647K and pressures below 100MPa. (T = 378.150000, p=124568116.384312)

Warning: Density of water is only implemented for temperatures below 647K and pressures below 100MPa. (T = 378.150000, p=104430572.417944)

Warning: Density of water is only implemented for temperatures below 647K and pressures below 100MPa. (T = 378.150000, p=130907575.172531)

Warning: Density of water is only implemented for temperatures below 647K and pressures below 100MPa. (T = 378.150000, p=130907575.172531)

Warning: Density of water is only implemented for temperatures below 647K and pressures below 100MPa. (T = 378.150000, p=137895556.425709)

Warning: Density of water is only implemented for temperatures below 647K and pressures below 100MPa. (T = 378.150000, p=103084076.322256)

Warning: Density of water is only implemented for temperatures below 647K and pressures below 100MPa. (T = 378.150000, p=105411165.488185)

Warning: Density of water is only implemented for temperatures below 647K and pressures below 100MPa. (T = 378.150000, p=105411165.488185)

Warning: Density of water is only implemented for temperatures below 647K and pressures below 100MPa. (T = 378.150000, p=128013194.647147)

Warning: Density of water is only implemented for temperatures below 647K and pressures below 100MPa. (T = 378.150000, p=128404250.119064)

Warning: Density of water is only implemented for temperatures below 647K and pressures below 100MPa. (T = 378.150000, p=109457018.809967)

Warning: Density of water is only implemented for temperatures below 647K and pressures below 100MPa. (T = 378.150000, p=112505366.846534)

Warning: Density of water is only implemented for temperatures below 647K and pressures below 100MPa. (T = 378.150000, p=133501078.001933)

Warning: Density of water is only implemented for temperatures below 647K and pressures below 100MPa. (T = 378.150000, p=113688847.789324)

Warning: Density of water is only implemented for temperatures below 647K and pressures below 100MPa. (T = 378.150000, p=113688847.789324)

Warning: Density of water is only implemented for temperatures below 647K and pressures below 100MPa. (T = 378.150000, p=119176717.813848)

Warning: Density of water is only implemented for temperatures below 647K and pressures below 100MPa. (T = 378.150000, p=114778645.111912)

Warning: Density of water is only implemented for temperatures below 647K and pressures below 100MPa. (T = 378.150000, p=108410572.450255)

Warning: Density of water is only implemented for temperatures below 647K and pressures below 100MPa. (T = 378.150000, p=122342182.288596)

Warning: Density of water is only implemented for temperatures below 647K and pressures below 100MPa. (T = 378.150000, p=122342182.288596)

Warning: Density of water is only implemented for temperatures below 647K and pressures below 100MPa. (T = 378.150000, p=103305203.687670)

Warning: Density of water is only implemented for temperatures below 647K and pressures below 100MPa. (T = 378.150000, p=144830580.633188)

Warning: Density of water is only implemented for temperatures below 647K and pressures below 100MPa. (T = 378.150000, p=110810061.081705)

Warning: Density of water is only implemented for temperatures below 647K and pressures below 100MPa. (T = 378.150000, p=110810061.081705)

Warning: Density of water is only implemented for temperatures below 647K and pressures below 100MPa. (T = 378.150000, p=139397261.207348)

Warning: Density of water is only implemented for temperatures below 647K and pressures below 100MPa. (T = 378.150000, p=115776788.145061)

Warning: Density of water is only implemented for temperatures below 647K and pressures below 100MPa. (T = 378.150000, p=139103480.069895)

Warning: Density of water is only implemented for temperatures below 647K and pressures below 100MPa. (T = 378.150000, p=139103480.069895)

Warning: Density of water is only implemented for temperatures below 647K and pressures below 100MPa. (T = 378.150000, p=120230376.125556)

Warning: Density of water is only implemented for temperatures below 647K and pressures below 100MPa. (T = 378.150000, p=138232206.433248)

Warning: Density of water is only implemented for temperatures below 647K and pressures below 100MPa. (T = 378.150000, p=102385535.603327)

Warning: Density of water is only implemented for temperatures below 647K and pressures below 100MPa. (T = 378.150000, p=102385535.603327)

Warning: Density of water is only implemented for temperatures below 647K and pressures below 100MPa. (T = 378.150000, p=131511792.471167)

Warning: Density of water is only implemented for temperatures below 647K and pressures below 100MPa. (T = 378.150000, p=103917790.118275)

Warning: Density of water is only implemented for temperatures below 647K and pressures below 100MPa. (T = 378.150000, p=103917790.118275)

Warning: Density of water is only implemented for temperatures below 647K and pressures below 100MPa. (T = 378.150000, p=138539176.852727)

Warning: Density of water is only implemented for temperatures below 647K and pressures below 100MPa. (T = 378.150000, p=104162832.528543)

Warning: Density of water is only implemented for temperatures below 647K and pressures below 100MPa. (T = 378.150000, p=138060826.292588)

Warning: Density of water is only implemented for temperatures below 647K and pressures below 100MPa. (T = 378.150000, p=100491861.641716)

Warning: Density of water is only implemented for temperatures below 647K and pressures below 100MPa. (T = 378.150000, p=114576813.349133)

Warning: Density of water is only implemented for temperatures below 647K and pressures below 100MPa. (T = 378.150000, p=110844284.874997)

Warning: Density of water is only implemented for temperatures below 647K and pressures below 100MPa. (T = 378.150000, p=104046248.936243)

Warning: Density of water is only implemented for temperatures below 647K and pressures below 100MPa. (T = 378.150000, p=101092648.194387)

Warning: Density of water is only implemented for temperatures below 647K and pressures below 100MPa. (T = 378.150000, p=110494241.746658)

Warning: Density of water is only implemented for temperatures below 647K and pressures below 100MPa. (T = 378.150000, p=104869143.744921)

Warning: Density of water is only implemented for temperatures below 647K and pressures below 100MPa. (T = 378.150000, p=111507231.591001)

Warning: Density of water is only implemented for temperatures below 647K and pressures below 100MPa. (T = 378.150000, p=112688020.599976)

Warning: Density of water is only implemented for temperatures below 647K and pressures below 100MPa. (T = 378.150000, p=112653860.824121)

Warning: Density of water is only implemented for temperatures below 647K and pressures below 100MPa. (T = 378.150000, p=104948503.912447)

Warning: Density of water is only implemented for temperatures below 647K and pressures below 100MPa. (T = 378.150000, p=113985902.921518)

Warning: Density of water is only implemented for temperatures below 647K and pressures below 100MPa. (T = 378.150000, p=101412446.230414)

Warning: Density of water is only implemented for temperatures below 647K and pressures below 100MPa. (T = 378.150000, p=114870926.081619)

Warning: Density of water is only implemented for temperatures below 647K and pressures below 100MPa. (T = 378.150000, p=101664907.766012)

Warning: Density of water is only implemented for temperatures below 647K and pressures below 100MPa. (T = 378.150000, p=113883034.922604)

Warning: Density of water is only implemented for temperatures below 647K and pressures below 100MPa. (T = 378.150000, p=115437780.267086)

Warning: Density of water is only implemented for temperatures below 647K and pressures below 100MPa. (T = 378.150000, p=114255520.878296)

Warning: Density of water is only implemented for temperatures below 647K and pressures below 100MPa. (T = 378.150000, p=109890915.933408)

Warning: Density of water is only implemented for temperatures below 647K and pressures below 100MPa. (T = 378.150000, p=109890915.933408)

Warning: Density of water is only implemented for temperatures below 647K and pressures below 100MPa. (T = 378.150000, p=115302423.739971)

Warning: Density of water is only implemented for temperatures below 647K and pressures below 100MPa. (T = 378.150000, p=103433948.439720)

Warning: Density of water is only implemented for temperatures below 647K and pressures below 100MPa. (T = 378.150000, p=118701131.124036)

Warning: Density of water is only implemented for temperatures below 647K and pressures below 100MPa. (T = 378.150000, p=117585483.336145)

Warning: Density of water is only implemented for temperatures below 647K and pressures below 100MPa. (T = 378.150000, p=117585483.336145)

Warning: Density of water is only implemented for temperatures below 647K and pressures below 100MPa. (T = 378.150000, p=118031781.556590)

Warning: Density of water is only implemented for temperatures below 647K and pressures below 100MPa. (T = 378.150000, p=103689402.892619)

Warning: Density of water is only implemented for temperatures below 647K and pressures below 100MPa. (T = 378.150000, p=108801617.376935)

Warning: Density of water is only implemented for temperatures below 647K and pressures below 100MPa. (T = 378.150000, p=104263258.099222)

Warning: Density of water is only implemented for temperatures below 647K and pressures below 100MPa. (T = 378.150000, p=104263258.099222)

Warning: Density of water is only implemented for temperatures below 647K and pressures below 100MPa. (T = 378.150000, p=106852163.855719)

Warning: Density of water is only implemented for temperatures below 647K and pressures below 100MPa. (T = 378.150000, p=118168496.664799)

Warning: Density of water is only implemented for temperatures below 647K and pressures below 100MPa. (T = 378.150000, p=118168496.664799)

Warning: Density of water is only implemented for temperatures below 647K and pressures below 100MPa. (T = 378.150000, p=115114739.318770)

Warning: Density of water is only implemented for temperatures below 647K and pressures below 100MPa. (T = 378.150000, p=108362191.629802)

Warning: Density of water is only implemented for temperatures below 647K and pressures below 100MPa. (T = 378.150000, p=108362191.629802)

Warning: Density of water is only implemented for temperatures below 647K and pressures below 100MPa. (T = 378.150000, p=124405016.146453)

Warning: Density of water is only implemented for temperatures below 647K and pressures below 100MPa. (T = 378.150000, p=103554809.335586)

Warning: Density of water is only implemented for temperatures below 647K and pressures below 100MPa. (T = 378.150000, p=122755100.569471)

Warning: Density of water is only implemented for temperatures below 647K and pressures below 100MPa. (T = 378.150000, p=110595106.095985)

Warning: Density of water is only implemented for temperatures below 647K and pressures below 100MPa. (T = 378.150000, p=110595106.095985)

Warning: Density of water is only implemented for temperatures below 647K and pressures below 100MPa. (T = 378.150000, p=110946197.849101)

Warning: Density of water is only implemented for temperatures below 647K and pressures below 100MPa. (T = 378.150000, p=105184303.289688)

Warning: Density of water is only implemented for temperatures below 647K and pressures below 100MPa. (T = 378.150000, p=103059429.856295)

Warning: Density of water is only implemented for temperatures below 647K and pressures below 100MPa. (T = 378.150000, p=107305163.542350)

Warning: Density of water is only implemented for temperatures below 647K and pressures below 100MPa. (T = 378.150000, p=107305163.542350)

Warning: Density of water is only implemented for temperatures below 647K and pressures below 100MPa. (T = 378.150000, p=100076790.742350)

Warning: Density of water is only implemented for temperatures below 647K and pressures below 100MPa. (T = 378.150000, p=118029190.313003)

Warning: Density of water is only implemented for temperatures below 647K and pressures below 100MPa. (T = 378.150000, p=102964393.564447)

Warning: Density of water is only implemented for temperatures below 647K and pressures below 100MPa. (T = 378.150000, p=100635776.620240)

Warning: Density of water is only implemented for temperatures below 647K and pressures below 100MPa. (T = 378.150000, p=123998442.385142)

Warning: Density of water is only implemented for temperatures below 647K and pressures below 100MPa. (T = 378.150000, p=115974895.779077)

Warning: Density of water is only implemented for temperatures below 647K and pressures below 100MPa. (T = 378.150000, p=129209298.893989)

Warning: Density of water is only implemented for temperatures below 647K and pressures below 100MPa. (T = 378.150000, p=112227791.877061)

Warning: Density of water is only implemented for temperatures below 647K and pressures below 100MPa. (T = 378.150000, p=120914995.609422)

Warning: Density of water is only implemented for temperatures below 647K and pressures below 100MPa. (T = 378.150000, p=103009475.844607)

Warning: Density of water is only implemented for temperatures below 647K and pressures below 100MPa. (T = 378.150000, p=126898933.336138)

Warning: Density of water is only implemented for temperatures below 647K and pressures below 100MPa. (T = 378.150000, p=100742109.473340)

Warning: Density of water is only implemented for temperatures below 647K and pressures below 100MPa. (T = 378.150000, p=107502717.278249)

Warning: Density of water is only implemented for temperatures below 647K and pressures below 100MPa. (T = 378.150000, p=127855831.186246)

Warning: Density of water is only implemented for temperatures below 647K and pressures below 100MPa. (T = 378.150000, p=112139131.779005)

Warning: Density of water is only implemented for temperatures below 647K and pressures below 100MPa. (T = 378.150000, p=138082630.070897)

Warning: Density of water is only implemented for temperatures below 647K and pressures below 100MPa. (T = 378.150000, p=115493798.573753)

Warning: Density of water is only implemented for temperatures below 647K and pressures below 100MPa. (T = 378.150000, p=115493798.573753)

Warning: Density of water is only implemented for temperatures below 647K and pressures below 100MPa. (T = 378.150000, p=112945252.434888)

Warning: Density of water is only implemented for temperatures below 647K and pressures below 100MPa. (T = 378.150000, p=124814699.184353)

Warning: Density of water is only implemented for temperatures below 647K and pressures below 100MPa. (T = 378.150000, p=113279967.515945)

Warning: Density of water is only implemented for temperatures below 647K and pressures below 100MPa. (T = 378.150000, p=139554400.560517)

Warning: Density of water is only implemented for temperatures below 647K and pressures below 100MPa. (T = 378.150000, p=139554400.560517)

Warning: Density of water is only implemented for temperatures below 647K and pressures below 100MPa. (T = 378.150000, p=125190306.558156)

Warning: Density of water is only implemented for temperatures below 647K and pressures below 100MPa. (T = 378.150000, p=125190306.558156)

Warning: Density of water is only implemented for temperatures below 647K and pressures below 100MPa. (T = 378.150000, p=133698893.793089)

Warning: Density of water is only implemented for temperatures below 647K and pressures below 100MPa. (T = 378.150000, p=118249960.130301)

Warning: Density of water is only implemented for temperatures below 647K and pressures below 100MPa. (T = 378.150000, p=108691873.660536)

Warning: Density of water is only implemented for temperatures below 647K and pressures below 100MPa. (T = 378.150000, p=108691873.660536)

Warning: Density of water is only implemented for temperatures below 647K and pressures below 100MPa. (T = 378.150000, p=114840469.155265)

Warning: Density of water is only implemented for temperatures below 647K and pressures below 100MPa. (T = 378.150000, p=125038129.784300)

Warning: Density of water is only implemented for temperatures below 647K and pressures below 100MPa. (T = 378.150000, p=110739310.761024)

Warning: Density of water is only implemented for temperatures below 647K and pressures below 100MPa. (T = 378.150000, p=110739310.761024)

Warning: Density of water is only implemented for temperatures below 647K and pressures below 100MPa. (T = 378.150000, p=131726899.089525)

Warning: Density of water is only implemented for temperatures below 647K and pressures below 100MPa. (T = 378.150000, p=120954265.673920)

Warning: Density of water is only implemented for temperatures below 647K and pressures below 100MPa. (T = 378.150000, p=102985772.735374)

Warning: Density of water is only implemented for temperatures below 647K and pressures below 100MPa. (T = 378.150000, p=104042014.248244)

Warning: Density of water is only implemented for temperatures below 647K and pressures below 100MPa. (T = 378.150000, p=104042014.248244)

Warning: Density of water is only implemented for temperatures below 647K and pressures below 100MPa. (T = 378.150000, p=123212429.339678)

Warning: Density of water is only implemented for temperatures below 647K and pressures below 100MPa. (T = 378.150000, p=105127492.839485)

Warning: Density of water is only implemented for temperatures below 647K and pressures below 100MPa. (T = 378.150000, p=107605821.452897)

Warning: Density of water is only implemented for temperatures below 647K and pressures below 100MPa. (T = 378.150000, p=104884093.307364)

Warning: Density of water is only implemented for temperatures below 647K and pressures below 100MPa. (T = 378.150000, p=110501900.371027)

Warning: Density of water is only implemented for temperatures below 647K and pressures below 100MPa. (T = 378.150000, p=107824696.126029)

Warning: Density of water is only implemented for temperatures below 647K and pressures below 100MPa. (T = 378.150000, p=110311381.143050)

Warning: Density of water is only implemented for temperatures below 647K and pressures below 100MPa. (T = 378.150000, p=104889551.350411)

Warning: Density of water is only implemented for temperatures below 647K and pressures below 100MPa. (T = 378.150000, p=115776152.338835)

Warning: Density of water is only implemented for temperatures below 647K and pressures below 100MPa. (T = 378.150000, p=115776152.338835)

Warning: Density of water is only implemented for temperatures below 647K and pressures below 100MPa. (T = 378.150000, p=100011539.574080)

Warning: Density of water is only implemented for temperatures below 647K and pressures below 100MPa. (T = 378.150000, p=115776152.338835)

Warning: Density of water is only implemented for temperatures below 647K and pressures below 100MPa. (T = 378.150000, p=100011539.574080)

Warning: Density of water is only implemented for temperatures below 647K and pressures below 100MPa. (T = 378.150000, p=105579787.303192)

Warning: Density of water is only implemented for temperatures below 647K and pressures below 100MPa. (T = 378.150000, p=122211443.002994)

Warning: Density of water is only implemented for temperatures below 647K and pressures below 100MPa. (T = 378.150000, p=108777792.933189)

Warning: Density of water is only implemented for temperatures below 647K and pressures below 100MPa. (T = 378.150000, p=135457216.325234)

Warning: Density of water is only implemented for temperatures below 647K and pressures below 100MPa. (T = 378.150000, p=100484956.840907)

Warning: Density of water is only implemented for temperatures below 647K and pressures below 100MPa. (T = 378.150000, p=137886222.854994)

Warning: Density of water is only implemented for temperatures below 647K and pressures below 100MPa. (T = 378.150000, p=137886222.854994)

Warning: Density of water is only implemented for temperatures below 647K and pressures below 100MPa. (T = 378.150000, p=102668321.163619)

Warning: Density of water is only implemented for temperatures below 647K and pressures below 100MPa. (T = 378.150000, p=120482832.223976)

Warning: Density of water is only implemented for temperatures below 647K and pressures below 100MPa. (T = 378.150000, p=120482832.223976)

Warning: Density of water is only implemented for temperatures below 647K and pressures below 100MPa. (T = 378.150000, p=145170993.935208)

Warning: Density of water is only implemented for temperatures below 647K and pressures below 100MPa. (T = 378.150000, p=117483566.759301)

Warning: Density of water is only implemented for temperatures below 647K and pressures below 100MPa. (T = 378.150000, p=113103571.867692)

Warning: Density of water is only implemented for temperatures below 647K and pressures below 100MPa. (T = 378.150000, p=113103571.867692)

Warning: Density of water is only implemented for temperatures below 647K and pressures below 100MPa. (T = 378.150000, p=108420458.528467)

Warning: Density of water is only implemented for temperatures below 647K and pressures below 100MPa. (T = 378.150000, p=114202621.235092)

Warning: Density of water is only implemented for temperatures below 647K and pressures below 100MPa. (T = 378.150000, p=102247559.227966)

Warning: Density of water is only implemented for temperatures below 647K and pressures below 100MPa. (T = 378.150000, p=141792668.549986)

Warning: Density of water is only implemented for temperatures below 647K and pressures below 100MPa. (T = 378.150000, p=119771279.661859)

Warning: Density of water is only implemented for temperatures below 647K and pressures below 100MPa. (T = 378.150000, p=121378309.206916)

Warning: Density of water is only implemented for temperatures below 647K and pressures below 100MPa. (T = 378.150000, p=138485486.495745)

Warning: Density of water is only implemented for temperatures below 647K and pressures below 100MPa. (T = 378.150000, p=113673078.386410)

Warning: Density of water is only implemented for temperatures below 647K and pressures below 100MPa. (T = 378.150000, p=120714503.799521)

Warning: Density of water is only implemented for temperatures below 647K and pressures below 100MPa. (T = 378.150000, p=123849783.241038)

Warning: Density of water is only implemented for temperatures below 647K and pressures below 100MPa. (T = 378.150000, p=117356859.583646)

Warning: Density of water is only implemented for temperatures below 647K and pressures below 100MPa. (T = 378.150000, p=117315586.350237)

Warning: Density of water is only implemented for temperatures below 647K and pressures below 100MPa. (T = 378.150000, p=103344063.551792)

Warning: Density of water is only implemented for temperatures below 647K and pressures below 100MPa. (T = 378.150000, p=103344063.551792)

Warning: Density of water is only implemented for temperatures below 647K and pressures below 100MPa. (T = 378.150000, p=113120371.853972)

Warning: Density of water is only implemented for temperatures below 647K and pressures below 100MPa. (T = 378.150000, p=107184509.026067)

Warning: Density of water is only implemented for temperatures below 647K and pressures below 100MPa. (T = 378.150000, p=107184509.026067)

Warning: Density of water is only implemented for temperatures below 647K and pressures below 100MPa. (T = 378.150000, p=112469005.938949)

Warning: Density of water is only implemented for temperatures below 647K and pressures below 100MPa. (T = 378.150000, p=100634031.030759)

Warning: Density of water is only implemented for temperatures below 647K and pressures below 100MPa. (T = 378.150000, p=100634031.030759)

Warning: Density of water is only implemented for temperatures below 647K and pressures below 100MPa. (T = 378.150000, p=107090659.882072)

Warning: Density of water is only implemented for temperatures below 647K and pressures below 100MPa. (T = 378.150000, p=100950463.504983)

Warning: Density of water is only implemented for temperatures below 647K and pressures below 100MPa. (T = 378.150000, p=100950463.504983)

Warning: Density of water is only implemented for temperatures below 647K and pressures below 100MPa. (T = 378.150000, p=102633747.574155)

Warning: Density of water is only implemented for temperatures below 647K and pressures below 100MPa. (T = 378.150000, p=108740550.969612)

Warning: Density of water is only implemented for temperatures below 647K and pressures below 100MPa. (T = 378.150000, p=123198494.380609)

Warning: Density of water is only implemented for temperatures below 647K and pressures below 100MPa. (T = 378.150000, p=109321319.636023)

Warning: Density of water is only implemented for temperatures below 647K and pressures below 100MPa. (T = 378.150000, p=121785478.509219)

Warning: Density of water is only implemented for temperatures below 647K and pressures below 100MPa. (T = 378.150000, p=110569119.847936)

Warning: Density of water is only implemented for temperatures below 647K and pressures below 100MPa. (T = 378.150000, p=110569119.847936)

Warning: Density of water is only implemented for temperatures below 647K and pressures below 100MPa. (T = 378.150000, p=100265353.341598)

Warning: Density of water is only implemented for temperatures below 647K and pressures below 100MPa. (T = 378.150000, p=114595654.445221)

Warning: Density of water is only implemented for temperatures below 647K and pressures below 100MPa. (T = 378.150000, p=122729073.004344)

Warning: Density of water is only implemented for temperatures below 647K and pressures below 100MPa. (T = 378.150000, p=102039203.699499)

Warning: Density of water is only implemented for temperatures below 647K and pressures below 100MPa. (T = 378.150000, p=121617315.058700)

Warning: Density of water is only implemented for temperatures below 647K and pressures below 100MPa. (T = 378.150000, p=121617315.058700)

Warning: Density of water is only implemented for temperatures below 647K and pressures below 100MPa. (T = 378.150000, p=124825533.236168)

Warning: Density of water is only implemented for temperatures below 647K and pressures below 100MPa. (T = 378.150000, p=110497173.630440)

Warning: Density of water is only implemented for temperatures below 647K and pressures below 100MPa. (T = 378.150000, p=110497173.630440)

Warning: Density of water is only implemented for temperatures below 647K and pressures below 100MPa. (T = 378.150000, p=117331587.995735)

Warning: Density of water is only implemented for temperatures below 647K and pressures below 100MPa. (T = 378.150000, p=110831105.272736)

Warning: Density of water is only implemented for temperatures below 647K and pressures below 100MPa. (T = 378.150000, p=109408797.174073)

Warning: Density of water is only implemented for temperatures below 647K and pressures below 100MPa. (T = 378.150000, p=109408797.174073)

Warning: Density of water is only implemented for temperatures below 647K and pressures below 100MPa. (T = 378.150000, p=111719037.924514)

Warning: Density of water is only implemented for temperatures below 647K and pressures below 100MPa. (T = 378.150000, p=115363261.762521)

Warning: Density of water is only implemented for temperatures below 647K and pressures below 100MPa. (T = 378.150000, p=112752009.983859)

Warning: Density of water is only implemented for temperatures below 647K and pressures below 100MPa. (T = 378.150000, p=110839245.850845)

Warning: Density of water is only implemented for temperatures below 647K and pressures below 100MPa. (T = 378.150000, p=117664566.061882)

Warning: Density of water is only implemented for temperatures below 647K and pressures below 100MPa. (T = 378.150000, p=117664566.061882)

Warning: Density of water is only implemented for temperatures below 647K and pressures below 100MPa. (T = 378.150000, p=107382418.401059)

Warning: Density of water is only implemented for temperatures below 647K and pressures below 100MPa. (T = 378.150000, p=106472352.517415)

Warning: Density of water is only implemented for temperatures below 647K and pressures below 100MPa. (T = 378.150000, p=106472352.517415)

Warning: Density of water is only implemented for temperatures below 647K and pressures below 100MPa. (T = 378.150000, p=100181626.462219)

Warning: Density of water is only implemented for temperatures below 647K and pressures below 100MPa. (T = 378.150000, p=115418625.761852)

Warning: Density of water is only implemented for temperatures below 647K and pressures below 100MPa. (T = 378.150000, p=119629332.294717)

Warning: Density of water is only implemented for temperatures below 647K and pressures below 100MPa. (T = 378.150000, p=111876119.272652)

Warning: Density of water is only implemented for temperatures below 647K and pressures below 100MPa. (T = 378.150000, p=101156961.928710)

Warning: Density of water is only implemented for temperatures below 647K and pressures below 100MPa. (T = 378.150000, p=119512380.525150)

Warning: Density of water is only implemented for temperatures below 647K and pressures below 100MPa. (T = 378.150000, p=119512380.525150)

Warning: Density of water is only implemented for temperatures below 647K and pressures below 100MPa. (T = 378.150000, p=105281667.451452)

Warning: Density of water is only implemented for temperatures below 647K and pressures below 100MPa. (T = 378.150000, p=121437680.547063)

Warning: Density of water is only implemented for temperatures below 647K and pressures below 100MPa. (T = 378.150000, p=121437680.547063)

Warning: Density of water is only implemented for temperatures below 647K and pressures below 100MPa. (T = 378.150000, p=122041673.610387)

Warning: Density of water is only implemented for temperatures below 647K and pressures below 100MPa. (T = 378.150000, p=106784242.570246)

Warning: Density of water is only implemented for temperatures below 647K and pressures below 100MPa. (T = 378.150000, p=106784242.570246)

Warning: Density of water is only implemented for temperatures below 647K and pressures below 100MPa. (T = 378.150000, p=124380020.197244)

Warning: Density of water is only implemented for temperatures below 647K and pressures below 100MPa. (T = 378.150000, p=100925023.030249)

Warning: Density of water is only implemented for temperatures below 647K and pressures below 100MPa. (T = 378.150000, p=122993064.006098)

Warning: Density of water is only implemented for temperatures below 647K and pressures below 100MPa. (T = 378.150000, p=101050216.158899)

Warning: Density of water is only implemented for temperatures below 647K and pressures below 100MPa. (T = 378.150000, p=101050216.158899)

Warning: Density of water is only implemented for temperatures below 647K and pressures below 100MPa. (T = 378.150000, p=102892356.849880)

Warning: Density of water is only implemented for temperatures below 647K and pressures below 100MPa. (T = 378.150000, p=120589137.904169)

Warning: Density of water is only implemented for temperatures below 647K and pressures below 100MPa. (T = 378.150000, p=114876813.063856)

Warning: Density of water is only implemented for temperatures below 647K and pressures below 100MPa. (T = 378.150000, p=114876813.063856)

Warning: Density of water is only implemented for temperatures below 647K and pressures below 100MPa. (T = 378.150000, p=127114084.043806)

Warning: Density of water is only implemented for temperatures below 647K and pressures below 100MPa. (T = 378.150000, p=107437570.610768)

Warning: Density of water is only implemented for temperatures below 647K and pressures below 100MPa. (T = 378.150000, p=119578554.291324)

Warning: Density of water is only implemented for temperatures below 647K and pressures below 100MPa. (T = 378.150000, p=115349521.343486)

Warning: Density of water is only implemented for temperatures below 647K and pressures below 100MPa. (T = 378.150000, p=126315314.219622)

Warning: Density of water is only implemented for temperatures below 647K and pressures below 100MPa. (T = 378.150000, p=108328375.622266)

Warning: Density of water is only implemented for temperatures below 647K and pressures below 100MPa. (T = 378.150000, p=125850501.415820)

Warning: Density of water is only implemented for temperatures below 647K and pressures below 100MPa. (T = 378.150000, p=125850501.415820)

Warning: Density of water is only implemented for temperatures below 647K and pressures below 100MPa. (T = 378.150000, p=107503256.231359)

Warning: Density of water is only implemented for temperatures below 647K and pressures below 100MPa. (T = 378.150000, p=104206150.590073)

Warning: Density of water is only implemented for temperatures below 647K and pressures below 100MPa. (T = 378.150000, p=123544432.146368)

Warning: Density of water is only implemented for temperatures below 647K and pressures below 100MPa. (T = 378.150000, p=109668794.251648)

Warning: Density of water is only implemented for temperatures below 647K and pressures below 100MPa. (T = 378.150000, p=124190707.720762)

Warning: Density of water is only implemented for temperatures below 647K and pressures below 100MPa. (T = 378.150000, p=124190707.720762)

Warning: Density of water is only implemented for temperatures below 647K and pressures below 100MPa. (T = 378.150000, p=112851825.709404)

Warning: Density of water is only implemented for temperatures below 647K and pressures below 100MPa. (T = 378.150000, p=122408915.736542)

Warning: Density of water is only implemented for temperatures below 647K and pressures below 100MPa. (T = 378.150000, p=121463394.864207)

Warning: Density of water is only implemented for temperatures below 647K and pressures below 100MPa. (T = 378.150000, p=121463394.864207)

Warning: Density of water is only implemented for temperatures below 647K and pressures below 100MPa. (T = 378.150000, p=110134560.025892)

Warning: Density of water is only implemented for temperatures below 647K and pressures below 100MPa. (T = 378.150000, p=138669610.274300)

Warning: Density of water is only implemented for temperatures below 647K and pressures below 100MPa. (T = 378.150000, p=108463688.494690)

Warning: Density of water is only implemented for temperatures below 647K and pressures below 100MPa. (T = 378.150000, p=107905921.088800)

Warning: Density of water is only implemented for temperatures below 647K and pressures below 100MPa. (T = 378.150000, p=107905921.088800)

Warning: Density of water is only implemented for temperatures below 647K and pressures below 100MPa. (T = 378.150000, p=107200224.419150)

Warning: Density of water is only implemented for temperatures below 647K and pressures below 100MPa. (T = 378.150000, p=104083473.000027)

Warning: Density of water is only implemented for temperatures below 647K and pressures below 100MPa. (T = 378.150000, p=105556528.590104)

Warning: Density of water is only implemented for temperatures below 647K and pressures below 100MPa. (T = 378.150000, p=105556528.590104)

Warning: Density of water is only implemented for temperatures below 647K and pressures below 100MPa. (T = 378.150000, p=122635773.943548)

Warning: Density of water is only implemented for temperatures below 647K and pressures below 100MPa. (T = 378.150000, p=118295317.179047)

Warning: Density of water is only implemented for temperatures below 647K and pressures below 100MPa. (T = 378.150000, p=129046578.006927)

Warning: Density of water is only implemented for temperatures below 647K and pressures below 100MPa. (T = 378.150000, p=116190799.665020)

Warning: Density of water is only implemented for temperatures below 647K and pressures below 100MPa. (T = 378.150000, p=141306940.671599)

Warning: Density of water is only implemented for temperatures below 647K and pressures below 100MPa. (T = 378.150000, p=135872059.639073)

Warning: Density of water is only implemented for temperatures below 647K and pressures below 100MPa. (T = 378.150000, p=135872059.639073)

Warning: Density of water is only implemented for temperatures below 647K and pressures below 100MPa. (T = 378.150000, p=116052568.127598)

Warning: Density of water is only implemented for temperatures below 647K and pressures below 100MPa. (T = 378.150000, p=122608303.402446)

Warning: Density of water is only implemented for temperatures below 647K and pressures below 100MPa. (T = 378.150000, p=112829841.875258)

Warning: Density of water is only implemented for temperatures below 647K and pressures below 100MPa. (T = 378.150000, p=107345558.191009)

Warning: Density of water is only implemented for temperatures below 647K and pressures below 100MPa. (T = 378.150000, p=107345558.191009)

Warning: Density of water is only implemented for temperatures below 647K and pressures below 100MPa. (T = 378.150000, p=102917053.744703)

Warning: Density of water is only implemented for temperatures below 647K and pressures below 100MPa. (T = 378.150000, p=105937405.791668)

Warning: Density of water is only implemented for temperatures below 647K and pressures below 100MPa. (T = 378.150000, p=103332600.280718)

Warning: Density of water is only implemented for temperatures below 647K and pressures below 100MPa. (T = 378.150000, p=103332600.280718)

Warning: Density of water is only implemented for temperatures below 647K and pressures below 100MPa. (T = 378.150000, p=115981256.123381)

Warning: Density of water is only implemented for temperatures below 647K and pressures below 100MPa. (T = 378.150000, p=143279083.551730)

Warning: Density of water is only implemented for temperatures below 647K and pressures below 100MPa. (T = 378.150000, p=107951900.584986)

Warning: Density of water is only implemented for temperatures below 647K and pressures below 100MPa. (T = 378.150000, p=107951900.584986)

Warning: Density of water is only implemented for temperatures below 647K and pressures below 100MPa. (T = 378.150000, p=142740680.240991)

Warning: Density of water is only implemented for temperatures below 647K and pressures below 100MPa. (T = 378.150000, p=117929686.358340)

Warning: Density of water is only implemented for temperatures below 647K and pressures below 100MPa. (T = 378.150000, p=117929686.358340)

Warning: Density of water is only implemented for temperatures below 647K and pressures below 100MPa. (T = 378.150000, p=107434246.135197)

Warning: Density of water is only implemented for temperatures below 647K and pressures below 100MPa. (T = 378.150000, p=116826247.014857)

Warning: Density of water is only implemented for temperatures below 647K and pressures below 100MPa. (T = 378.150000, p=116826247.014857)

Warning: Density of water is only implemented for temperatures below 647K and pressures below 100MPa. (T = 378.150000, p=108210895.311035)

Warning: Density of water is only implemented for temperatures below 647K and pressures below 100MPa. (T = 378.150000, p=114420667.057677)

Warning: Density of water is only implemented for temperatures below 647K and pressures below 100MPa. (T = 378.150000, p=113187525.616454)

Warning: Density of water is only implemented for temperatures below 647K and pressures below 100MPa. (T = 378.150000, p=109356959.801026)

Warning: Density of water is only implemented for temperatures below 647K and pressures below 100MPa. (T = 378.150000, p=109356959.801026)

Warning: Density of water is only implemented for temperatures below 647K and pressures below 100MPa. (T = 378.150000, p=119710239.566893)

Warning: Density of water is only implemented for temperatures below 647K and pressures below 100MPa. (T = 378.150000, p=106435458.434332)

Warning: Density of water is only implemented for temperatures below 647K and pressures below 100MPa. (T = 378.150000, p=142202353.326194)

Warning: Density of water is only implemented for temperatures below 647K and pressures below 100MPa. (T = 378.150000, p=142202353.326194)

Warning: Density of water is only implemented for temperatures below 647K and pressures below 100MPa. (T = 378.150000, p=128928744.124162)

Warning: Density of water is only implemented for temperatures below 647K and pressures below 100MPa. (T = 378.150000, p=140373991.441888)

Warning: Density of water is only implemented for temperatures below 647K and pressures below 100MPa. (T = 378.150000, p=124798035.752476)

Warning: Density of water is only implemented for temperatures below 647K and pressures below 100MPa. (T = 378.150000, p=124798035.752476)

Warning: Density of water is only implemented for temperatures below 647K and pressures below 100MPa. (T = 378.150000, p=137959670.390430)

Warning: Density of water is only implemented for temperatures below 647K and pressures below 100MPa. (T = 378.150000, p=112691012.042556)

Warning: Density of water is only implemented for temperatures below 647K and pressures below 100MPa. (T = 378.150000, p=109580312.121348)

Warning: Density of water is only implemented for temperatures below 647K and pressures below 100MPa. (T = 378.150000, p=109580312.121348)

Warning: Density of water is only implemented for temperatures below 647K and pressures below 100MPa. (T = 378.150000, p=111577795.070215)

Warning: Density of water is only implemented for temperatures below 647K and pressures below 100MPa. (T = 378.150000, p=100019144.951753)

Warning: Density of water is only implemented for temperatures below 647K and pressures below 100MPa. (T = 378.150000, p=103288613.888876)

Warning: Density of water is only implemented for temperatures below 647K and pressures below 100MPa. (T = 378.150000, p=126422274.136644)

Warning: Density of water is only implemented for temperatures below 647K and pressures below 100MPa. (T = 378.150000, p=100497947.725387)

Warning: Density of water is only implemented for temperatures below 647K and pressures below 100MPa. (T = 378.150000, p=100497947.725387)

Warning: Density of water is only implemented for temperatures below 647K and pressures below 100MPa. (T = 378.150000, p=150976391.143745)

Warning: Density of water is only implemented for temperatures below 647K and pressures below 100MPa. (T = 378.150000, p=102070517.988248)

Warning: Density of water is only implemented for temperatures below 647K and pressures below 100MPa. (T = 378.150000, p=144172218.784130)

Warning: Density of water is only implemented for temperatures below 647K and pressures below 100MPa. (T = 378.150000, p=142179228.906181)

Warning: Density of water is only implemented for temperatures below 647K and pressures below 100MPa. (T = 378.150000, p=111444680.659199)

Warning: Density of water is only implemented for temperatures below 647K and pressures below 100MPa. (T = 378.150000, p=137192048.841409)

Warning: Density of water is only implemented for temperatures below 647K and pressures below 100MPa. (T = 378.150000, p=137192048.841409)

Warning: Density of water is only implemented for temperatures below 647K and pressures below 100MPa. (T = 378.150000, p=108605373.020965)

Warning: Density of water is only implemented for temperatures below 647K and pressures below 100MPa. (T = 378.150000, p=112671166.270529)

Warning: Density of water is only implemented for temperatures below 647K and pressures below 100MPa. (T = 378.150000, p=124589105.460640)

Warning: Density of water is only implemented for temperatures below 647K and pressures below 100MPa. (T = 378.150000, p=124589105.460640)

Warning: Density of water is only implemented for temperatures below 647K and pressures below 100MPa. (T = 378.150000, p=113822761.704278)

Warning: Density of water is only implemented for temperatures below 647K and pressures below 100MPa. (T = 378.150000, p=146440974.572745)

Warning: Density of water is only implemented for temperatures below 647K and pressures below 100MPa. (T = 378.150000, p=120794168.396312)

Warning: Density of water is only implemented for temperatures below 647K and pressures below 100MPa. (T = 378.150000, p=112960698.899709)

Warning: Density of water is only implemented for temperatures below 647K and pressures below 100MPa. (T = 378.150000, p=112960698.899709)

Warning: Density of water is only implemented for temperatures below 647K and pressures below 100MPa. (T = 378.150000, p=138709594.587603)

Warning: Density of water is only implemented for temperatures below 647K and pressures below 100MPa. (T = 378.150000, p=107362549.137817)

Warning: Density of water is only implemented for temperatures below 647K and pressures below 100MPa. (T = 378.150000, p=125377199.810255)

Warning: Density of water is only implemented for temperatures below 647K and pressures below 100MPa. (T = 378.150000, p=125377199.810255)

Warning: Density of water is only implemented for temperatures below 647K and pressures below 100MPa. (T = 378.150000, p=128270069.337363)

Warning: Density of water is only implemented for temperatures below 647K and pressures below 100MPa. (T = 378.150000, p=128270069.337363)

Warning: Density of water is only implemented for temperatures below 647K and pressures below 100MPa. (T = 378.150000, p=139430086.034222)

Warning: Density of water is only implemented for temperatures below 647K and pressures below 100MPa. (T = 378.150000, p=121717634.497623)

Warning: Density of water is only implemented for temperatures below 647K and pressures below 100MPa. (T = 378.150000, p=138427757.950362)

Warning: Density of water is only implemented for temperatures below 647K and pressures below 100MPa. (T = 378.150000, p=138427757.950362)

Warning: Density of water is only implemented for temperatures below 647K and pressures below 100MPa. (T = 378.150000, p=113443876.588511)

Warning: Density of water is only implemented for temperatures below 647K and pressures below 100MPa. (T = 378.150000, p=131257191.249034)

Warning: Density of water is only implemented for temperatures below 647K and pressures below 100MPa. (T = 378.150000, p=105420611.652584)

Warning: Density of water is only implemented for temperatures below 647K and pressures below 100MPa. (T = 378.150000, p=100091546.491237)

Warning: Density of water is only implemented for temperatures below 647K and pressures below 100MPa. (T = 378.150000, p=126790350.883902)

Warning: Density of water is only implemented for temperatures below 647K and pressures below 100MPa. (T = 378.150000, p=138543747.066484)

Warning: Density of water is only implemented for temperatures below 647K and pressures below 100MPa. (T = 378.150000, p=138543747.066484)

Warning: Density of water is only implemented for temperatures below 647K and pressures below 100MPa. (T = 378.150000, p=120579615.756014)

Warning: Density of water is only implemented for temperatures below 647K and pressures below 100MPa. (T = 378.150000, p=139149389.840146)

Warning: Density of water is only implemented for temperatures below 647K and pressures below 100MPa. (T = 378.150000, p=139149389.840146)

Warning: Density of water is only implemented for temperatures below 647K and pressures below 100MPa. (T = 378.150000, p=119157409.813159)

Warning: Density of water is only implemented for temperatures below 647K and pressures below 100MPa. (T = 378.150000, p=138101794.257775)

Warning: Density of water is only implemented for temperatures below 647K and pressures below 100MPa. (T = 378.150000, p=114093381.441894)

Warning: Density of water is only implemented for temperatures below 647K and pressures below 100MPa. (T = 378.150000, p=112415642.706171)

Warning: Density of water is only implemented for temperatures below 647K and pressures below 100MPa. (T = 378.150000, p=122123964.653541)

Warning: Density of water is only implemented for temperatures below 647K and pressures below 100MPa. (T = 378.150000, p=104653150.643266)

Warning: Density of water is only implemented for temperatures below 647K and pressures below 100MPa. (T = 378.150000, p=134196417.272139)

Warning: Density of water is only implemented for temperatures below 647K and pressures below 100MPa. (T = 378.150000, p=134196417.272139)

Warning: Density of water is only implemented for temperatures below 647K and pressures below 100MPa. (T = 378.150000, p=104751792.568561)

Warning: Density of water is only implemented for temperatures below 647K and pressures below 100MPa. (T = 378.150000, p=125477513.732354)

Warning: Density of water is only implemented for temperatures below 647K and pressures below 100MPa. (T = 378.150000, p=121395709.894479)

Warning: Density of water is only implemented for temperatures below 647K and pressures below 100MPa. (T = 378.150000, p=111176882.204904)

Warning: Density of water is only implemented for temperatures below 647K and pressures below 100MPa. (T = 378.150000, p=109530207.091149)

Warning: Density of water is only implemented for temperatures below 647K and pressures below 100MPa. (T = 378.150000, p=107900630.515436)

Warning: Density of water is only implemented for temperatures below 647K and pressures below 100MPa. (T = 378.150000, p=113530130.327835)

Warning: Density of water is only implemented for temperatures below 647K and pressures below 100MPa. (T = 378.150000, p=102826996.179607)

Warning: Density of water is only implemented for temperatures below 647K and pressures below 100MPa. (T = 378.150000, p=114372370.102559)

Warning: Density of water is only implemented for temperatures below 647K and pressures below 100MPa. (T = 378.150000, p=104077817.975721)

Warning: Density of water is only implemented for temperatures below 647K and pressures below 100MPa. (T = 378.150000, p=112419220.336386)

Warning: Density of water is only implemented for temperatures below 647K and pressures below 100MPa. (T = 378.150000, p=106162201.978038)

Warning: Density of water is only implemented for temperatures below 647K and pressures below 100MPa. (T = 378.150000, p=122213175.141902)

Warning: Density of water is only implemented for temperatures below 647K and pressures below 100MPa. (T = 378.150000, p=106191677.935821)

Warning: Density of water is only implemented for temperatures below 647K and pressures below 100MPa. (T = 378.150000, p=106191677.935821)

Warning: Density of water is only implemented for temperatures below 647K and pressures below 100MPa. (T = 378.150000, p=108099333.470223)

Warning: Density of water is only implemented for temperatures below 647K and pressures below 100MPa. (T = 378.150000, p=107369629.825916)

Warning: Density of water is only implemented for temperatures below 647K and pressures below 100MPa. (T = 378.150000, p=107369629.825916)

Warning: Density of water is only implemented for temperatures below 647K and pressures below 100MPa. (T = 378.150000, p=118681702.197982)

Warning: Density of water is only implemented for temperatures below 647K and pressures below 100MPa. (T = 378.150000, p=100075744.413519)

Warning: Density of water is only implemented for temperatures below 647K and pressures below 100MPa. (T = 378.150000, p=127754673.296486)

Warning: Density of water is only implemented for temperatures below 647K and pressures below 100MPa. (T = 378.150000, p=127754673.296486)

Warning: Density of water is only implemented for temperatures below 647K and pressures below 100MPa. (T = 378.150000, p=107319869.618034)

Warning: Density of water is only implemented for temperatures below 647K and pressures below 100MPa. (T = 378.150000, p=120493383.316296)

Warning: Density of water is only implemented for temperatures below 647K and pressures below 100MPa. (T = 378.150000, p=107616937.373080)

Warning: Density of water is only implemented for temperatures below 647K and pressures below 100MPa. (T = 378.150000, p=107616937.373080)

Warning: Density of water is only implemented for temperatures below 647K and pressures below 100MPa. (T = 378.150000, p=114180199.572926)

Warning: Density of water is only implemented for temperatures below 647K and pressures below 100MPa. (T = 378.150000, p=108375623.394334)

Warning: Density of water is only implemented for temperatures below 647K and pressures below 100MPa. (T = 378.150000, p=114423766.538532)

Warning: Density of water is only implemented for temperatures below 647K and pressures below 100MPa. (T = 378.150000, p=107099281.265082)

Warning: Density of water is only implemented for temperatures below 647K and pressures below 100MPa. (T = 378.150000, p=107099281.265082)

Warning: Density of water is only implemented for temperatures below 647K and pressures below 100MPa. (T = 378.150000, p=105955945.216046)

Warning: Density of water is only implemented for temperatures below 647K and pressures below 100MPa. (T = 378.150000, p=104286672.402939)

Warning: Density of water is only implemented for temperatures below 647K and pressures below 100MPa. (T = 378.150000, p=124450601.336102)

Warning: Density of water is only implemented for temperatures below 647K and pressures below 100MPa. (T = 378.150000, p=112861652.403682)

Warning: Density of water is only implemented for temperatures below 647K and pressures below 100MPa. (T = 378.150000, p=104355596.067925)

Warning: Density of water is only implemented for temperatures below 647K and pressures below 100MPa. (T = 378.150000, p=104355596.067925)

Warning: Density of water is only implemented for temperatures below 647K and pressures below 100MPa. (T = 378.150000, p=108848582.570552)

Warning: Density of water is only implemented for temperatures below 647K and pressures below 100MPa. (T = 378.150000, p=125391139.948096)

Warning: Density of water is only implemented for temperatures below 647K and pressures below 100MPa. (T = 378.150000, p=114906809.718815)

Warning: Density of water is only implemented for temperatures below 647K and pressures below 100MPa. (T = 378.150000, p=119845666.705061)

Warning: Density of water is only implemented for temperatures below 647K and pressures below 100MPa. (T = 378.150000, p=120570701.042354)

Warning: Density of water is only implemented for temperatures below 647K and pressures below 100MPa. (T = 378.150000, p=120570701.042354)

Warning: Density of water is only implemented for temperatures below 647K and pressures below 100MPa. (T = 378.150000, p=102958408.519044)

Warning: Density of water is only implemented for temperatures below 647K and pressures below 100MPa. (T = 378.150000, p=122375298.244074)

Warning: Density of water is only implemented for temperatures below 647K and pressures below 100MPa. (T = 378.150000, p=122375298.244074)

Warning: Density of water is only implemented for temperatures below 647K and pressures below 100MPa. (T = 378.150000, p=107007681.633522)

Warning: Density of water is only implemented for temperatures below 647K and pressures below 100MPa. (T = 378.150000, p=117415328.143911)

Warning: Density of water is only implemented for temperatures below 647K and pressures below 100MPa. (T = 378.150000, p=100976656.134614)

Warning: Density of water is only implemented for temperatures below 647K and pressures below 100MPa. (T = 378.150000, p=100976656.134614)

Warning: Density of water is only implemented for temperatures below 647K and pressures below 100MPa. (T = 378.150000, p=125345323.189602)

Warning: Density of water is only implemented for temperatures below 647K and pressures below 100MPa. (T = 378.150000, p=118585866.045956)

Warning: Density of water is only implemented for temperatures below 647K and pressures below 100MPa. (T = 378.150000, p=108255907.508646)

Warning: Density of water is only implemented for temperatures below 647K and pressures below 100MPa. (T = 378.150000, p=118634759.218302)

Warning: Density of water is only implemented for temperatures below 647K and pressures below 100MPa. (T = 378.150000, p=118634759.218302)

Warning: Density of water is only implemented for temperatures below 647K and pressures below 100MPa. (T = 378.150000, p=113860664.191456)

Warning: Density of water is only implemented for temperatures below 647K and pressures below 100MPa. (T = 378.150000, p=125339459.256681)

Warning: Density of water is only implemented for temperatures below 647K and pressures below 100MPa. (T = 378.150000, p=125339459.256681)

Warning: Density of water is only implemented for temperatures below 647K and pressures below 100MPa. (T = 378.150000, p=118438307.535156)

Warning: Density of water is only implemented for temperatures below 647K and pressures below 100MPa. (T = 378.150000, p=107338997.027639)

Warning: Density of water is only implemented for temperatures below 647K and pressures below 100MPa. (T = 378.150000, p=110389020.982014)

Warning: Density of water is only implemented for temperatures below 647K and pressures below 100MPa. (T = 378.150000, p=110362006.323372)

Warning: Density of water is only implemented for temperatures below 647K and pressures below 100MPa. (T = 378.150000, p=107087187.931644)

Warning: Density of water is only implemented for temperatures below 647K and pressures below 100MPa. (T = 378.150000, p=107087187.931644)

Warning: Density of water is only implemented for temperatures below 647K and pressures below 100MPa. (T = 378.150000, p=118323972.492018)

Warning: Density of water is only implemented for temperatures below 647K and pressures below 100MPa. (T = 378.150000, p=106947410.564280)

Warning: Density of water is only implemented for temperatures below 647K and pressures below 100MPa. (T = 378.150000, p=138239130.291427)

Warning: Density of water is only implemented for temperatures below 647K and pressures below 100MPa. (T = 378.150000, p=105959030.085834)

Warning: Density of water is only implemented for temperatures below 647K and pressures below 100MPa. (T = 378.150000, p=105959030.085834)

Warning: Density of water is only implemented for temperatures below 647K and pressures below 100MPa. (T = 378.150000, p=132370233.694286)

Warning: Density of water is only implemented for temperatures below 647K and pressures below 100MPa. (T = 378.150000, p=102390670.312921)

Warning: Density of water is only implemented for temperatures below 647K and pressures below 100MPa. (T = 378.150000, p=125000178.912510)

Warning: Density of water is only implemented for temperatures below 647K and pressures below 100MPa. (T = 378.150000, p=106849106.233948)

Warning: Density of water is only implemented for temperatures below 647K and pressures below 100MPa. (T = 378.150000, p=120797585.232472)

Warning: Density of water is only implemented for temperatures below 647K and pressures below 100MPa. (T = 378.150000, p=120797585.232472)

Warning: Density of water is only implemented for temperatures below 647K and pressures below 100MPa. (T = 378.150000, p=106147867.026189)

Warning: Density of water is only implemented for temperatures below 647K and pressures below 100MPa. (T = 378.150000, p=107023000.564972)

Warning: Density of water is only implemented for temperatures below 647K and pressures below 100MPa. (T = 378.150000, p=120424610.083135)

Warning: Density of water is only implemented for temperatures below 647K and pressures below 100MPa. (T = 378.150000, p=126637260.202648)

Warning: Density of water is only implemented for temperatures below 647K and pressures below 100MPa. (T = 378.150000, p=140382988.855566)

Warning: Density of water is only implemented for temperatures below 647K and pressures below 100MPa. (T = 378.150000, p=100485887.176893)

Warning: Density of water is only implemented for temperatures below 647K and pressures below 100MPa. (T = 378.150000, p=117881709.525861)

Warning: Density of water is only implemented for temperatures below 647K and pressures below 100MPa. (T = 378.150000, p=117881709.525861)

Warning: Density of water is only implemented for temperatures below 647K and pressures below 100MPa. (T = 378.150000, p=110534857.267032)

Warning: Density of water is only implemented for temperatures below 647K and pressures below 100MPa. (T = 378.150000, p=104383448.085596)

Warning: Density of water is only implemented for temperatures below 647K and pressures below 100MPa. (T = 378.150000, p=166299932.245939)

Warning: Density of water is only implemented for temperatures below 647K and pressures below 100MPa. (T = 378.150000, p=116474132.038853)

Warning: Density of water is only implemented for temperatures below 647K and pressures below 100MPa. (T = 378.150000, p=139779512.356171)

Warning: Density of water is only implemented for temperatures below 647K and pressures below 100MPa. (T = 378.150000, p=139779512.356171)

Warning: Density of water is only implemented for temperatures below 647K and pressures below 100MPa. (T = 378.150000, p=122263500.022284)

Warning: Density of water is only implemented for temperatures below 647K and pressures below 100MPa. (T = 378.150000, p=122289647.936313)

Warning: Density of water is only implemented for temperatures below 647K and pressures below 100MPa. (T = 378.150000, p=138470374.726909)

Warning: Density of water is only implemented for temperatures below 647K and pressures below 100MPa. (T = 378.150000, p=142839614.111504)

Warning: Density of water is only implemented for temperatures below 647K and pressures below 100MPa. (T = 378.150000, p=142996825.263726)

Warning: Density of water is only implemented for temperatures below 647K and pressures below 100MPa. (T = 378.150000, p=100600997.966208)

Warning: Density of water is only implemented for temperatures below 647K and pressures below 100MPa. (T = 378.150000, p=119377945.125459)

Warning: Density of water is only implemented for temperatures below 647K and pressures below 100MPa. (T = 378.150000, p=106222519.610091)

Warning: Density of water is only implemented for temperatures below 647K and pressures below 100MPa. (T = 378.150000, p=106222519.610091)

Warning: Density of water is only implemented for temperatures below 647K and pressures below 100MPa. (T = 378.150000, p=128338487.396383)

Warning: Density of water is only implemented for temperatures below 647K and pressures below 100MPa. (T = 378.150000, p=110725816.968372)

Warning: Density of water is only implemented for temperatures below 647K and pressures below 100MPa. (T = 378.150000, p=108552306.437243)

Warning: Density of water is only implemented for temperatures below 647K and pressures below 100MPa. (T = 378.150000, p=117380307.044458)

Warning: Density of water is only implemented for temperatures below 647K and pressures below 100MPa. (T = 378.150000, p=143116400.124206)

Warning: Density of water is only implemented for temperatures below 647K and pressures below 100MPa. (T = 378.150000, p=144678505.650370)

Warning: Density of water is only implemented for temperatures below 647K and pressures below 100MPa. (T = 378.150000, p=138117610.243336)

Warning: Density of water is only implemented for temperatures below 647K and pressures below 100MPa. (T = 378.150000, p=120383688.656852)

Warning: Density of water is only implemented for temperatures below 647K and pressures below 100MPa. (T = 378.150000, p=143316272.264136)

Warning: Density of water is only implemented for temperatures below 647K and pressures below 100MPa. (T = 378.150000, p=105153699.760982)

Warning: Density of water is only implemented for temperatures below 647K and pressures below 100MPa. (T = 378.150000, p=147931154.341712)

Warning: Density of water is only implemented for temperatures below 647K and pressures below 100MPa. (T = 378.150000, p=101923158.309607)

Warning: Density of water is only implemented for temperatures below 647K and pressures below 100MPa. (T = 378.150000, p=137361901.373678)

Warning: Density of water is only implemented for temperatures below 647K and pressures below 100MPa. (T = 378.150000, p=108398109.140587)

Warning: Density of water is only implemented for temperatures below 647K and pressures below 100MPa. (T = 378.150000, p=135892273.409762)

Warning: Density of water is only implemented for temperatures below 647K and pressures below 100MPa. (T = 378.150000, p=122002948.622202)

Warning: Density of water is only implemented for temperatures below 647K and pressures below 100MPa. (T = 378.150000, p=112389536.131490)

Warning: Density of water is only implemented for temperatures below 647K and pressures below 100MPa. (T = 378.150000, p=112389536.131490)

Warning: Density of water is only implemented for temperatures below 647K and pressures below 100MPa. (T = 378.150000, p=119934407.521178)

Warning: Density of water is only implemented for temperatures below 647K and pressures below 100MPa. (T = 378.150000, p=102951253.312242)

Warning: Density of water is only implemented for temperatures below 647K and pressures below 100MPa. (T = 378.150000, p=113641178.771290)

Warning: Density of water is only implemented for temperatures below 647K and pressures below 100MPa. (T = 378.150000, p=113641178.771290)
Warning: Density of water is only implemented for temperatures below 647K and pressures below 100MPa. (T = 378.150000, p=120145829.983707)

Warning: Density of water is only implemented for temperatures below 647K and pressures below 100MPa. (T = 378.150000, p=118290184.786630)

Warning: Density of water is only implemented for temperatures below 647K and pressures below 100MPa. (T = 378.150000, p=118290184.786630)

Warning: Density of water is only implemented for temperatures below 647K and pressures below 100MPa. (T = 378.150000, p=139263970.739351)

Warning: Density of water is only implemented for temperatures below 647K and pressures below 100MPa. (T = 378.150000, p=119736520.695021)

Warning: Density of water is only implemented for temperatures below 647K and pressures below 100MPa. (T = 378.150000, p=137655179.379029)

Warning: Density of water is only implemented for temperatures below 647K and pressures below 100MPa. (T = 378.150000, p=137655179.379029)

Warning: Density of water is only implemented for temperatures below 647K and pressures below 100MPa. (T = 378.150000, p=123032328.068342)

Warning: Density of water is only implemented for temperatures below 647K and pressures below 100MPa. (T = 378.150000, p=138884741.827076)

Warning: Density of water is only implemented for temperatures below 647K and pressures below 100MPa. (T = 378.150000, p=110451168.807228)

Warning: Density of water is only implemented for temperatures below 647K and pressures below 100MPa. (T = 378.150000, p=110451168.807228)

Warning: Density of water is only implemented for temperatures below 647K and pressures below 100MPa. (T = 378.150000, p=137927274.004677)

Warning: Density of water is only implemented for temperatures below 647K and pressures below 100MPa. (T = 378.150000, p=130566523.063083)

Warning: Density of water is only implemented for temperatures below 647K and pressures below 100MPa. (T = 378.150000, p=137248599.820146)

Warning: Density of water is only implemented for temperatures below 647K and pressures below 100MPa. (T = 378.150000, p=137248599.820146)

Warning: Density of water is only implemented for temperatures below 647K and pressures below 100MPa. (T = 378.150000, p=139649679.662932)

Warning: Density of water is only implemented for temperatures below 647K and pressures below 100MPa. (T = 378.150000, p=104522099.657352)

Warning: Density of water is only implemented for temperatures below 647K and pressures below 100MPa. (T = 378.150000, p=141158425.206880)

Warning: Density of water is only implemented for temperatures below 647K and pressures below 100MPa. (T = 378.150000, p=147518030.448446)

Warning: Density of water is only implemented for temperatures below 647K and pressures below 100MPa. (T = 378.150000, p=142388844.257196)

Warning: Density of water is only implemented for temperatures below 647K and pressures below 100MPa. (T = 378.150000, p=146140439.498440)

Warning: Density of water is only implemented for temperatures below 647K and pressures below 100MPa. (T = 378.150000, p=102546924.919572)

Warning: Density of water is only implemented for temperatures below 647K and pressures below 100MPa. (T = 378.150000, p=102490096.163182)

Warning: Density of water is only implemented for temperatures below 647K and pressures below 100MPa. (T = 378.150000, p=135073486.978695)

Warning: Density of water is only implemented for temperatures below 647K and pressures below 100MPa. (T = 378.150000, p=135073486.978695)

Warning: Density of water is only implemented for temperatures below 647K and pressures below 100MPa. (T = 378.150000, p=101154235.832011)

Warning: Density of water is only implemented for temperatures below 647K and pressures below 100MPa. (T = 378.150000, p=132169355.018867)

Warning: Density of water is only implemented for temperatures below 647K and pressures below 100MPa. (T = 378.150000, p=103756142.587455)

Warning: Density of water is only implemented for temperatures below 647K and pressures below 100MPa. (T = 378.150000, p=127530245.051109)

Warning: Density of water is only implemented for temperatures below 647K and pressures below 100MPa. (T = 378.150000, p=103241730.273367)

Warning: Density of water is only implemented for temperatures below 647K and pressures below 100MPa. (T = 378.150000, p=103613637.118394)

Warning: Density of water is only implemented for temperatures below 647K and pressures below 100MPa. (T = 378.150000, p=103613637.118394)

Warning: Density of water is only implemented for temperatures below 647K and pressures below 100MPa. (T = 378.150000, p=121352435.346493)

Warning: Density of water is only implemented for temperatures below 647K and pressures below 100MPa. (T = 378.150000, p=104362069.110665)

Warning: Density of water is only implemented for temperatures below 647K and pressures below 100MPa. (T = 378.150000, p=136266015.334552)

Warning: Density of water is only implemented for temperatures below 647K and pressures below 100MPa. (T = 378.150000, p=104337013.905588)

Warning: Density of water is only implemented for temperatures below 647K and pressures below 100MPa. (T = 378.150000, p=104337013.905588)

Warning: Density of water is only implemented for temperatures below 647K and pressures below 100MPa. (T = 378.150000, p=111366950.315339)

Warning: Density of water is only implemented for temperatures below 647K and pressures below 100MPa. (T = 378.150000, p=104598425.757010)

Warning: Density of water is only implemented for temperatures below 647K and pressures below 100MPa. (T = 378.150000, p=104598425.757010)

Warning: Density of water is only implemented for temperatures below 647K and pressures below 100MPa. (T = 378.150000, p=111438489.173208)

Warning: Density of water is only implemented for temperatures below 647K and pressures below 100MPa. (T = 378.150000, p=105245432.470603)

Warning: Density of water is only implemented for temperatures below 647K and pressures below 100MPa. (T = 378.150000, p=101877478.959193)

Warning: Density of water is only implemented for temperatures below 647K and pressures below 100MPa. (T = 378.150000, p=101688506.069596)

Warning: Density of water is only implemented for temperatures below 647K and pressures below 100MPa. (T = 378.150000, p=102233763.092557)

Warning: Density of water is only implemented for temperatures below 647K and pressures below 100MPa. (T = 378.150000, p=110482425.217885)

Warning: Density of water is only implemented for temperatures below 647K and pressures below 100MPa. (T = 378.150000, p=106020580.100618)

Warning: Density of water is only implemented for temperatures below 647K and pressures below 100MPa. (T = 378.150000, p=105640902.332594)

Warning: Density of water is only implemented for temperatures below 647K and pressures below 100MPa. (T = 378.150000, p=110553843.443123)

Warning: Density of water is only implemented for temperatures below 647K and pressures below 100MPa. (T = 378.150000, p=102116627.639178)

Warning: Density of water is only implemented for temperatures below 647K and pressures below 100MPa. (T = 378.150000, p=120148650.949154)

Warning: Density of water is only implemented for temperatures below 647K and pressures below 100MPa. (T = 378.150000, p=108646165.373771)

Warning: Density of water is only implemented for temperatures below 647K and pressures below 100MPa. (T = 378.150000, p=114462881.267845)

Warning: Density of water is only implemented for temperatures below 647K and pressures below 100MPa. (T = 378.150000, p=112210867.197458)

Warning: Density of water is only implemented for temperatures below 647K and pressures below 100MPa. (T = 378.150000, p=123891622.187670)

Warning: Density of water is only implemented for temperatures below 647K and pressures below 100MPa. (T = 378.150000, p=108740736.072831)

Warning: Density of water is only implemented for temperatures below 647K and pressures below 100MPa. (T = 378.150000, p=117932199.244037)

Warning: Density of water is only implemented for temperatures below 647K and pressures below 100MPa. (T = 378.150000, p=117932199.244037)

Warning: Density of water is only implemented for temperatures below 647K and pressures below 100MPa. (T = 378.150000, p=104970233.168572)

Warning: Density of water is only implemented for temperatures below 647K and pressures below 100MPa. (T = 378.150000, p=111362886.967866)

Warning: Density of water is only implemented for temperatures below 647K and pressures below 100MPa. (T = 378.150000, p=121398863.255792)

Warning: Density of water is only implemented for temperatures below 647K and pressures below 100MPa. (T = 378.150000, p=105151191.751206)

Warning: Density of water is only implemented for temperatures below 647K and pressures below 100MPa. (T = 378.150000, p=105151191.751206)

Warning: Density of water is only implemented for temperatures below 647K and pressures below 100MPa. (T = 378.150000, p=119500172.305547)

Warning: Density of water is only implemented for temperatures below 647K and pressures below 100MPa. (T = 378.150000, p=108023841.692373)

Warning: Density of water is only implemented for temperatures below 647K and pressures below 100MPa. (T = 378.150000, p=108727010.617340)

Warning: Density of water is only implemented for temperatures below 647K and pressures below 100MPa. (T = 378.150000, p=115382714.484396)

Warning: Density of water is only implemented for temperatures below 647K and pressures below 100MPa. (T = 378.150000, p=117468582.343008)

Warning: Density of water is only implemented for temperatures below 647K and pressures below 100MPa. (T = 378.150000, p=121177588.442605)

Warning: Density of water is only implemented for temperatures below 647K and pressures below 100MPa. (T = 378.150000, p=111086102.189647)

Warning: Density of water is only implemented for temperatures below 647K and pressures below 100MPa. (T = 378.150000, p=112856782.931275)

Warning: Density of water is only implemented for temperatures below 647K and pressures below 100MPa. (T = 378.150000, p=112856782.931275)

Warning: Density of water is only implemented for temperatures below 647K and pressures below 100MPa. (T = 378.150000, p=110262103.797457)

Warning: Density of water is only implemented for temperatures below 647K and pressures below 100MPa. (T = 378.150000, p=122324799.802785)

Warning: Density of water is only implemented for temperatures below 647K and pressures below 100MPa. (T = 378.150000, p=125091656.744458)

Warning: Density of water is only implemented for temperatures below 647K and pressures below 100MPa. (T = 378.150000, p=104857358.247983)

Warning: Density of water is only implemented for temperatures below 647K and pressures below 100MPa. (T = 378.150000, p=104857358.247983)

Warning: Density of water is only implemented for temperatures below 647K and pressures below 100MPa. (T = 378.150000, p=120200208.171706)

Warning: Density of water is only implemented for temperatures below 647K and pressures below 100MPa. (T = 378.150000, p=118397362.743134)

Warning: Density of water is only implemented for temperatures below 647K and pressures below 100MPa. (T = 378.150000, p=123372592.089127)

Warning: Density of water is only implemented for temperatures below 647K and pressures below 100MPa. (T = 378.150000, p=124481886.817482)

Warning: Density of water is only implemented for temperatures below 647K and pressures below 100MPa. (T = 378.150000, p=124481886.817482)

Warning: Density of water is only implemented for temperatures below 647K and pressures below 100MPa. (T = 378.150000, p=129034651.770294)

Warning: Density of water is only implemented for temperatures below 647K and pressures below 100MPa. (T = 378.150000, p=135837828.240800)

Warning: Density of water is only implemented for temperatures below 647K and pressures below 100MPa. (T = 378.150000, p=135837828.240800)

Warning: Density of water is only implemented for temperatures below 647K and pressures below 100MPa. (T = 378.150000, p=135301477.680252)

Warning: Density of water is only implemented for temperatures below 647K and pressures below 100MPa. (T = 378.150000, p=102937967.705521)

Warning: Density of water is only implemented for temperatures below 647K and pressures below 100MPa. (T = 378.150000, p=127051946.977185)

Warning: Density of water is only implemented for temperatures below 647K and pressures below 100MPa. (T = 378.150000, p=127051946.977185)

Warning: Density of water is only implemented for temperatures below 647K and pressures below 100MPa. (T = 378.150000, p=113930817.436307)

Warning: Density of water is only implemented for temperatures below 647K and pressures below 100MPa. (T = 378.150000, p=129028404.479642)

Warning: Density of water is only implemented for temperatures below 647K and pressures below 100MPa. (T = 378.150000, p=119304787.035286)

Warning: Density of water is only implemented for temperatures below 647K and pressures below 100MPa. (T = 378.150000, p=123583761.821173)

Warning: Density of water is only implemented for temperatures below 647K and pressures below 100MPa. (T = 378.150000, p=134146376.475002)

Warning: Density of water is only implemented for temperatures below 647K and pressures below 100MPa. (T = 378.150000, p=141834252.468413)

Warning: Density of water is only implemented for temperatures below 647K and pressures below 100MPa. (T = 378.150000, p=141834252.468413)

Warning: Density of water is only implemented for temperatures below 647K and pressures below 100MPa. (T = 378.150000, p=142470439.366265)

Warning: Density of water is only implemented for temperatures below 647K and pressures below 100MPa. (T = 378.150000, p=133128364.684266)

Warning: Density of water is only implemented for temperatures below 647K and pressures below 100MPa. (T = 378.150000, p=133128364.684266)

Warning: Density of water is only implemented for temperatures below 647K and pressures below 100MPa. (T = 378.150000, p=143344624.853771)

Warning: Density of water is only implemented for temperatures below 647K and pressures below 100MPa. (T = 378.150000, p=144040342.002370)

Warning: Density of water is only implemented for temperatures below 647K and pressures below 100MPa. (T = 378.150000, p=126010708.479705)

Warning: Density of water is only implemented for temperatures below 647K and pressures below 100MPa. (T = 378.150000, p=131723665.201994)

Warning: Density of water is only implemented for temperatures below 647K and pressures below 100MPa. (T = 378.150000, p=104342655.933254)

Warning: Density of water is only implemented for temperatures below 647K and pressures below 100MPa. (T = 378.150000, p=108655639.189455)

Warning: Density of water is only implemented for temperatures below 647K and pressures below 100MPa. (T = 378.150000, p=108655639.189455)

Warning: Density of water is only implemented for temperatures below 647K and pressures below 100MPa. (T = 378.150000, p=127171895.331273)

Warning: Density of water is only implemented for temperatures below 647K and pressures below 100MPa. (T = 378.150000, p=108394404.293448)

Warning: Density of water is only implemented for temperatures below 647K and pressures below 100MPa. (T = 378.150000, p=142525182.249136)

Warning: Density of water is only implemented for temperatures below 647K and pressures below 100MPa. (T = 378.150000, p=115222330.255156)

Warning: Density of water is only implemented for temperatures below 647K and pressures below 100MPa. (T = 378.150000, p=110014796.161759)

Warning: Density of water is only implemented for temperatures below 647K and pressures below 100MPa. (T = 378.150000, p=110014796.161759)

Warning: Density of water is only implemented for temperatures below 647K and pressures below 100MPa. (T = 378.150000, p=138355614.433555)

Warning: Density of water is only implemented for temperatures below 647K and pressures below 100MPa. (T = 378.150000, p=114248541.021331)

Warning: Density of water is only implemented for temperatures below 647K and pressures below 100MPa. (T = 378.150000, p=114248541.021331)

Warning: Density of water is only implemented for temperatures below 647K and pressures below 100MPa. (T = 378.150000, p=144091443.964324)

Warning: Density of water is only implemented for temperatures below 647K and pressures below 100MPa. (T = 378.150000, p=107193907.110037)

Warning: Density of water is only implemented for temperatures below 647K and pressures below 100MPa. (T = 378.150000, p=107193907.110037)

Warning: Density of water is only implemented for temperatures below 647K and pressures below 100MPa. (T = 378.150000, p=138361785.313489)

Warning: Density of water is only implemented for temperatures below 647K and pressures below 100MPa. (T = 378.150000, p=143403699.664110)

Warning: Density of water is only implemented for temperatures below 647K and pressures below 100MPa. (T = 378.150000, p=145005681.947930)

Warning: Density of water is only implemented for temperatures below 647K and pressures below 100MPa. (T = 378.150000, p=112258301.972002)

Warning: Density of water is only implemented for temperatures below 647K and pressures below 100MPa. (T = 378.150000, p=119834619.883920)

Warning: Density of water is only implemented for temperatures below 647K and pressures below 100MPa. (T = 378.150000, p=106324422.232844)

Warning: Density of water is only implemented for temperatures below 647K and pressures below 100MPa. (T = 378.150000, p=139377828.244115)

Warning: Density of water is only implemented for temperatures below 647K and pressures below 100MPa. (T = 378.150000, p=102511300.488882)

Warning: Density of water is only implemented for temperatures below 647K and pressures below 100MPa. (T = 378.150000, p=102511300.488882)

Warning: Density of water is only implemented for temperatures below 647K and pressures below 100MPa. (T = 378.150000, p=131851397.897453)

Warning: Density of water is only implemented for temperatures below 647K and pressures below 100MPa. (T = 378.150000, p=109100644.902679)

Warning: Density of water is only implemented for temperatures below 647K and pressures below 100MPa. (T = 378.150000, p=109100644.902679)

Warning: Density of water is only implemented for temperatures below 647K and pressures below 100MPa. (T = 378.150000, p=138709914.325643)

Warning: Density of water is only implemented for temperatures below 647K and pressures below 100MPa. (T = 378.150000, p=114859603.765885)

Warning: Density of water is only implemented for temperatures below 647K and pressures below 100MPa. (T = 378.150000, p=108513014.230188)

Warning: Density of water is only implemented for temperatures below 647K and pressures below 100MPa. (T = 378.150000, p=104577642.333249)

Warning: Density of water is only implemented for temperatures below 647K and pressures below 100MPa. (T = 378.150000, p=101003945.349729)

Warning: Density of water is only implemented for temperatures below 647K and pressures below 100MPa. (T = 378.150000, p=121044037.472336)

Warning: Density of water is only implemented for temperatures below 647K and pressures below 100MPa. (T = 378.150000, p=102332716.147016)

Warning: Density of water is only implemented for temperatures below 647K and pressures below 100MPa. (T = 378.150000, p=102332716.147016)

Warning: Density of water is only implemented for temperatures below 647K and pressures below 100MPa. (T = 378.150000, p=119322893.088446)

Warning: Density of water is only implemented for temperatures below 647K and pressures below 100MPa. (T = 378.150000, p=101516469.696883)

Warning: Density of water is only implemented for temperatures below 647K and pressures below 100MPa. (T = 378.150000, p=114709873.573666)

Warning: Density of water is only implemented for temperatures below 647K and pressures below 100MPa. (T = 378.150000, p=114709873.573666)

Warning: Density of water is only implemented for temperatures below 647K and pressures below 100MPa. (T = 378.150000, p=100463490.938657)

Warning: Density of water is only implemented for temperatures below 647K and pressures below 100MPa. (T = 378.150000, p=116909234.374062)

Warning: Density of water is only implemented for temperatures below 647K and pressures below 100MPa. (T = 378.150000, p=116909234.374062)

Warning: Density of water is only implemented for temperatures below 647K and pressures below 100MPa. (T = 378.150000, p=101531597.592703)

Warning: Density of water is only implemented for temperatures below 647K and pressures below 100MPa. (T = 378.150000, p=123346891.123644)

Warning: Density of water is only implemented for temperatures below 647K and pressures below 100MPa. (T = 378.150000, p=123346891.123644)

Warning: Density of water is only implemented for temperatures below 647K and pressures below 100MPa. (T = 378.150000, p=119802950.924391)

Warning: Density of water is only implemented for temperatures below 647K and pressures below 100MPa. (T = 378.150000, p=101532472.304864)

Warning: Density of water is only implemented for temperatures below 647K and pressures below 100MPa. (T = 378.150000, p=112581097.645737)

Warning: Density of water is only implemented for temperatures below 647K and pressures below 100MPa. (T = 378.150000, p=101757393.580666)

Warning: Density of water is only implemented for temperatures below 647K and pressures below 100MPa. (T = 378.150000, p=101757393.580666)

Warning: Density of water is only implemented for temperatures below 647K and pressures below 100MPa. (T = 378.150000, p=104424239.865773)

Warning: Density of water is only implemented for temperatures below 647K and pressures below 100MPa. (T = 378.150000, p=102311765.432119)

Warning: Density of water is only implemented for temperatures below 647K and pressures below 100MPa. (T = 378.150000, p=122701162.136506)

Warning: Density of water is only implemented for temperatures below 647K and pressures below 100MPa. (T = 378.150000, p=122701162.136506)

Warning: Density of water is only implemented for temperatures below 647K and pressures below 100MPa. (T = 378.150000, p=100307217.133365)

Warning: Density of water is only implemented for temperatures below 647K and pressures below 100MPa. (T = 378.150000, p=123105429.090725)

Warning: Density of water is only implemented for temperatures below 647K and pressures below 100MPa. (T = 378.150000, p=123105429.090725)

Warning: Density of water is only implemented for temperatures below 647K and pressures below 100MPa. (T = 378.150000, p=121881005.333052)

Warning: Density of water is only implemented for temperatures below 647K and pressures below 100MPa. (T = 378.150000, p=108273030.955216)

Warning: Density of water is only implemented for temperatures below 647K and pressures below 100MPa. (T = 378.150000, p=124610558.180320)

Warning: Density of water is only implemented for temperatures below 647K and pressures below 100MPa. (T = 378.150000, p=103372897.665525)

Warning: Density of water is only implemented for temperatures below 647K and pressures below 100MPa. (T = 378.150000, p=124924287.240882)

Warning: Density of water is only implemented for temperatures below 647K and pressures below 100MPa. (T = 378.150000, p=106434241.827531)

Warning: Density of water is only implemented for temperatures below 647K and pressures below 100MPa. (T = 378.150000, p=123589191.379681)

Warning: Density of water is only implemented for temperatures below 647K and pressures below 100MPa. (T = 378.150000, p=111710416.276182)

Warning: Density of water is only implemented for temperatures below 647K and pressures below 100MPa. (T = 378.150000, p=119919951.753007)

Warning: Density of water is only implemented for temperatures below 647K and pressures below 100MPa. (T = 378.150000, p=122744088.390747)

Warning: Density of water is only implemented for temperatures below 647K and pressures below 100MPa. (T = 378.150000, p=117560191.172449)

Warning: Density of water is only implemented for temperatures below 647K and pressures below 100MPa. (T = 378.150000, p=117615799.841672)

Warning: Density of water is only implemented for temperatures below 647K and pressures below 100MPa. (T = 378.150000, p=113106206.494130)

Warning: Density of water is only implemented for temperatures below 647K and pressures below 100MPa. (T = 378.150000, p=104440495.885210)

Warning: Density of water is only implemented for temperatures below 647K and pressures below 100MPa. (T = 378.150000, p=123564988.719970)

Warning: Density of water is only implemented for temperatures below 647K and pressures below 100MPa. (T = 378.150000, p=103092767.723349)

Warning: Density of water is only implemented for temperatures below 647K and pressures below 100MPa. (T = 378.150000, p=115916104.687227)

Warning: Density of water is only implemented for temperatures below 647K and pressures below 100MPa. (T = 378.150000, p=105823665.456477)

Warning: Density of water is only implemented for temperatures below 647K and pressures below 100MPa. (T = 378.150000, p=105172159.139089)

Warning: Density of water is only implemented for temperatures below 647K and pressures below 100MPa. (T = 378.150000, p=105172159.139089)

Warning: Density of water is only implemented for temperatures below 647K and pressures below 100MPa. (T = 378.150000, p=112630007.173635)

Warning: Density of water is only implemented for temperatures below 647K and pressures below 100MPa. (T = 378.150000, p=124102188.682544)

Warning: Density of water is only implemented for temperatures below 647K and pressures below 100MPa. (T = 378.150000, p=110402919.883922)

Warning: Density of water is only implemented for temperatures below 647K and pressures below 100MPa. (T = 378.150000, p=126999717.565302)

Warning: Density of water is only implemented for temperatures below 647K and pressures below 100MPa. (T = 378.150000, p=102806871.305993)

Warning: Density of water is only implemented for temperatures below 647K and pressures below 100MPa. (T = 378.150000, p=129533555.525560)

Warning: Density of water is only implemented for temperatures below 647K and pressures below 100MPa. (T = 378.150000, p=116543974.556580)

Warning: Density of water is only implemented for temperatures below 647K and pressures below 100MPa. (T = 378.150000, p=128073700.265574)

Warning: Density of water is only implemented for temperatures below 647K and pressures below 100MPa. (T = 378.150000, p=128073700.265574)

Warning: Density of water is only implemented for temperatures below 647K and pressures below 100MPa. (T = 378.150000, p=122573641.884715)

Warning: Density of water is only implemented for temperatures below 647K and pressures below 100MPa. (T = 378.150000, p=118871032.080133)

Warning: Density of water is only implemented for temperatures below 647K and pressures below 100MPa. (T = 378.150000, p=118871032.080133)

Warning: Density of water is only implemented for temperatures below 647K and pressures below 100MPa. (T = 378.150000, p=130293438.580933)

Warning: Density of water is only implemented for temperatures below 647K and pressures below 100MPa. (T = 378.150000, p=111977587.045761)

Warning: Density of water is only implemented for temperatures below 647K and pressures below 100MPa. (T = 378.150000, p=101597921.695047)

Warning: Density of water is only implemented for temperatures below 647K and pressures below 100MPa. (T = 378.150000, p=113215296.007163)

Warning: Density of water is only implemented for temperatures below 647K and pressures below 100MPa. (T = 378.150000, p=113215296.007163)

Warning: Density of water is only implemented for temperatures below 647K and pressures below 100MPa. (T = 378.150000, p=111528219.710530)

Warning: Density of water is only implemented for temperatures below 647K and pressures below 100MPa. (T = 378.150000, p=127684228.199103)

Warning: Density of water is only implemented for temperatures below 647K and pressures below 100MPa. (T = 378.150000, p=116512049.129527)

Warning: Density of water is only implemented for temperatures below 647K and pressures below 100MPa. (T = 378.150000, p=121371636.091996)

Warning: Density of water is only implemented for temperatures below 647K and pressures below 100MPa. (T = 378.150000, p=130102272.170809)

Warning: Density of water is only implemented for temperatures below 647K and pressures below 100MPa. (T = 378.150000, p=140715761.364753)

Warning: Density of water is only implemented for temperatures below 647K and pressures below 100MPa. (T = 378.150000, p=140715761.364753)

Warning: Density of water is only implemented for temperatures below 647K and pressures below 100MPa. (T = 378.150000, p=110599119.799946)

Warning: Density of water is only implemented for temperatures below 647K and pressures below 100MPa. (T = 378.150000, p=106843609.776823)

Warning: Density of water is only implemented for temperatures below 647K and pressures below 100MPa. (T = 378.150000, p=114550959.600447)

Warning: Density of water is only implemented for temperatures below 647K and pressures below 100MPa. (T = 378.150000, p=141565884.857809)

Warning: Density of water is only implemented for temperatures below 647K and pressures below 100MPa. (T = 378.150000, p=102559241.214922)

Warning: Density of water is only implemented for temperatures below 647K and pressures below 100MPa. (T = 378.150000, p=120451754.286050)

Warning: Density of water is only implemented for temperatures below 647K and pressures below 100MPa. (T = 378.150000, p=106179609.688466)

Warning: Density of water is only implemented for temperatures below 647K and pressures below 100MPa. (T = 378.150000, p=123615103.833649)

Warning: Density of water is only implemented for temperatures below 647K and pressures below 100MPa. (T = 378.150000, p=123615103.833649)

Warning: Density of water is only implemented for temperatures below 647K and pressures below 100MPa. (T = 378.150000, p=139827007.064948)

Warning: Density of water is only implemented for temperatures below 647K and pressures below 100MPa. (T = 378.150000, p=113221006.982511)

Warning: Density of water is only implemented for temperatures below 647K and pressures below 100MPa. (T = 378.150000, p=128213998.135031)

Warning: Density of water is only implemented for temperatures below 647K and pressures below 100MPa. (T = 378.150000, p=128213998.135031)

Warning: Density of water is only implemented for temperatures below 647K and pressures below 100MPa. (T = 378.150000, p=133916073.630274)

Warning: Density of water is only implemented for temperatures below 647K and pressures below 100MPa. (T = 378.150000, p=112380540.425375)

Warning: Density of water is only implemented for temperatures below 647K and pressures below 100MPa. (T = 378.150000, p=143591212.402419)

Warning: Density of water is only implemented for temperatures below 647K and pressures below 100MPa. (T = 378.150000, p=125900004.602906)

Warning: Density of water is only implemented for temperatures below 647K and pressures below 100MPa. (T = 378.150000, p=115859810.956004)

Warning: Density of water is only implemented for temperatures below 647K and pressures below 100MPa. (T = 378.150000, p=141505061.685950)

Warning: Density of water is only implemented for temperatures below 647K and pressures below 100MPa. (T = 378.150000, p=113362631.273472)

Warning: Density of water is only implemented for temperatures below 647K and pressures below 100MPa. (T = 378.150000, p=113362631.273472)

Warning: Density of water is only implemented for temperatures below 647K and pressures below 100MPa. (T = 378.150000, p=122164187.850032)

Warning: Density of water is only implemented for temperatures below 647K and pressures below 100MPa. (T = 378.150000, p=104015933.867532)

Warning: Density of water is only implemented for temperatures below 647K and pressures below 100MPa. (T = 378.150000, p=109328456.271722)

Warning: Density of water is only implemented for temperatures below 647K and pressures below 100MPa. (T = 378.150000, p=104033433.864667)

Warning: Density of water is only implemented for temperatures below 647K and pressures below 100MPa. (T = 378.150000, p=108644489.416773)

Warning: Density of water is only implemented for temperatures below 647K and pressures below 100MPa. (T = 378.150000, p=110685991.896460)

Warning: Density of water is only implemented for temperatures below 647K and pressures below 100MPa. (T = 378.150000, p=106224000.056346)

Warning: Density of water is only implemented for temperatures below 647K and pressures below 100MPa. (T = 378.150000, p=111975314.697819)

Warning: Density of water is only implemented for temperatures below 647K and pressures below 100MPa. (T = 378.150000, p=100892247.571221)

Warning: Density of water is only implemented for temperatures below 647K and pressures below 100MPa. (T = 378.150000, p=102516390.698307)

Warning: Density of water is only implemented for temperatures below 647K and pressures below 100MPa. (T = 378.150000, p=109149812.062391)

Warning: Density of water is only implemented for temperatures below 647K and pressures below 100MPa. (T = 378.150000, p=121898192.391415)

Warning: Density of water is only implemented for temperatures below 647K and pressures below 100MPa. (T = 378.150000, p=101161939.146640)

Warning: Density of water is only implemented for temperatures below 647K and pressures below 100MPa. (T = 378.150000, p=107208832.818944)

Warning: Density of water is only implemented for temperatures below 647K and pressures below 100MPa. (T = 378.150000, p=103753321.664869)

Warning: Density of water is only implemented for temperatures below 647K and pressures below 100MPa. (T = 378.150000, p=103108667.117403)

Warning: Density of water is only implemented for temperatures below 647K and pressures below 100MPa. (T = 378.150000, p=110053702.724117)

Warning: Density of water is only implemented for temperatures below 647K and pressures below 100MPa. (T = 378.150000, p=110053702.724117)

Warning: Density of water is only implemented for temperatures below 647K and pressures below 100MPa. (T = 378.150000, p=109763987.589261)

Warning: Density of water is only implemented for temperatures below 647K and pressures below 100MPa. (T = 378.150000, p=100864570.017746)

Warning: Density of water is only implemented for temperatures below 647K and pressures below 100MPa. (T = 378.150000, p=117793442.493300)

Warning: Density of water is only implemented for temperatures below 647K and pressures below 100MPa. (T = 378.150000, p=108555852.636731)

Warning: Density of water is only implemented for temperatures below 647K and pressures below 100MPa. (T = 378.150000, p=114856461.268588)

Warning: Density of water is only implemented for temperatures below 647K and pressures below 100MPa. (T = 378.150000, p=104445238.097418)

Warning: Density of water is only implemented for temperatures below 647K and pressures below 100MPa. (T = 378.150000, p=120905098.003640)

Warning: Density of water is only implemented for temperatures below 647K and pressures below 100MPa. (T = 378.150000, p=120905098.003640)

Warning: Density of water is only implemented for temperatures below 647K and pressures below 100MPa. (T = 378.150000, p=120936439.826535)

Warning: Density of water is only implemented for temperatures below 647K and pressures below 100MPa. (T = 378.150000, p=125112835.068331)

Warning: Density of water is only implemented for temperatures below 647K and pressures below 100MPa. (T = 378.150000, p=119400699.754536)

Warning: Density of water is only implemented for temperatures below 647K and pressures below 100MPa. (T = 378.150000, p=100357778.669177)

Warning: Density of water is only implemented for temperatures below 647K and pressures below 100MPa. (T = 378.150000, p=120927951.288388)

Warning: Density of water is only implemented for temperatures below 647K and pressures below 100MPa. (T = 378.150000, p=109259176.661613)

Warning: Density of water is only implemented for temperatures below 647K and pressures below 100MPa. (T = 378.150000, p=116608941.524554)

Warning: Density of water is only implemented for temperatures below 647K and pressures below 100MPa. (T = 378.150000, p=113879106.781607)

Warning: Density of water is only implemented for temperatures below 647K and pressures below 100MPa. (T = 378.150000, p=122944098.118975)

Warning: Density of water is only implemented for temperatures below 647K and pressures below 100MPa. (T = 378.150000, p=122944098.118975)

Warning: Density of water is only implemented for temperatures below 647K and pressures below 100MPa. (T = 378.150000, p=126313742.564957)

Warning: Density of water is only implemented for temperatures below 647K and pressures below 100MPa. (T = 378.150000, p=120210120.225819)

Warning: Density of water is only implemented for temperatures below 647K and pressures below 100MPa. (T = 378.150000, p=120210120.225819)

Warning: Density of water is only implemented for temperatures below 647K and pressures below 100MPa. (T = 378.150000, p=142542119.121446)

Warning: Density of water is only implemented for temperatures below 647K and pressures below 100MPa. (T = 378.150000, p=114418748.454119)

Warning: Density of water is only implemented for temperatures below 647K and pressures below 100MPa. (T = 378.150000, p=100869221.420387)

Warning: Density of water is only implemented for temperatures below 647K and pressures below 100MPa. (T = 378.150000, p=100869221.420387)

Warning: Density of water is only implemented for temperatures below 647K and pressures below 100MPa. (T = 378.150000, p=100870233.596003)

Warning: Density of water is only implemented for temperatures below 647K and pressures below 100MPa. (T = 378.150000, p=104071094.695064)

Warning: Density of water is only implemented for temperatures below 647K and pressures below 100MPa. (T = 378.150000, p=101549213.201425)

Warning: Density of water is only implemented for temperatures below 647K and pressures below 100MPa. (T = 378.150000, p=111370296.308659)

Warning: Density of water is only implemented for temperatures below 647K and pressures below 100MPa. (T = 378.150000, p=111370296.308659)

Warning: Density of water is only implemented for temperatures below 647K and pressures below 100MPa. (T = 378.150000, p=129770848.581257)

Warning: Density of water is only implemented for temperatures below 647K and pressures below 100MPa. (T = 378.150000, p=122644760.266323)

Warning: Density of water is only implemented for temperatures below 647K and pressures below 100MPa. (T = 378.150000, p=142321195.450630)

Warning: Density of water is only implemented for temperatures below 647K and pressures below 100MPa. (T = 378.150000, p=142321195.450630)

Warning: Density of water is only implemented for temperatures below 647K and pressures below 100MPa. (T = 378.150000, p=123236139.947280)

Warning: Density of water is only implemented for temperatures below 647K and pressures below 100MPa. (T = 378.150000, p=140408325.014769)

Warning: Density of water is only implemented for temperatures below 647K and pressures below 100MPa. (T = 378.150000, p=121698400.347207)

Warning: Density of water is only implemented for temperatures below 647K and pressures below 100MPa. (T = 378.150000, p=138032971.189096)

Warning: Density of water is only implemented for temperatures below 647K and pressures below 100MPa. (T = 378.150000, p=138032971.189096)

Warning: Density of water is only implemented for temperatures below 647K and pressures below 100MPa. (T = 378.150000, p=124415382.326591)

Warning: Density of water is only implemented for temperatures below 647K and pressures below 100MPa. (T = 378.150000, p=114551581.370437)

Warning: Density of water is only implemented for temperatures below 647K and pressures below 100MPa. (T = 378.150000, p=120048496.460638)

Warning: Density of water is only implemented for temperatures below 647K and pressures below 100MPa. (T = 378.150000, p=120048496.460638)

Warning: Density of water is only implemented for temperatures below 647K and pressures below 100MPa. (T = 378.150000, p=112841936.679812)

Warning: Density of water is only implemented for temperatures below 647K and pressures below 100MPa. (T = 378.150000, p=118587231.343530)

Warning: Density of water is only implemented for temperatures below 647K and pressures below 100MPa. (T = 378.150000, p=143252715.753333)

Warning: Density of water is only implemented for temperatures below 647K and pressures below 100MPa. (T = 378.150000, p=143252715.753333)

Warning: Density of water is only implemented for temperatures below 647K and pressures below 100MPa. (T = 378.150000, p=112885628.641678)

Warning: Density of water is only implemented for temperatures below 647K and pressures below 100MPa. (T = 378.150000, p=143167492.209542)

Warning: Density of water is only implemented for temperatures below 647K and pressures below 100MPa. (T = 378.150000, p=123963426.961635)

Warning: Density of water is only implemented for temperatures below 647K and pressures below 100MPa. (T = 378.150000, p=139280462.215149)

Warning: Density of water is only implemented for temperatures below 647K and pressures below 100MPa. (T = 378.150000, p=126752673.719694)

Warning: Density of water is only implemented for temperatures below 647K and pressures below 100MPa. (T = 378.150000, p=138068527.920672)

Warning: Density of water is only implemented for temperatures below 647K and pressures below 100MPa. (T = 378.150000, p=128068551.611937)

Warning: Density of water is only implemented for temperatures below 647K and pressures below 100MPa. (T = 378.150000, p=128068551.611937)

Warning: Density of water is only implemented for temperatures below 647K and pressures below 100MPa. (T = 378.150000, p=139136704.706842)

Warning: Density of water is only implemented for temperatures below 647K and pressures below 100MPa. (T = 378.150000, p=127643384.607256)

Warning: Density of water is only implemented for temperatures below 647K and pressures below 100MPa. (T = 378.150000, p=136592062.280345)

Warning: Density of water is only implemented for temperatures below 647K and pressures below 100MPa. (T = 378.150000, p=127920232.103887)

Warning: Density of water is only implemented for temperatures below 647K and pressures below 100MPa. (T = 378.150000, p=106011939.739979)

Warning: Density of water is only implemented for temperatures below 647K and pressures below 100MPa. (T = 378.150000, p=116834989.619825)

Warning: Density of water is only implemented for temperatures below 647K and pressures below 100MPa. (T = 378.150000, p=101597261.656600)

Warning: Density of water is only implemented for temperatures below 647K and pressures below 100MPa. (T = 378.150000, p=114090742.994305)

Warning: Density of water is only implemented for temperatures below 647K and pressures below 100MPa. (T = 378.150000, p=109130347.461518)

Warning: Density of water is only implemented for temperatures below 647K and pressures below 100MPa. (T = 378.150000, p=130267325.590631)

Warning: Density of water is only implemented for temperatures below 647K and pressures below 100MPa. (T = 378.150000, p=136035533.237064)

Warning: Density of water is only implemented for temperatures below 647K and pressures below 100MPa. (T = 378.150000, p=104326609.281027)

Warning: Density of water is only implemented for temperatures below 647K and pressures below 100MPa. (T = 378.150000, p=118377710.149080)

Warning: Density of water is only implemented for temperatures below 647K and pressures below 100MPa. (T = 378.150000, p=106764090.782919)

Warning: Density of water is only implemented for temperatures below 647K and pressures below 100MPa. (T = 378.150000, p=109407962.317518)

Warning: Density of water is only implemented for temperatures below 647K and pressures below 100MPa. (T = 378.150000, p=109407962.317518)

Warning: Density of water is only implemented for temperatures below 647K and pressures below 100MPa. (T = 378.150000, p=121338311.902390)

Warning: Density of water is only implemented for temperatures below 647K and pressures below 100MPa. (T = 378.150000, p=106169820.033137)

Warning: Density of water is only implemented for temperatures below 647K and pressures below 100MPa. (T = 378.150000, p=101803011.712402)

Warning: Density of water is only implemented for temperatures below 647K and pressures below 100MPa. (T = 378.150000, p=113376145.978030)

Warning: Density of water is only implemented for temperatures below 647K and pressures below 100MPa. (T = 378.150000, p=113376145.978030)

Warning: Density of water is only implemented for temperatures below 647K and pressures below 100MPa. (T = 378.150000, p=107629066.256136)

Warning: Density of water is only implemented for temperatures below 647K and pressures below 100MPa. (T = 378.150000, p=139767993.965383)

Warning: Density of water is only implemented for temperatures below 647K and pressures below 100MPa. (T = 378.150000, p=113328984.314845)

Warning: Density of water is only implemented for temperatures below 647K and pressures below 100MPa. (T = 378.150000, p=113890039.668117)

Warning: Density of water is only implemented for temperatures below 647K and pressures below 100MPa. (T = 378.150000, p=113890039.668117)

Warning: Density of water is only implemented for temperatures below 647K and pressures below 100MPa. (T = 378.150000, p=119456984.378549)

Warning: Density of water is only implemented for temperatures below 647K and pressures below 100MPa. (T = 378.150000, p=126527227.071879)

Warning: Density of water is only implemented for temperatures below 647K and pressures below 100MPa. (T = 378.150000, p=126527227.071879)

Warning: Density of water is only implemented for temperatures below 647K and pressures below 100MPa. (T = 378.150000, p=120252959.611201)

Warning: Density of water is only implemented for temperatures below 647K and pressures below 100MPa. (T = 378.150000, p=129536892.318269)

Warning: Density of water is only implemented for temperatures below 647K and pressures below 100MPa. (T = 378.150000, p=107118033.816605)

Warning: Density of water is only implemented for temperatures below 647K and pressures below 100MPa. (T = 378.150000, p=119319416.805040)

Warning: Density of water is only implemented for temperatures below 647K and pressures below 100MPa. (T = 378.150000, p=111398894.886133)

Warning: Density of water is only implemented for temperatures below 647K and pressures below 100MPa. (T = 378.150000, p=145981656.615527)

Warning: Density of water is only implemented for temperatures below 647K and pressures below 100MPa. (T = 378.150000, p=122763286.529739)

Warning: Density of water is only implemented for temperatures below 647K and pressures below 100MPa. (T = 378.150000, p=137303445.727043)

Warning: Density of water is only implemented for temperatures below 647K and pressures below 100MPa. (T = 378.150000, p=141949369.090362)

Warning: Density of water is only implemented for temperatures below 647K and pressures below 100MPa. (T = 378.150000, p=129759655.493576)

Warning: Density of water is only implemented for temperatures below 647K and pressures below 100MPa. (T = 378.150000, p=137207069.520644)

Warning: Density of water is only implemented for temperatures below 647K and pressures below 100MPa. (T = 378.150000, p=108040245.664231)

Warning: Density of water is only implemented for temperatures below 647K and pressures below 100MPa. (T = 378.150000, p=102065853.933095)

Warning: Density of water is only implemented for temperatures below 647K and pressures below 100MPa. (T = 378.150000, p=146552179.494584)

Warning: Density of water is only implemented for temperatures below 647K and pressures below 100MPa. (T = 378.150000, p=109665337.811316)

Warning: Density of water is only implemented for temperatures below 647K and pressures below 100MPa. (T = 378.150000, p=138472208.161940)

Warning: Density of water is only implemented for temperatures below 647K and pressures below 100MPa. (T = 378.150000, p=138472208.161940)

Warning: Density of water is only implemented for temperatures below 647K and pressures below 100MPa. (T = 378.150000, p=125896330.341089)

Warning: Density of water is only implemented for temperatures below 647K and pressures below 100MPa. (T = 378.150000, p=124117742.927550)

Warning: Density of water is only implemented for temperatures below 647K and pressures below 100MPa. (T = 378.150000, p=142919368.942098)

Warning: Density of water is only implemented for temperatures below 647K and pressures below 100MPa. (T = 378.150000, p=138084333.790231)

Warning: Density of water is only implemented for temperatures below 647K and pressures below 100MPa. (T = 378.150000, p=144076708.019493)

Warning: Density of water is only implemented for temperatures below 647K and pressures below 100MPa. (T = 378.150000, p=144076708.019493)

Warning: Density of water is only implemented for temperatures below 647K and pressures below 100MPa. (T = 378.150000, p=144934435.533379)

Warning: Density of water is only implemented for temperatures below 647K and pressures below 100MPa. (T = 378.150000, p=142027161.243147)

Warning: Density of water is only implemented for temperatures below 647K and pressures below 100MPa. (T = 378.150000, p=119206938.629443)

Warning: Density of water is only implemented for temperatures below 647K and pressures below 100MPa. (T = 378.150000, p=137075102.571349)

Warning: Density of water is only implemented for temperatures below 647K and pressures below 100MPa. (T = 378.150000, p=140641610.973691)

Warning: Density of water is only implemented for temperatures below 647K and pressures below 100MPa. (T = 378.150000, p=133471265.973809)

Warning: Density of water is only implemented for temperatures below 647K and pressures below 100MPa. (T = 378.150000, p=102196517.492204)

Warning: Density of water is only implemented for temperatures below 647K and pressures below 100MPa. (T = 378.150000, p=123726211.858408)

Warning: Density of water is only implemented for temperatures below 647K and pressures below 100MPa. (T = 378.150000, p=118457456.575621)

Warning: Density of water is only implemented for temperatures below 647K and pressures below 100MPa. (T = 378.150000, p=118457456.575621)

Warning: Density of water is only implemented for temperatures below 647K and pressures below 100MPa. (T = 378.150000, p=109984335.248980)

Warning: Density of water is only implemented for temperatures below 647K and pressures below 100MPa. (T = 378.150000, p=123402946.431714)

Warning: Density of water is only implemented for temperatures below 647K and pressures below 100MPa. (T = 378.150000, p=142829583.761198)

Warning: Density of water is only implemented for temperatures below 647K and pressures below 100MPa. (T = 378.150000, p=111762037.906472)

Warning: Density of water is only implemented for temperatures below 647K and pressures below 100MPa. (T = 378.150000, p=111762037.906472)

Warning: Density of water is only implemented for temperatures below 647K and pressures below 100MPa. (T = 378.150000, p=142363322.214487)

Warning: Density of water is only implemented for temperatures below 647K and pressures below 100MPa. (T = 378.150000, p=114382855.310613)

Warning: Density of water is only implemented for temperatures below 647K and pressures below 100MPa. (T = 378.150000, p=114382855.310613)

Warning: Density of water is only implemented for temperatures below 647K and pressures below 100MPa. (T = 378.150000, p=143490759.954785)

Warning: Density of water is only implemented for temperatures below 647K and pressures below 100MPa. (T = 378.150000, p=137365150.439670)

Warning: Density of water is only implemented for temperatures below 647K and pressures below 100MPa. (T = 378.150000, p=136506647.895170)

Warning: Density of water is only implemented for temperatures below 647K and pressures below 100MPa. (T = 378.150000, p=136695652.628943)

Warning: Density of water is only implemented for temperatures below 647K and pressures below 100MPa. (T = 378.150000, p=108299619.826789)

Warning: Density of water is only implemented for temperatures below 647K and pressures below 100MPa. (T = 378.150000, p=106438161.565376)

Warning: Density of water is only implemented for temperatures below 647K and pressures below 100MPa. (T = 378.150000, p=103914843.624745)

Warning: Density of water is only implemented for temperatures below 647K and pressures below 100MPa. (T = 378.150000, p=138501234.437206)

Warning: Density of water is only implemented for temperatures below 647K and pressures below 100MPa. (T = 378.150000, p=138501234.437206)

Warning: Density of water is only implemented for temperatures below 647K and pressures below 100MPa. (T = 378.150000, p=136653024.078142)

Warning: Density of water is only implemented for temperatures below 647K and pressures below 100MPa. (T = 378.150000, p=110639854.231973)

Warning: Density of water is only implemented for temperatures below 647K and pressures below 100MPa. (T = 378.150000, p=104220806.567035)

Warning: Density of water is only implemented for temperatures below 647K and pressures below 100MPa. (T = 378.150000, p=110577093.081565)

Warning: Density of water is only implemented for temperatures below 647K and pressures below 100MPa. (T = 378.150000, p=121025910.512360)

Warning: Density of water is only implemented for temperatures below 647K and pressures below 100MPa. (T = 378.150000, p=121025910.512360)

Warning: Density of water is only implemented for temperatures below 647K and pressures below 100MPa. (T = 378.150000, p=138696730.441236)

Warning: Density of water is only implemented for temperatures below 647K and pressures below 100MPa. (T = 378.150000, p=108869060.966165)

Warning: Density of water is only implemented for temperatures below 647K and pressures below 100MPa. (T = 378.150000, p=104572480.781861)

Warning: Density of water is only implemented for temperatures below 647K and pressures below 100MPa. (T = 378.150000, p=121075199.072407)

Warning: Density of water is only implemented for temperatures below 647K and pressures below 100MPa. (T = 378.150000, p=119734104.315708)

Warning: Density of water is only implemented for temperatures below 647K and pressures below 100MPa. (T = 378.150000, p=102572713.715798)

Warning: Density of water is only implemented for temperatures below 647K and pressures below 100MPa. (T = 378.150000, p=116563565.256207)

Warning: Density of water is only implemented for temperatures below 647K and pressures below 100MPa. (T = 378.150000, p=104542730.834380)

Warning: Density of water is only implemented for temperatures below 647K and pressures below 100MPa. (T = 378.150000, p=122891185.291310)

Warning: Density of water is only implemented for temperatures below 647K and pressures below 100MPa. (T = 378.150000, p=121069018.466911)

Warning: Density of water is only implemented for temperatures below 647K and pressures below 100MPa. (T = 378.150000, p=121003343.085824)

Warning: Density of water is only implemented for temperatures below 647K and pressures below 100MPa. (T = 378.150000, p=105354432.329795)

Warning: Density of water is only implemented for temperatures below 647K and pressures below 100MPa. (T = 378.150000, p=116619574.483252)

Warning: Density of water is only implemented for temperatures below 647K and pressures below 100MPa. (T = 378.150000, p=111960788.907705)

Warning: Density of water is only implemented for temperatures below 647K and pressures below 100MPa. (T = 378.150000, p=122808782.210172)

Warning: Density of water is only implemented for temperatures below 647K and pressures below 100MPa. (T = 378.150000, p=122808782.210172)

Warning: Density of water is only implemented for temperatures below 647K and pressures below 100MPa. (T = 378.150000, p=118230410.493695)

Warning: Density of water is only implemented for temperatures below 647K and pressures below 100MPa. (T = 378.150000, p=121775760.313180)

Warning: Density of water is only implemented for temperatures below 647K and pressures below 100MPa. (T = 378.150000, p=115688723.611699)

Warning: Density of water is only implemented for temperatures below 647K and pressures below 100MPa. (T = 378.150000, p=120033058.190257)

Warning: Density of water is only implemented for temperatures below 647K and pressures below 100MPa. (T = 378.150000, p=120033058.190257)

Warning: Density of water is only implemented for temperatures below 647K and pressures below 100MPa. (T = 378.150000, p=105097670.702432)

Warning: Density of water is only implemented for temperatures below 647K and pressures below 100MPa. (T = 378.150000, p=113032014.645134)

Warning: Density of water is only implemented for temperatures below 647K and pressures below 100MPa. (T = 378.150000, p=109065058.027448)

Warning: Density of water is only implemented for temperatures below 647K and pressures below 100MPa. (T = 378.150000, p=109065058.027448)

Warning: Density of water is only implemented for temperatures below 647K and pressures below 100MPa. (T = 378.150000, p=124948275.772696)

Warning: Density of water is only implemented for temperatures below 647K and pressures below 100MPa. (T = 378.150000, p=119443662.884367)

Warning: Density of water is only implemented for temperatures below 647K and pressures below 100MPa. (T = 378.150000, p=127398408.798140)

Warning: Density of water is only implemented for temperatures below 647K and pressures below 100MPa. (T = 378.150000, p=140397708.812734)

Warning: Density of water is only implemented for temperatures below 647K and pressures below 100MPa. (T = 378.150000, p=113186790.167255)

Warning: Density of water is only implemented for temperatures below 647K and pressures below 100MPa. (T = 378.150000, p=123418725.921869)

Warning: Density of water is only implemented for temperatures below 647K and pressures below 100MPa. (T = 378.150000, p=123418725.921869)

Warning: Density of water is only implemented for temperatures below 647K and pressures below 100MPa. (T = 378.150000, p=102941173.007357)

Warning: Density of water is only implemented for temperatures below 647K and pressures below 100MPa. (T = 378.150000, p=100159779.468393)

Warning: Density of water is only implemented for temperatures below 647K and pressures below 100MPa. (T = 378.150000, p=108100234.051080)

Warning: Density of water is only implemented for temperatures below 647K and pressures below 100MPa. (T = 378.150000, p=102862318.354633)

Warning: Density of water is only implemented for temperatures below 647K and pressures below 100MPa. (T = 378.150000, p=102862318.354633)

Warning: Density of water is only implemented for temperatures below 647K and pressures below 100MPa. (T = 378.150000, p=122277155.603366)

Warning: Density of water is only implemented for temperatures below 647K and pressures below 100MPa. (T = 378.150000, p=117377577.483204)

Warning: Density of water is only implemented for temperatures below 647K and pressures below 100MPa. (T = 378.150000, p=117377577.483204)

Warning: Density of water is only implemented for temperatures below 647K and pressures below 100MPa. (T = 378.150000, p=142035940.168463)

Warning: Density of water is only implemented for temperatures below 647K and pressures below 100MPa. (T = 378.150000, p=126698438.373622)

Warning: Density of water is only implemented for temperatures below 647K and pressures below 100MPa. (T = 378.150000, p=143995801.122116)

Warning: Density of water is only implemented for temperatures below 647K and pressures below 100MPa. (T = 378.150000, p=143995801.122116)

Warning: Density of water is only implemented for temperatures below 647K and pressures below 100MPa. (T = 378.150000, p=134010815.756078)

Warning: Density of water is only implemented for temperatures below 647K and pressures below 100MPa. (T = 378.150000, p=141842525.672636)

Warning: Density of water is only implemented for temperatures below 647K and pressures below 100MPa. (T = 378.150000, p=114709528.098127)

Warning: Density of water is only implemented for temperatures below 647K and pressures below 100MPa. (T = 378.150000, p=114709528.098127)

Warning: Density of water is only implemented for temperatures below 647K and pressures below 100MPa. (T = 378.150000, p=125554036.322878)

Warning: Density of water is only implemented for temperatures below 647K and pressures below 100MPa. (T = 378.150000, p=132945001.442506)

Warning: Density of water is only implemented for temperatures below 647K and pressures below 100MPa. (T = 378.150000, p=131518111.183883)

Warning: Density of water is only implemented for temperatures below 647K and pressures below 100MPa. (T = 378.150000, p=131518111.183883)

Warning: Density of water is only implemented for temperatures below 647K and pressures below 100MPa. (T = 378.150000, p=105178646.677899)

Warning: Density of water is only implemented for temperatures below 647K and pressures below 100MPa. (T = 378.150000, p=143721005.524842)

Warning: Density of water is only implemented for temperatures below 647K and pressures below 100MPa. (T = 378.150000, p=143721005.524842)

Warning: Density of water is only implemented for temperatures below 647K and pressures below 100MPa. (T = 378.150000, p=107275987.503633)

Warning: Density of water is only implemented for temperatures below 647K and pressures below 100MPa. (T = 378.150000, p=139202058.348113)

Warning: Density of water is only implemented for temperatures below 647K and pressures below 100MPa. (T = 378.150000, p=142466564.335757)

Warning: Density of water is only implemented for temperatures below 647K and pressures below 100MPa. (T = 378.150000, p=120240007.703130)

Warning: Density of water is only implemented for temperatures below 647K and pressures below 100MPa. (T = 378.150000, p=120240007.703130)

Warning: Density of water is only implemented for temperatures below 647K and pressures below 100MPa. (T = 378.150000, p=141641441.971402)

Warning: Density of water is only implemented for temperatures below 647K and pressures below 100MPa. (T = 378.150000, p=109168828.025882)

Warning: Density of water is only implemented for temperatures below 647K and pressures below 100MPa. (T = 378.150000, p=142886060.603224)

Warning: Density of water is only implemented for temperatures below 647K and pressures below 100MPa. (T = 378.150000, p=138078549.777190)

Warning: Density of water is only implemented for temperatures below 647K and pressures below 100MPa. (T = 378.150000, p=112760767.077811)

Warning: Density of water is only implemented for temperatures below 647K and pressures below 100MPa. (T = 378.150000, p=144023327.142707)

Warning: Density of water is only implemented for temperatures below 647K and pressures below 100MPa. (T = 378.150000, p=144023327.142707)

Warning: Density of water is only implemented for temperatures below 647K and pressures below 100MPa. (T = 378.150000, p=115173405.652674)

Warning: Density of water is only implemented for temperatures below 647K and pressures below 100MPa. (T = 378.150000, p=105310168.341708)

Warning: Density of water is only implemented for temperatures below 647K and pressures below 100MPa. (T = 378.150000, p=126340986.541287)

Warning: Density of water is only implemented for temperatures below 647K and pressures below 100MPa. (T = 378.150000, p=129132726.701016)

Warning: Density of water is only implemented for temperatures below 647K and pressures below 100MPa. (T = 378.150000, p=137943248.290019)

Warning: Density of water is only implemented for temperatures below 647K and pressures below 100MPa. (T = 378.150000, p=125661207.197003)

Warning: Density of water is only implemented for temperatures below 647K and pressures below 100MPa. (T = 378.150000, p=139915118.509934)

Warning: Density of water is only implemented for temperatures below 647K and pressures below 100MPa. (T = 378.150000, p=140250829.580355)

Warning: Density of water is only implemented for temperatures below 647K and pressures below 100MPa. (T = 378.150000, p=117565663.879424)

Warning: Density of water is only implemented for temperatures below 647K and pressures below 100MPa. (T = 378.150000, p=102124519.437549)

Warning: Density of water is only implemented for temperatures below 647K and pressures below 100MPa. (T = 378.150000, p=100953359.490346)

Warning: Density of water is only implemented for temperatures below 647K and pressures below 100MPa. (T = 378.150000, p=115954894.651330)

Warning: Density of water is only implemented for temperatures below 647K and pressures below 100MPa. (T = 378.150000, p=115954894.651330)

Warning: Density of water is only implemented for temperatures below 647K and pressures below 100MPa. (T = 378.150000, p=102477063.861354)

Warning: Density of water is only implemented for temperatures below 647K and pressures below 100MPa. (T = 378.150000, p=130234785.955716)

Warning: Density of water is only implemented for temperatures below 647K and pressures below 100MPa. (T = 378.150000, p=130234785.955716)

Warning: Density of water is only implemented for temperatures below 647K and pressures below 100MPa. (T = 378.150000, p=103219756.272371)

Warning: Density of water is only implemented for temperatures below 647K and pressures below 100MPa. (T = 378.150000, p=121073257.362458)

Warning: Density of water is only implemented for temperatures below 647K and pressures below 100MPa. (T = 378.150000, p=121073257.362458)

Warning: Density of water is only implemented for temperatures below 647K and pressures below 100MPa. (T = 378.150000, p=110741791.978551)

Warning: Density of water is only implemented for temperatures below 647K and pressures below 100MPa. (T = 378.150000, p=113564750.560821)

Warning: Density of water is only implemented for temperatures below 647K and pressures below 100MPa. (T = 378.150000, p=117217041.766395)

Warning: Density of water is only implemented for temperatures below 647K and pressures below 100MPa. (T = 378.150000, p=127572506.287254)

Warning: Density of water is only implemented for temperatures below 647K and pressures below 100MPa. (T = 378.150000, p=127572506.287254)

Warning: Density of water is only implemented for temperatures below 647K and pressures below 100MPa. (T = 378.150000, p=111386132.295794)

Warning: Density of water is only implemented for temperatures below 647K and pressures below 100MPa. (T = 378.150000, p=124329983.478565)

Warning: Density of water is only implemented for temperatures below 647K and pressures below 100MPa. (T = 378.150000, p=103192952.981317)

Warning: Density of water is only implemented for temperatures below 647K and pressures below 100MPa. (T = 378.150000, p=104830373.438219)

Warning: Density of water is only implemented for temperatures below 647K and pressures below 100MPa. (T = 378.150000, p=106865851.089607)

Warning: Density of water is only implemented for temperatures below 647K and pressures below 100MPa. (T = 378.150000, p=100718975.846542)

Warning: Density of water is only implemented for temperatures below 647K and pressures below 100MPa. (T = 378.150000, p=116336405.184146)

Warning: Density of water is only implemented for temperatures below 647K and pressures below 100MPa. (T = 378.150000, p=135180600.853652)

Warning: Density of water is only implemented for temperatures below 647K and pressures below 100MPa. (T = 378.150000, p=106670879.027519)

Warning: Density of water is only implemented for temperatures below 647K and pressures below 100MPa. (T = 378.150000, p=118906546.248186)

Warning: Density of water is only implemented for temperatures below 647K and pressures below 100MPa. (T = 378.150000, p=139343197.806812)

Warning: Density of water is only implemented for temperatures below 647K and pressures below 100MPa. (T = 378.150000, p=109600512.890913)

Warning: Density of water is only implemented for temperatures below 647K and pressures below 100MPa. (T = 378.150000, p=141766674.300906)

Warning: Density of water is only implemented for temperatures below 647K and pressures below 100MPa. (T = 378.150000, p=104935921.214837)

Warning: Density of water is only implemented for temperatures below 647K and pressures below 100MPa. (T = 378.150000, p=115002626.654382)

Warning: Density of water is only implemented for temperatures below 647K and pressures below 100MPa. (T = 378.150000, p=111730381.492563)

Warning: Density of water is only implemented for temperatures below 647K and pressures below 100MPa. (T = 378.150000, p=104706461.567303)

Warning: Density of water is only implemented for temperatures below 647K and pressures below 100MPa. (T = 378.150000, p=109454295.546782)

Warning: Density of water is only implemented for temperatures below 647K and pressures below 100MPa. (T = 378.150000, p=141208256.966132)

Warning: Density of water is only implemented for temperatures below 647K and pressures below 100MPa. (T = 378.150000, p=104961032.069309)

Warning: Density of water is only implemented for temperatures below 647K and pressures below 100MPa. (T = 378.150000, p=104961032.069309)

Warning: Density of water is only implemented for temperatures below 647K and pressures below 100MPa. (T = 378.150000, p=140995646.565978)

Warning: Density of water is only implemented for temperatures below 647K and pressures below 100MPa. (T = 378.150000, p=123549796.561418)

Warning: Density of water is only implemented for temperatures below 647K and pressures below 100MPa. (T = 378.150000, p=123549796.561418)

Warning: Density of water is only implemented for temperatures below 647K and pressures below 100MPa. (T = 378.150000, p=142395659.277755)

Warning: Density of water is only implemented for temperatures below 647K and pressures below 100MPa. (T = 378.150000, p=116771823.816704)

Warning: Density of water is only implemented for temperatures below 647K and pressures below 100MPa. (T = 378.150000, p=116771823.816704)

Warning: Density of water is only implemented for temperatures below 647K and pressures below 100MPa. (T = 378.150000, p=109251981.118110)

Warning: Density of water is only implemented for temperatures below 647K and pressures below 100MPa. (T = 378.150000, p=119198984.987247)

Warning: Density of water is only implemented for temperatures below 647K and pressures below 100MPa. (T = 378.150000, p=137458699.639719)

Warning: Density of water is only implemented for temperatures below 647K and pressures below 100MPa. (T = 378.150000, p=123505577.344232)

Warning: Density of water is only implemented for temperatures below 647K and pressures below 100MPa. (T = 378.150000, p=123505577.344232)

Warning: Density of water is only implemented for temperatures below 647K and pressures below 100MPa. (T = 378.150000, p=113546115.873780)

Warning: Density of water is only implemented for temperatures below 647K and pressures below 100MPa. (T = 378.150000, p=109661193.107975)

Warning: Density of water is only implemented for temperatures below 647K and pressures below 100MPa. (T = 378.150000, p=103184304.969791)

Warning: Density of water is only implemented for temperatures below 647K and pressures below 100MPa. (T = 378.150000, p=100559095.419702)

Warning: Density of water is only implemented for temperatures below 647K and pressures below 100MPa. (T = 378.150000, p=127018450.530387)

Warning: Density of water is only implemented for temperatures below 647K and pressures below 100MPa. (T = 378.150000, p=127018450.530387)

Warning: Density of water is only implemented for temperatures below 647K and pressures below 100MPa. (T = 378.150000, p=101216708.500350)

Warning: Density of water is only implemented for temperatures below 647K and pressures below 100MPa. (T = 378.150000, p=127305000.650718)

Warning: Density of water is only implemented for temperatures below 647K and pressures below 100MPa. (T = 378.150000, p=109668977.367176)

Warning: Density of water is only implemented for temperatures below 647K and pressures below 100MPa. (T = 378.150000, p=109668977.367176)

Warning: Density of water is only implemented for temperatures below 647K and pressures below 100MPa. (T = 378.150000, p=116414379.965300)

Warning: Density of water is only implemented for temperatures below 647K and pressures below 100MPa. (T = 378.150000, p=116414379.965300)

Warning: Density of water is only implemented for temperatures below 647K and pressures below 100MPa. (T = 378.150000, p=107206354.928940)

Warning: Density of water is only implemented for temperatures below 647K and pressures below 100MPa. (T = 378.150000, p=107325586.747847)

Warning: Density of water is only implemented for temperatures below 647K and pressures below 100MPa. (T = 378.150000, p=101200322.382825)

Warning: Density of water is only implemented for temperatures below 647K and pressures below 100MPa. (T = 378.150000, p=101395329.074025)

Warning: Density of water is only implemented for temperatures below 647K and pressures below 100MPa. (T = 378.150000, p=101395329.074025)

Warning: Density of water is only implemented for temperatures below 647K and pressures below 100MPa. (T = 378.150000, p=114453219.968752)

Warning: Density of water is only implemented for temperatures below 647K and pressures below 100MPa. (T = 378.150000, p=104791556.899347)

Warning: Density of water is only implemented for temperatures below 647K and pressures below 100MPa. (T = 378.150000, p=143569456.960825)

Warning: Density of water is only implemented for temperatures below 647K and pressures below 100MPa. (T = 378.150000, p=113425129.555177)

Warning: Density of water is only implemented for temperatures below 647K and pressures below 100MPa. (T = 378.150000, p=134375325.825257)

Warning: Density of water is only implemented for temperatures below 647K and pressures below 100MPa. (T = 378.150000, p=130359231.223278)

Warning: Density of water is only implemented for temperatures below 647K and pressures below 100MPa. (T = 378.150000, p=114944091.983028)

Warning: Density of water is only implemented for temperatures below 647K and pressures below 100MPa. (T = 378.150000, p=114944091.983028)

Warning: Density of water is only implemented for temperatures below 647K and pressures below 100MPa. (T = 378.150000, p=114968896.756261)

Warning: Density of water is only implemented for temperatures below 647K and pressures below 100MPa. (T = 378.150000, p=137666389.956661)

Warning: Density of water is only implemented for temperatures below 647K and pressures below 100MPa. (T = 378.150000, p=105369189.389814)

Warning: Density of water is only implemented for temperatures below 647K and pressures below 100MPa. (T = 378.150000, p=105369189.389814)

Warning: Density of water is only implemented for temperatures below 647K and pressures below 100MPa. (T = 378.150000, p=115763541.550789)

Warning: Density of water is only implemented for temperatures below 647K and pressures below 100MPa. (T = 378.150000, p=111280601.551106)

Warning: Density of water is only implemented for temperatures below 647K and pressures below 100MPa. (T = 378.150000, p=133691045.310650)

Warning: Density of water is only implemented for temperatures below 647K and pressures below 100MPa. (T = 378.150000, p=100019899.866009)

Warning: Density of water is only implemented for temperatures below 647K and pressures below 100MPa. (T = 378.150000, p=100019899.866009)

Warning: Density of water is only implemented for temperatures below 647K and pressures below 100MPa. (T = 378.150000, p=102263591.111731)

Warning: Density of water is only implemented for temperatures below 647K and pressures below 100MPa. (T = 378.150000, p=141066849.719608)

Warning: Density of water is only implemented for temperatures below 647K and pressures below 100MPa. (T = 378.150000, p=134566936.206524)

Warning: Density of water is only implemented for temperatures below 647K and pressures below 100MPa. (T = 378.150000, p=134566936.206524)

Warning: Density of water is only implemented for temperatures below 647K and pressures below 100MPa. (T = 378.150000, p=139122858.541716)

Warning: Density of water is only implemented for temperatures below 647K and pressures below 100MPa. (T = 378.150000, p=140421111.394843)

Warning: Density of water is only implemented for temperatures below 647K and pressures below 100MPa. (T = 378.150000, p=132955930.278134)

Warning: Density of water is only implemented for temperatures below 647K and pressures below 100MPa. (T = 378.150000, p=132955930.278134)

Warning: Density of water is only implemented for temperatures below 647K and pressures below 100MPa. (T = 378.150000, p=142013927.881580)

Warning: Density of water is only implemented for temperatures below 647K and pressures below 100MPa. (T = 378.150000, p=109550442.790303)

Warning: Density of water is only implemented for temperatures below 647K and pressures below 100MPa. (T = 378.150000, p=130280897.131266)

Warning: Density of water is only implemented for temperatures below 647K and pressures below 100MPa. (T = 378.150000, p=130280897.131266)

Warning: Density of water is only implemented for temperatures below 647K and pressures below 100MPa. (T = 378.150000, p=150438366.475344)

Warning: Density of water is only implemented for temperatures below 647K and pressures below 100MPa. (T = 378.150000, p=143251018.778040)

Warning: Density of water is only implemented for temperatures below 647K and pressures below 100MPa. (T = 378.150000, p=141273145.344404)

Warning: Density of water is only implemented for temperatures below 647K and pressures below 100MPa. (T = 378.150000, p=108740734.238756)

Warning: Density of water is only implemented for temperatures below 647K and pressures below 100MPa. (T = 378.150000, p=108740734.238756)

Warning: Density of water is only implemented for temperatures below 647K and pressures below 100MPa. (T = 378.150000, p=140319979.042218)

Warning: Density of water is only implemented for temperatures below 647K and pressures below 100MPa. (T = 378.150000, p=115820479.921702)

Warning: Density of water is only implemented for temperatures below 647K and pressures below 100MPa. (T = 378.150000, p=139610789.611354)

Warning: Density of water is only implemented for temperatures below 647K and pressures below 100MPa. (T = 378.150000, p=139610789.611354)

Warning: Density of water is only implemented for temperatures below 647K and pressures below 100MPa. (T = 378.150000, p=103478797.099106)

Warning: Density of water is only implemented for temperatures below 647K and pressures below 100MPa. (T = 378.150000, p=133102466.469553)

Warning: Density of water is only implemented for temperatures below 647K and pressures below 100MPa. (T = 378.150000, p=102836581.739731)

Warning: Density of water is only implemented for temperatures below 647K and pressures below 100MPa. (T = 378.150000, p=113185447.766447)

Warning: Density of water is only implemented for temperatures below 647K and pressures below 100MPa. (T = 378.150000, p=110699349.300873)

Warning: Density of water is only implemented for temperatures below 647K and pressures below 100MPa. (T = 378.150000, p=139792213.525529)

Warning: Density of water is only implemented for temperatures below 647K and pressures below 100MPa. (T = 378.150000, p=125899746.060513)

Warning: Density of water is only implemented for temperatures below 647K and pressures below 100MPa. (T = 378.150000, p=127157187.380902)

Warning: Density of water is only implemented for temperatures below 647K and pressures below 100MPa. (T = 378.150000, p=111736018.292205)

Warning: Density of water is only implemented for temperatures below 647K and pressures below 100MPa. (T = 378.150000, p=125058139.325448)

Warning: Density of water is only implemented for temperatures below 647K and pressures below 100MPa. (T = 378.150000, p=104192316.496255)

Warning: Density of water is only implemented for temperatures below 647K and pressures below 100MPa. (T = 378.150000, p=139316461.517117)

Warning: Density of water is only implemented for temperatures below 647K and pressures below 100MPa. (T = 378.150000, p=112824873.141752)

Warning: Density of water is only implemented for temperatures below 647K and pressures below 100MPa. (T = 378.150000, p=128463160.748075)

Warning: Density of water is only implemented for temperatures below 647K and pressures below 100MPa. (T = 378.150000, p=128463160.748075)

Warning: Density of water is only implemented for temperatures below 647K and pressures below 100MPa. (T = 378.150000, p=138447979.837370)

Warning: Density of water is only implemented for temperatures below 647K and pressures below 100MPa. (T = 378.150000, p=128279789.836002)

Warning: Density of water is only implemented for temperatures below 647K and pressures below 100MPa. (T = 378.150000, p=128279789.836002)

Warning: Density of water is only implemented for temperatures below 647K and pressures below 100MPa. (T = 378.150000, p=137122574.244368)

Warning: Density of water is only implemented for temperatures below 647K and pressures below 100MPa. (T = 378.150000, p=119440336.189104)

Warning: Density of water is only implemented for temperatures below 647K and pressures below 100MPa. (T = 378.150000, p=141738898.709326)

Warning: Density of water is only implemented for temperatures below 647K and pressures below 100MPa. (T = 378.150000, p=141738898.709326)

Warning: Density of water is only implemented for temperatures below 647K and pressures below 100MPa. (T = 378.150000, p=103823825.891541)

Warning: Density of water is only implemented for temperatures below 647K and pressures below 100MPa. (T = 378.150000, p=120130806.342403)

Warning: Density of water is only implemented for temperatures below 647K and pressures below 100MPa. (T = 378.150000, p=103891621.364064)

Warning: Density of water is only implemented for temperatures below 647K and pressures below 100MPa. (T = 378.150000, p=114872102.934316)

Warning: Density of water is only implemented for temperatures below 647K and pressures below 100MPa. (T = 378.150000, p=139955489.519103)

Warning: Density of water is only implemented for temperatures below 647K and pressures below 100MPa. (T = 378.150000, p=120689211.731164)

Warning: Density of water is only implemented for temperatures below 647K and pressures below 100MPa. (T = 378.150000, p=107951131.793965)

Warning: Density of water is only implemented for temperatures below 647K and pressures below 100MPa. (T = 378.150000, p=107951131.793965)

Warning: Density of water is only implemented for temperatures below 647K and pressures below 100MPa. (T = 378.150000, p=117284139.813679)

Warning: Density of water is only implemented for temperatures below 647K and pressures below 100MPa. (T = 378.150000, p=115431243.047317)

Warning: Density of water is only implemented for temperatures below 647K and pressures below 100MPa. (T = 378.150000, p=141615054.053412)

Warning: Density of water is only implemented for temperatures below 647K and pressures below 100MPa. (T = 378.150000, p=100995813.803224)

Warning: Density of water is only implemented for temperatures below 647K and pressures below 100MPa. (T = 378.150000, p=133629099.845388)

Warning: Density of water is only implemented for temperatures below 647K and pressures below 100MPa. (T = 378.150000, p=108146851.153484)

Warning: Density of water is only implemented for temperatures below 647K and pressures below 100MPa. (T = 378.150000, p=108146851.153484)

Warning: Density of water is only implemented for temperatures below 647K and pressures below 100MPa. (T = 378.150000, p=106543771.603833)

Warning: Density of water is only implemented for temperatures below 647K and pressures below 100MPa. (T = 378.150000, p=121772369.414246)

Warning: Density of water is only implemented for temperatures below 647K and pressures below 100MPa. (T = 378.150000, p=103144430.021192)

Warning: Density of water is only implemented for temperatures below 647K and pressures below 100MPa. (T = 378.150000, p=108824894.297149)

Warning: Density of water is only implemented for temperatures below 647K and pressures below 100MPa. (T = 378.150000, p=108824894.297149)

Warning: Density of water is only implemented for temperatures below 647K and pressures below 100MPa. (T = 378.150000, p=103729680.886149)

Warning: Density of water is only implemented for temperatures below 647K and pressures below 100MPa. (T = 378.150000, p=103138009.816214)

Warning: Density of water is only implemented for temperatures below 647K and pressures below 100MPa. (T = 378.150000, p=110082829.696581)

Warning: Density of water is only implemented for temperatures below 647K and pressures below 100MPa. (T = 378.150000, p=123632983.749028)

Warning: Density of water is only implemented for temperatures below 647K and pressures below 100MPa. (T = 378.150000, p=111117920.090318)

Warning: Density of water is only implemented for temperatures below 647K and pressures below 100MPa. (T = 378.150000, p=122316557.738241)

Warning: Density of water is only implemented for temperatures below 647K and pressures below 100MPa. (T = 378.150000, p=106176475.893052)

Warning: Density of water is only implemented for temperatures below 647K and pressures below 100MPa. (T = 378.150000, p=133234780.099658)

Warning: Density of water is only implemented for temperatures below 647K and pressures below 100MPa. (T = 378.150000, p=113041554.321345)

Warning: Density of water is only implemented for temperatures below 647K and pressures below 100MPa. (T = 378.150000, p=141567925.096255)

Warning: Density of water is only implemented for temperatures below 647K and pressures below 100MPa. (T = 378.150000, p=121318612.130226)

Warning: Density of water is only implemented for temperatures below 647K and pressures below 100MPa. (T = 378.150000, p=111174502.949285)

Warning: Density of water is only implemented for temperatures below 647K and pressures below 100MPa. (T = 378.150000, p=111174502.949285)

Warning: Density of water is only implemented for temperatures below 647K and pressures below 100MPa. (T = 378.150000, p=110312140.665848)

Warning: Density of water is only implemented for temperatures below 647K and pressures below 100MPa. (T = 378.150000, p=105614873.813836)

Warning: Density of water is only implemented for temperatures below 647K and pressures below 100MPa. (T = 378.150000, p=120650532.115427)

Warning: Density of water is only implemented for temperatures below 647K and pressures below 100MPa. (T = 378.150000, p=121079581.592833)

Warning: Density of water is only implemented for temperatures below 647K and pressures below 100MPa. (T = 378.150000, p=122569772.807299)

Warning: Density of water is only implemented for temperatures below 647K and pressures below 100MPa. (T = 378.150000, p=117235414.103298)

Warning: Density of water is only implemented for temperatures below 647K and pressures below 100MPa. (T = 378.150000, p=107298387.059837)

Warning: Density of water is only implemented for temperatures below 647K and pressures below 100MPa. (T = 378.150000, p=121905900.330735)

Warning: Density of water is only implemented for temperatures below 647K and pressures below 100MPa. (T = 378.150000, p=115246461.998260)

Warning: Density of water is only implemented for temperatures below 647K and pressures below 100MPa. (T = 378.150000, p=122872319.562620)

Warning: Density of water is only implemented for temperatures below 647K and pressures below 100MPa. (T = 378.150000, p=105760669.801870)

Warning: Density of water is only implemented for temperatures below 647K and pressures below 100MPa. (T = 378.150000, p=123145528.862373)

Warning: Density of water is only implemented for temperatures below 647K and pressures below 100MPa. (T = 378.150000, p=117961493.562529)

Warning: Density of water is only implemented for temperatures below 647K and pressures below 100MPa. (T = 378.150000, p=134010110.404183)

Warning: Density of water is only implemented for temperatures below 647K and pressures below 100MPa. (T = 378.150000, p=106214937.257924)

Warning: Density of water is only implemented for temperatures below 647K and pressures below 100MPa. (T = 378.150000, p=140320239.326849)

Warning: Density of water is only implemented for temperatures below 647K and pressures below 100MPa. (T = 378.150000, p=102198985.678643)

Warning: Density of water is only implemented for temperatures below 647K and pressures below 100MPa. (T = 378.150000, p=107524514.119754)

Warning: Density of water is only implemented for temperatures below 647K and pressures below 100MPa. (T = 378.150000, p=135272772.013460)

Warning: Density of water is only implemented for temperatures below 647K and pressures below 100MPa. (T = 378.150000, p=135272772.013460)

Warning: Density of water is only implemented for temperatures below 647K and pressures below 100MPa. (T = 378.150000, p=119168529.747765)

Warning: Density of water is only implemented for temperatures below 647K and pressures below 100MPa. (T = 378.150000, p=110610252.600508)

Warning: Density of water is only implemented for temperatures below 647K and pressures below 100MPa. (T = 378.150000, p=116637890.789952)

Warning: Density of water is only implemented for temperatures below 647K and pressures below 100MPa. (T = 378.150000, p=138623650.691610)

Warning: Density of water is only implemented for temperatures below 647K and pressures below 100MPa. (T = 378.150000, p=138623650.691610)

Warning: Density of water is only implemented for temperatures below 647K and pressures below 100MPa. (T = 378.150000, p=129849715.377219)

Warning: Density of water is only implemented for temperatures below 647K and pressures below 100MPa. (T = 378.150000, p=137074611.457150)

Warning: Density of water is only implemented for temperatures below 647K and pressures below 100MPa. (T = 378.150000, p=141498940.978860)

Warning: Density of water is only implemented for temperatures below 647K and pressures below 100MPa. (T = 378.150000, p=100401750.426498)

Warning: Density of water is only implemented for temperatures below 647K and pressures below 100MPa. (T = 378.150000, p=103313169.881412)

Warning: Density of water is only implemented for temperatures below 647K and pressures below 100MPa. (T = 378.150000, p=150652647.317193)

Warning: Density of water is only implemented for temperatures below 647K and pressures below 100MPa. (T = 378.150000, p=142609980.298597)

Warning: Density of water is only implemented for temperatures below 647K and pressures below 100MPa. (T = 378.150000, p=134103676.480979)

Warning: Density of water is only implemented for temperatures below 647K and pressures below 100MPa. (T = 378.150000, p=125799145.384976)

Warning: Density of water is only implemented for temperatures below 647K and pressures below 100MPa. (T = 378.150000, p=138837765.965001)

Warning: Density of water is only implemented for temperatures below 647K and pressures below 100MPa. (T = 378.150000, p=106780679.370774)

Warning: Density of water is only implemented for temperatures below 647K and pressures below 100MPa. (T = 378.150000, p=114360138.388095)

Warning: Density of water is only implemented for temperatures below 647K and pressures below 100MPa. (T = 378.150000, p=103524475.158801)

Warning: Density of water is only implemented for temperatures below 647K and pressures below 100MPa. (T = 378.150000, p=141876211.003076)

Warning: Density of water is only implemented for temperatures below 647K and pressures below 100MPa. (T = 378.150000, p=141876211.003076)

Warning: Density of water is only implemented for temperatures below 647K and pressures below 100MPa. (T = 378.150000, p=107260521.845228)

Warning: Density of water is only implemented for temperatures below 647K and pressures below 100MPa. (T = 378.150000, p=107260521.845228)

Warning: Density of water is only implemented for temperatures below 647K and pressures below 100MPa. (T = 378.150000, p=114435952.099236)

Warning: Density of water is only implemented for temperatures below 647K and pressures below 100MPa. (T = 378.150000, p=103882116.385652)

Warning: Density of water is only implemented for temperatures below 647K and pressures below 100MPa. (T = 378.150000, p=101372944.511967)

Warning: Density of water is only implemented for temperatures below 647K and pressures below 100MPa. (T = 378.150000, p=105139895.239240)

Warning: Density of water is only implemented for temperatures below 647K and pressures below 100MPa. (T = 378.150000, p=115035104.485807)

Warning: Density of water is only implemented for temperatures below 647K and pressures below 100MPa. (T = 378.150000, p=111226128.406611)

Warning: Density of water is only implemented for temperatures below 647K and pressures below 100MPa. (T = 378.150000, p=111226128.406611)

Warning: Density of water is only implemented for temperatures below 647K and pressures below 100MPa. (T = 378.150000, p=112864558.471924)

Warning: Density of water is only implemented for temperatures below 647K and pressures below 100MPa. (T = 378.150000, p=126937236.472085)

Warning: Density of water is only implemented for temperatures below 647K and pressures below 100MPa. (T = 378.150000, p=126937236.472085)

Warning: Density of water is only implemented for temperatures below 647K and pressures below 100MPa. (T = 378.150000, p=107642114.544251)

Warning: Density of water is only implemented for temperatures below 647K and pressures below 100MPa. (T = 378.150000, p=114583039.021921)

Warning: Density of water is only implemented for temperatures below 647K and pressures below 100MPa. (T = 378.150000, p=118817901.119838)

Warning: Density of water is only implemented for temperatures below 647K and pressures below 100MPa. (T = 378.150000, p=106395467.365546)

Warning: Density of water is only implemented for temperatures below 647K and pressures below 100MPa. (T = 378.150000, p=106395467.365546)

Warning: Density of water is only implemented for temperatures below 647K and pressures below 100MPa. (T = 378.150000, p=111450756.720509)

Warning: Density of water is only implemented for temperatures below 647K and pressures below 100MPa. (T = 378.150000, p=101425638.346621)

Warning: Density of water is only implemented for temperatures below 647K and pressures below 100MPa. (T = 378.150000, p=106535150.472709)

Warning: Density of water is only implemented for temperatures below 647K and pressures below 100MPa. (T = 378.150000, p=106535150.472709)

Warning: Density of water is only implemented for temperatures below 647K and pressures below 100MPa. (T = 378.150000, p=111174730.276103)

Warning: Density of water is only implemented for temperatures below 647K and pressures below 100MPa. (T = 378.150000, p=121862060.399898)

Warning: Density of water is only implemented for temperatures below 647K and pressures below 100MPa. (T = 378.150000, p=121862060.399898)

Warning: Density of water is only implemented for temperatures below 647K and pressures below 100MPa. (T = 378.150000, p=101816410.971447)

Warning: Density of water is only implemented for temperatures below 647K and pressures below 100MPa. (T = 378.150000, p=117956916.663194)

Warning: Density of water is only implemented for temperatures below 647K and pressures below 100MPa. (T = 378.150000, p=100657690.136228)

Warning: Density of water is only implemented for temperatures below 647K and pressures below 100MPa. (T = 378.150000, p=100657690.136228)

Warning: Density of water is only implemented for temperatures below 647K and pressures below 100MPa. (T = 378.150000, p=120118667.061763)

Warning: Density of water is only implemented for temperatures below 647K and pressures below 100MPa. (T = 378.150000, p=102912840.980876)

Warning: Density of water is only implemented for temperatures below 647K and pressures below 100MPa. (T = 378.150000, p=102912840.980876)

Warning: Density of water is only implemented for temperatures below 647K and pressures below 100MPa. (T = 378.150000, p=120421371.284404)

Warning: Density of water is only implemented for temperatures below 647K and pressures below 100MPa. (T = 378.150000, p=111203246.079084)

Warning: Density of water is only implemented for temperatures below 647K and pressures below 100MPa. (T = 378.150000, p=111203246.079084)

Warning: Density of water is only implemented for temperatures below 647K and pressures below 100MPa. (T = 378.150000, p=117986210.772317)

Warning: Density of water is only implemented for temperatures below 647K and pressures below 100MPa. (T = 378.150000, p=106038326.249460)

Warning: Density of water is only implemented for temperatures below 647K and pressures below 100MPa. (T = 378.150000, p=106038326.249460)

Warning: Density of water is only implemented for temperatures below 647K and pressures below 100MPa. (T = 378.150000, p=103298822.662822)

Warning: Density of water is only implemented for temperatures below 647K and pressures below 100MPa. (T = 378.150000, p=124477403.700987)

Warning: Density of water is only implemented for temperatures below 647K and pressures below 100MPa. (T = 378.150000, p=124106796.001174)

Warning: Density of water is only implemented for temperatures below 647K and pressures below 100MPa. (T = 378.150000, p=121966085.413057)

Warning: Density of water is only implemented for temperatures below 647K and pressures below 100MPa. (T = 378.150000, p=121569102.737268)

Warning: Density of water is only implemented for temperatures below 647K and pressures below 100MPa. (T = 378.150000, p=126429117.150658)

Warning: Density of water is only implemented for temperatures below 647K and pressures below 100MPa. (T = 378.150000, p=106144871.440553)

Warning: Density of water is only implemented for temperatures below 647K and pressures below 100MPa. (T = 378.150000, p=106144871.440553)

Warning: Density of water is only implemented for temperatures below 647K and pressures below 100MPa. (T = 378.150000, p=108156148.595197)

Warning: Density of water is only implemented for temperatures below 647K and pressures below 100MPa. (T = 378.150000, p=117213188.224611)

Warning: Density of water is only implemented for temperatures below 647K and pressures below 100MPa. (T = 378.150000, p=117213188.224611)

Warning: Density of water is only implemented for temperatures below 647K and pressures below 100MPa. (T = 378.150000, p=124639908.393230)

Warning: Density of water is only implemented for temperatures below 647K and pressures below 100MPa. (T = 378.150000, p=100051655.802504)

Warning: Density of water is only implemented for temperatures below 647K and pressures below 100MPa. (T = 378.150000, p=102444278.064892)

Warning: Density of water is only implemented for temperatures below 647K and pressures below 100MPa. (T = 378.150000, p=100835608.314624)

Warning: Density of water is only implemented for temperatures below 647K and pressures below 100MPa. (T = 378.150000, p=100835608.314624)

Warning: Density of water is only implemented for temperatures below 647K and pressures below 100MPa. (T = 378.150000, p=114617015.901501)

Warning: Density of water is only implemented for temperatures below 647K and pressures below 100MPa. (T = 378.150000, p=107642976.938752)

Warning: Density of water is only implemented for temperatures below 647K and pressures below 100MPa. (T = 378.150000, p=101371387.804062)

Warning: Density of water is only implemented for temperatures below 647K and pressures below 100MPa. (T = 378.150000, p=101036501.327902)

Warning: Density of water is only implemented for temperatures below 647K and pressures below 100MPa. (T = 378.150000, p=119039185.099402)

Warning: Density of water is only implemented for temperatures below 647K and pressures below 100MPa. (T = 378.150000, p=122457905.488991)

Warning: Density of water is only implemented for temperatures below 647K and pressures below 100MPa. (T = 378.150000, p=141951557.037722)

Warning: Density of water is only implemented for temperatures below 647K and pressures below 100MPa. (T = 378.150000, p=139028221.392345)

Warning: Density of water is only implemented for temperatures below 647K and pressures below 100MPa. (T = 378.150000, p=110748287.916180)

Warning: Density of water is only implemented for temperatures below 647K and pressures below 100MPa. (T = 378.150000, p=125209400.846542)

Warning: Density of water is only implemented for temperatures below 647K and pressures below 100MPa. (T = 378.150000, p=142933939.083421)

Warning: Density of water is only implemented for temperatures below 647K and pressures below 100MPa. (T = 378.150000, p=106028366.606622)

Warning: Density of water is only implemented for temperatures below 647K and pressures below 100MPa. (T = 378.150000, p=106028366.606622)

Warning: Density of water is only implemented for temperatures below 647K and pressures below 100MPa. (T = 378.150000, p=140376090.471098)

Warning: Density of water is only implemented for temperatures below 647K and pressures below 100MPa. (T = 378.150000, p=105363060.900473)

Warning: Density of water is only implemented for temperatures below 647K and pressures below 100MPa. (T = 378.150000, p=130562666.215793)

Warning: Density of water is only implemented for temperatures below 647K and pressures below 100MPa. (T = 378.150000, p=104334907.301254)

Warning: Density of water is only implemented for temperatures below 647K and pressures below 100MPa. (T = 378.150000, p=151084887.036386)

Warning: Density of water is only implemented for temperatures below 647K and pressures below 100MPa. (T = 378.150000, p=151084887.036386)

Warning: Density of water is only implemented for temperatures below 647K and pressures below 100MPa. (T = 378.150000, p=120864674.328244)

Warning: Density of water is only implemented for temperatures below 647K and pressures below 100MPa. (T = 378.150000, p=142092756.715833)

Warning: Density of water is only implemented for temperatures below 647K and pressures below 100MPa. (T = 378.150000, p=139928822.299927)

Warning: Density of water is only implemented for temperatures below 647K and pressures below 100MPa. (T = 378.150000, p=133215995.574903)

Warning: Density of water is only implemented for temperatures below 647K and pressures below 100MPa. (T = 378.150000, p=129113103.461211)

Warning: Density of water is only implemented for temperatures below 647K and pressures below 100MPa. (T = 378.150000, p=102777151.940653)

Warning: Density of water is only implemented for temperatures below 647K and pressures below 100MPa. (T = 378.150000, p=125037194.168109)

Warning: Density of water is only implemented for temperatures below 647K and pressures below 100MPa. (T = 378.150000, p=125037194.168109)

Warning: Density of water is only implemented for temperatures below 647K and pressures below 100MPa. (T = 378.150000, p=101252408.938055)

Warning: Density of water is only implemented for temperatures below 647K and pressures below 100MPa. (T = 378.150000, p=137985072.105969)

Warning: Density of water is only implemented for temperatures below 647K and pressures below 100MPa. (T = 378.150000, p=119686315.569387)

Warning: Density of water is only implemented for temperatures below 647K and pressures below 100MPa. (T = 378.150000, p=119686315.569387)

Warning: Density of water is only implemented for temperatures below 647K and pressures below 100MPa. (T = 378.150000, p=138475029.062980)

Warning: Density of water is only implemented for temperatures below 647K and pressures below 100MPa. (T = 378.150000, p=136714177.593356)

Warning: Density of water is only implemented for temperatures below 647K and pressures below 100MPa. (T = 378.150000, p=120464489.111965)

Warning: Density of water is only implemented for temperatures below 647K and pressures below 100MPa. (T = 378.150000, p=125494880.850709)

Warning: Density of water is only implemented for temperatures below 647K and pressures below 100MPa. (T = 378.150000, p=115670439.335850)

Warning: Density of water is only implemented for temperatures below 647K and pressures below 100MPa. (T = 378.150000, p=100382737.045848)

Warning: Density of water is only implemented for temperatures below 647K and pressures below 100MPa. (T = 378.150000, p=108281447.671744)

Warning: Density of water is only implemented for temperatures below 647K and pressures below 100MPa. (T = 378.150000, p=118911944.071125)

Warning: Density of water is only implemented for temperatures below 647K and pressures below 100MPa. (T = 378.150000, p=100556021.498488)

Warning: Density of water is only implemented for temperatures below 647K and pressures below 100MPa. (T = 378.150000, p=109008106.421696)

Warning: Density of water is only implemented for temperatures below 647K and pressures below 100MPa. (T = 378.150000, p=136734802.834210)

Warning: Density of water is only implemented for temperatures below 647K and pressures below 100MPa. (T = 378.150000, p=102391377.622608)

Warning: Density of water is only implemented for temperatures below 647K and pressures below 100MPa. (T = 378.150000, p=118536889.037586)

Warning: Density of water is only implemented for temperatures below 647K and pressures below 100MPa. (T = 378.150000, p=116362866.969780)

Warning: Density of water is only implemented for temperatures below 647K and pressures below 100MPa. (T = 378.150000, p=116620075.319277)

Warning: Density of water is only implemented for temperatures below 647K and pressures below 100MPa. (T = 378.150000, p=116788290.799237)

Warning: Density of water is only implemented for temperatures below 647K and pressures below 100MPa. (T = 378.150000, p=118941165.260280)

Warning: Density of water is only implemented for temperatures below 647K and pressures below 100MPa. (T = 378.150000, p=118660243.076810)

Warning: Density of water is only implemented for temperatures below 647K and pressures below 100MPa. (T = 378.150000, p=118462774.740938)

Warning: Density of water is only implemented for temperatures below 647K and pressures below 100MPa. (T = 378.150000, p=122814053.217150)

Warning: Density of water is only implemented for temperatures below 647K and pressures below 100MPa. (T = 378.150000, p=121674400.357613)

Warning: Density of water is only implemented for temperatures below 647K and pressures below 100MPa. (T = 378.150000, p=101721409.675334)

Warning: Density of water is only implemented for temperatures below 647K and pressures below 100MPa. (T = 378.150000, p=124379656.275371)

Warning: Density of water is only implemented for temperatures below 647K and pressures below 100MPa. (T = 378.150000, p=127644749.365912)

Warning: Density of water is only implemented for temperatures below 647K and pressures below 100MPa. (T = 378.150000, p=126023015.966519)

Warning: Density of water is only implemented for temperatures below 647K and pressures below 100MPa. (T = 378.150000, p=117894732.656445)

Warning: Density of water is only implemented for temperatures below 647K and pressures below 100MPa. (T = 378.150000, p=110721640.090760)

Warning: Density of water is only implemented for temperatures below 647K and pressures below 100MPa. (T = 378.150000, p=100514072.856870)

Warning: Density of water is only implemented for temperatures below 647K and pressures below 100MPa. (T = 378.150000, p=113904418.933234)

Warning: Density of water is only implemented for temperatures below 647K and pressures below 100MPa. (T = 378.150000, p=120538845.132470)

Warning: Density of water is only implemented for temperatures below 647K and pressures below 100MPa. (T = 378.150000, p=120994482.486507)

Warning: Density of water is only implemented for temperatures below 647K and pressures below 100MPa. (T = 378.150000, p=141691896.062486)

Warning: Density of water is only implemented for temperatures below 647K and pressures below 100MPa. (T = 378.150000, p=124731136.824780)

Warning: Density of water is only implemented for temperatures below 647K and pressures below 100MPa. (T = 378.150000, p=124682351.630838)

Warning: Density of water is only implemented for temperatures below 647K and pressures below 100MPa. (T = 378.150000, p=138093793.626233)

Warning: Density of water is only implemented for temperatures below 647K and pressures below 100MPa. (T = 378.150000, p=138220709.710819)

Warning: Density of water is only implemented for temperatures below 647K and pressures below 100MPa. (T = 378.150000, p=137109975.216361)

Warning: Density of water is only implemented for temperatures below 647K and pressures below 100MPa. (T = 378.150000, p=120619803.364936)

Warning: Density of water is only implemented for temperatures below 647K and pressures below 100MPa. (T = 378.150000, p=122963604.840480)

Warning: Density of water is only implemented for temperatures below 647K and pressures below 100MPa. (T = 378.150000, p=137107669.487513)

Warning: Density of water is only implemented for temperatures below 647K and pressures below 100MPa. (T = 378.150000, p=112662917.555734)

Warning: Density of water is only implemented for temperatures below 647K and pressures below 100MPa. (T = 378.150000, p=119499377.405413)

Warning: Density of water is only implemented for temperatures below 647K and pressures below 100MPa. (T = 378.150000, p=135703991.027779)

Warning: Density of water is only implemented for temperatures below 647K and pressures below 100MPa. (T = 378.150000, p=123591529.507094)

Warning: Density of water is only implemented for temperatures below 647K and pressures below 100MPa. (T = 378.150000, p=124464500.908929)

Warning: Density of water is only implemented for temperatures below 647K and pressures below 100MPa. (T = 378.150000, p=107336701.092680)

Warning: Density of water is only implemented for temperatures below 647K and pressures below 100MPa. (T = 378.150000, p=105439017.122543)

Warning: Density of water is only implemented for temperatures below 647K and pressures below 100MPa. (T = 378.150000, p=121966453.821087)

Warning: Density of water is only implemented for temperatures below 647K and pressures below 100MPa. (T = 378.150000, p=116305105.579308)

Warning: Density of water is only implemented for temperatures below 647K and pressures below 100MPa. (T = 378.150000, p=111570249.492550)

Warning: Density of water is only implemented for temperatures below 647K and pressures below 100MPa. (T = 378.150000, p=100784729.702327)

Warning: Density of water is only implemented for temperatures below 647K and pressures below 100MPa. (T = 378.150000, p=110171421.983648)

Warning: Density of water is only implemented for temperatures below 647K and pressures below 100MPa. (T = 378.150000, p=122599070.359443)

Warning: Density of water is only implemented for temperatures below 647K and pressures below 100MPa. (T = 378.150000, p=126963853.996513)

Warning: Density of water is only implemented for temperatures below 647K and pressures below 100MPa. (T = 378.150000, p=126356161.709017)

Warning: Density of water is only implemented for temperatures below 647K and pressures below 100MPa. (T = 378.150000, p=113332794.098953)

Warning: Density of water is only implemented for temperatures below 647K and pressures below 100MPa. (T = 378.150000, p=140811220.990479)

Warning: Density of water is only implemented for temperatures below 647K and pressures below 100MPa. (T = 378.150000, p=112655148.059553)

Warning: Density of water is only implemented for temperatures below 647K and pressures below 100MPa. (T = 378.150000, p=148904785.450726)

Warning: Density of water is only implemented for temperatures below 647K and pressures below 100MPa. (T = 378.150000, p=138761846.975291)

Warning: Density of water is only implemented for temperatures below 647K and pressures below 100MPa. (T = 378.150000, p=120899362.750571)

Warning: Density of water is only implemented for temperatures below 647K and pressures below 100MPa. (T = 378.150000, p=138283057.582120)

Warning: Density of water is only implemented for temperatures below 647K and pressures below 100MPa. (T = 378.150000, p=138069730.403798)

Warning: Density of water is only implemented for temperatures below 647K and pressures below 100MPa. (T = 378.150000, p=136879909.981409)

Warning: Density of water is only implemented for temperatures below 647K and pressures below 100MPa. (T = 378.150000, p=122719107.252134)

Warning: Density of water is only implemented for temperatures below 647K and pressures below 100MPa. (T = 378.150000, p=121775868.286961)

Warning: Density of water is only implemented for temperatures below 647K and pressures below 100MPa. (T = 378.150000, p=137201384.966811)

Warning: Density of water is only implemented for temperatures below 647K and pressures below 100MPa. (T = 378.150000, p=111185538.248452)

Warning: Density of water is only implemented for temperatures below 647K and pressures below 100MPa. (T = 378.150000, p=117436924.244291)

Warning: Density of water is only implemented for temperatures below 647K and pressures below 100MPa. (T = 378.150000, p=151486297.967224)

Warning: Density of water is only implemented for temperatures below 647K and pressures below 100MPa. (T = 378.150000, p=115054510.983713)

Warning: Density of water is only implemented for temperatures below 647K and pressures below 100MPa. (T = 378.150000, p=113741579.837916)

Warning: Density of water is only implemented for temperatures below 647K and pressures below 100MPa. (T = 378.150000, p=102131343.224238)

Warning: Density of water is only implemented for temperatures below 647K and pressures below 100MPa. (T = 378.150000, p=101595245.142038)

Warning: Density of water is only implemented for temperatures below 647K and pressures below 100MPa. (T = 378.150000, p=114586345.283105)

Warning: Density of water is only implemented for temperatures below 647K and pressures below 100MPa. (T = 378.150000, p=103462270.532711)

Warning: Density of water is only implemented for temperatures below 647K and pressures below 100MPa. (T = 378.150000, p=104280802.363540)

Warning: Density of water is only implemented for temperatures below 647K and pressures below 100MPa. (T = 378.150000, p=103731327.295311)

Warning: Density of water is only implemented for temperatures below 647K and pressures below 100MPa. (T = 378.150000, p=121911468.152906)

Warning: Density of water is only implemented for temperatures below 647K and pressures below 100MPa. (T = 378.150000, p=121068182.174715)

Warning: Density of water is only implemented for temperatures below 647K and pressures below 100MPa. (T = 378.150000, p=124290711.858608)

Warning: Density of water is only implemented for temperatures below 647K and pressures below 100MPa. (T = 378.150000, p=119818593.317489)

Warning: Density of water is only implemented for temperatures below 647K and pressures below 100MPa. (T = 378.150000, p=127389879.966947)

Warning: Density of water is only implemented for temperatures below 647K and pressures below 100MPa. (T = 378.150000, p=102336792.456277)

Warning: Density of water is only implemented for temperatures below 647K and pressures below 100MPa. (T = 378.150000, p=125378501.145606)

Warning: Density of water is only implemented for temperatures below 647K and pressures below 100MPa. (T = 378.150000, p=143476989.489366)

Warning: Density of water is only implemented for temperatures below 647K and pressures below 100MPa. (T = 378.150000, p=142907631.856772)

Warning: Density of water is only implemented for temperatures below 647K and pressures below 100MPa. (T = 378.150000, p=110229356.287853)

Warning: Density of water is only implemented for temperatures below 647K and pressures below 100MPa. (T = 378.150000, p=104561205.089667)

Warning: Density of water is only implemented for temperatures below 647K and pressures below 100MPa. (T = 378.150000, p=119594034.535250)

Warning: Density of water is only implemented for temperatures below 647K and pressures below 100MPa. (T = 378.150000, p=105053215.989842)

Warning: Density of water is only implemented for temperatures below 647K and pressures below 100MPa. (T = 378.150000, p=123495471.955304)

Warning: Density of water is only implemented for temperatures below 647K and pressures below 100MPa. (T = 378.150000, p=149684774.013948)

Warning: Density of water is only implemented for temperatures below 647K and pressures below 100MPa. (T = 378.150000, p=117568583.815987)

Warning: Density of water is only implemented for temperatures below 647K and pressures below 100MPa. (T = 378.150000, p=140035384.077381)

Warning: Density of water is only implemented for temperatures below 647K and pressures below 100MPa. (T = 378.150000, p=138556541.913201)

Warning: Density of water is only implemented for temperatures below 647K and pressures below 100MPa. (T = 378.150000, p=105396980.158547)

Warning: Density of water is only implemented for temperatures below 647K and pressures below 100MPa. (T = 378.150000, p=121798814.349127)

Warning: Density of water is only implemented for temperatures below 647K and pressures below 100MPa. (T = 378.150000, p=137360633.843335)

Warning: Density of water is only implemented for temperatures below 647K and pressures below 100MPa. (T = 378.150000, p=117267378.153232)

Warning: Density of water is only implemented for temperatures below 647K and pressures below 100MPa. (T = 378.150000, p=133521705.940990)

Warning: Density of water is only implemented for temperatures below 647K and pressures below 100MPa. (T = 378.150000, p=107797151.200134)

Warning: Density of water is only implemented for temperatures below 647K and pressures below 100MPa. (T = 378.150000, p=104374403.965329)

Warning: Density of water is only implemented for temperatures below 647K and pressures below 100MPa. (T = 378.150000, p=106705502.613951)

Problem: Solver convergence failure - Numerical problem encountered
Timestep chopped to 5.670113122687976 days


Starting time step 17, stepsize 5.67011 days, at day 3927.4/4018, date = 02-Oct-2034
 Newton its= 4, linearizations= 5 (1.8sec), linear its=  4 (5.7sec)

Starting time step 18, stepsize 7.08764 days, at day 3933.07/4018, date = 08-Oct-2034
 Newton its= 3, linearizations= 4 (1.3sec), linear its=  3 (4.6sec)

Starting time step 19, stepsize 21.2629 days, at day 3940.15/4018, date = 15-Oct-2034
 Newton its= 6, linearizations= 7 (2.6sec), linear its=  5 (9.4sec)

Starting time step 20, stepsize 28.2922 days, at day 3961.42/4018, date = 05-Nov-2034
 Newton its= 7, linearizations= 8 (2.9sec), linear its=  4 (14.3sec)

Starting time step 21, stepsize 28.2922 days, at day 3989.71/4018, date = 03-Dec-2034
 Newton its= 5, linearizations= 6 (2.0sec), linear its= 10 (10.8sec)


Report step 48/68 at day 4018/192118, date = 01-Jan-2035

Starting time step 0, stepsize 62.2427 days, at day 4018/4383, date = 01-Jan-2035
Restart file written for report step 48/68, date = 01-Jan-2035 00:00:00

Problem: Solver convergence failure - Numerical problem encountered
Timestep chopped to 6.224274155399259 days


Starting time step 0, stepsize 6.22427 days, at day 4018/4383, date = 01-Jan-2035
 Newton its= 3, linearizations= 4 (1.5sec), linear its=  2 (5.2sec)

Starting time step 1, stepsize 7.78034 days, at day 4024.22/4383, date = 07-Jan-2035
 Newton its= 4, linearizations= 5 (1.7sec), linear its=  6 (6.5sec)

Starting time step 2, stepsize 20.2289 days, at day 4032/4383, date = 15-Jan-2035
    Oscillating behavior detected: Relaxation set to 0.900000
 Newton its= 8, linearizations= 9 (2.9sec), linear its= 11 (18.6sec)

Starting time step 3, stepsize 20.2289 days, at day 4052.23/4383, date = 04-Feb-2035
    Oscillating behavior detected: Relaxation set to 0.900000
 Newton its=10, linearizations=11 (3.6sec), linear its=  8 (13.7sec)

Starting time step 4, stepsize 16.1831 days, at day 4072.46/4383, date = 24-Feb-2035
 Newton its= 5, linearizations= 6 (2.0sec), linear its=  4 (6.8sec)

Starting time step 5, stepsize 35.6028 days, at day 4088.65/4383, date = 12-Mar-2035

Warning: Density of water is only implemented for temperatures below 647K and pressures below 100MPa. (T = 378.150000, p=100561775.034026)

Warning: Density of water is only implemented for temperatures below 647K and pressures below 100MPa. (T = 378.150000, p=107201736.377486)

Warning: Density of water is only implemented for temperatures below 647K and pressures below 100MPa. (T = 378.150000, p=114942189.129184)

Warning: Density of water is only implemented for temperatures below 647K and pressures below 100MPa. (T = 378.150000, p=101128108.817234)

Warning: Density of water is only implemented for temperatures below 647K and pressures below 100MPa. (T = 378.150000, p=108547682.228342)

Warning: Density of water is only implemented for temperatures below 647K and pressures below 100MPa. (T = 378.150000, p=116211132.141492)

Warning: Density of water is only implemented for temperatures below 647K and pressures below 100MPa. (T = 378.150000, p=104375745.972717)

Warning: Density of water is only implemented for temperatures below 647K and pressures below 100MPa. (T = 378.150000, p=117342341.947400)

Warning: Density of water is only implemented for temperatures below 647K and pressures below 100MPa. (T = 378.150000, p=103423963.224600)

Warning: Density of water is only implemented for temperatures below 647K and pressures below 100MPa. (T = 378.150000, p=103295847.996699)

Warning: Density of water is only implemented for temperatures below 647K and pressures below 100MPa. (T = 378.150000, p=107571546.206475)

Warning: Density of water is only implemented for temperatures below 647K and pressures below 100MPa. (T = 378.150000, p=112554384.145051)

Warning: Density of water is only implemented for temperatures below 647K and pressures below 100MPa. (T = 378.150000, p=128259896.249429)

Warning: Density of water is only implemented for temperatures below 647K and pressures below 100MPa. (T = 378.150000, p=117266050.290569)

Warning: Density of water is only implemented for temperatures below 647K and pressures below 100MPa. (T = 378.150000, p=128268519.847855)

Warning: Full linear solver tolerance not achieved. The reduction is:0.00636444 after 20 iterations

Warning: Density of water is only implemented for temperatures below 647K and pressures below 100MPa. (T = 378.150000, p=109682703.480159)

Warning: Density of water is only implemented for temperatures below 647K and pressures below 100MPa. (T = 378.150000, p=111227452.411947)

Warning: Density of water is only implemented for temperatures below 647K and pressures below 100MPa. (T = 378.150000, p=110519122.469158)
    Oscillating behavior detected: Relaxation set to 0.900000

Warning: Density of water is only implemented for temperatures below 647K and pressures below 100MPa. (T = 378.150000, p=102212701.939295)

Warning: Density of water is only implemented for temperatures below 647K and pressures below 100MPa. (T = 378.150000, p=102729646.799787)

Warning: Density of water is only implemented for temperatures below 647K and pressures below 100MPa. (T = 378.150000, p=129903264.615300)

Warning: Density of water is only implemented for temperatures below 647K and pressures below 100MPa. (T = 378.150000, p=130615406.281675)

Warning: Density of water is only implemented for temperatures below 647K and pressures below 100MPa. (T = 378.150000, p=121869447.821598)

Warning: Density of water is only implemented for temperatures below 647K and pressures below 100MPa. (T = 378.150000, p=124282530.861418)

Warning: Density of water is only implemented for temperatures below 647K and pressures below 100MPa. (T = 378.150000, p=117346411.765176)

Warning: Density of water is only implemented for temperatures below 647K and pressures below 100MPa. (T = 378.150000, p=123622937.752361)

Warning: Density of water is only implemented for temperatures below 647K and pressures below 100MPa. (T = 378.150000, p=113099196.203451)

Warning: Density of water is only implemented for temperatures below 647K and pressures below 100MPa. (T = 378.150000, p=119442267.786084)

Warning: Density of water is only implemented for temperatures below 647K and pressures below 100MPa. (T = 378.150000, p=125236661.005991)

Warning: Density of water is only implemented for temperatures below 647K and pressures below 100MPa. (T = 378.150000, p=103792339.425086)

Warning: Density of water is only implemented for temperatures below 647K and pressures below 100MPa. (T = 378.150000, p=121296887.792826)

Warning: Density of water is only implemented for temperatures below 647K and pressures below 100MPa. (T = 378.150000, p=126747295.435776)

Warning: Density of water is only implemented for temperatures below 647K and pressures below 100MPa. (T = 378.150000, p=113133031.168176)

Warning: Density of water is only implemented for temperatures below 647K and pressures below 100MPa. (T = 378.150000, p=122949341.948289)

Warning: Density of water is only implemented for temperatures below 647K and pressures below 100MPa. (T = 378.150000, p=126930352.667592)

Warning: Density of water is only implemented for temperatures below 647K and pressures below 100MPa. (T = 378.150000, p=101123544.373061)

Warning: Density of water is only implemented for temperatures below 647K and pressures below 100MPa. (T = 378.150000, p=124435347.265238)

Warning: Density of water is only implemented for temperatures below 647K and pressures below 100MPa. (T = 378.150000, p=114224909.684892)

Warning: Density of water is only implemented for temperatures below 647K and pressures below 100MPa. (T = 378.150000, p=114293985.919572)

Warning: Density of water is only implemented for temperatures below 647K and pressures below 100MPa. (T = 378.150000, p=102407409.106506)

Warning: Density of water is only implemented for temperatures below 647K and pressures below 100MPa. (T = 378.150000, p=101624121.750456)
    Oscillating behavior detected: Relaxation set to 0.800000

Warning: Density of water is only implemented for temperatures below 647K and pressures below 100MPa. (T = 378.150000, p=110271900.590989)

Warning: Density of water is only implemented for temperatures below 647K and pressures below 100MPa. (T = 378.150000, p=102999994.154799)

Warning: Density of water is only implemented for temperatures below 647K and pressures below 100MPa. (T = 378.150000, p=122231529.364094)

Warning: Density of water is only implemented for temperatures below 647K and pressures below 100MPa. (T = 378.150000, p=102041307.097692)

Warning: Density of water is only implemented for temperatures below 647K and pressures below 100MPa. (T = 378.150000, p=102075627.732461)

Warning: Density of water is only implemented for temperatures below 647K and pressures below 100MPa. (T = 378.150000, p=103370960.494548)

Warning: Density of water is only implemented for temperatures below 647K and pressures below 100MPa. (T = 378.150000, p=105961608.741815)

Warning: Density of water is only implemented for temperatures below 647K and pressures below 100MPa. (T = 378.150000, p=101921617.172601)

Warning: Density of water is only implemented for temperatures below 647K and pressures below 100MPa. (T = 378.150000, p=101921750.618551)

Warning: Density of water is only implemented for temperatures below 647K and pressures below 100MPa. (T = 378.150000, p=109927340.624727)

Warning: Density of water is only implemented for temperatures below 647K and pressures below 100MPa. (T = 378.150000, p=105615187.860797)

Warning: Density of water is only implemented for temperatures below 647K and pressures below 100MPa. (T = 378.150000, p=109152917.595933)

Warning: Density of water is only implemented for temperatures below 647K and pressures below 100MPa. (T = 378.150000, p=133068056.944792)

Warning: Density of water is only implemented for temperatures below 647K and pressures below 100MPa. (T = 378.150000, p=115175833.884646)

Warning: Density of water is only implemented for temperatures below 647K and pressures below 100MPa. (T = 378.150000, p=122221959.918936)

Warning: Density of water is only implemented for temperatures below 647K and pressures below 100MPa. (T = 378.150000, p=114312999.918416)

Warning: Density of water is only implemented for temperatures below 647K and pressures below 100MPa. (T = 378.150000, p=101845339.485032)

Warning: Density of water is only implemented for temperatures below 647K and pressures below 100MPa. (T = 378.150000, p=129524767.543145)

Warning: Density of water is only implemented for temperatures below 647K and pressures below 100MPa. (T = 378.150000, p=129494018.772957)

Warning: Density of water is only implemented for temperatures below 647K and pressures below 100MPa. (T = 378.150000, p=129170423.201888)

Warning: Density of water is only implemented for temperatures below 647K and pressures below 100MPa. (T = 378.150000, p=129059362.841868)

Warning: Density of water is only implemented for temperatures below 647K and pressures below 100MPa. (T = 378.150000, p=140439670.498762)

Warning: Density of water is only implemented for temperatures below 647K and pressures below 100MPa. (T = 378.150000, p=141254248.659605)

Warning: Density of water is only implemented for temperatures below 647K and pressures below 100MPa. (T = 378.150000, p=128119877.407084)

Warning: Density of water is only implemented for temperatures below 647K and pressures below 100MPa. (T = 378.150000, p=119073988.796519)

Warning: Density of water is only implemented for temperatures below 647K and pressures below 100MPa. (T = 378.150000, p=139059406.020252)

Warning: Density of water is only implemented for temperatures below 647K and pressures below 100MPa. (T = 378.150000, p=110176411.392396)

Warning: Density of water is only implemented for temperatures below 647K and pressures below 100MPa. (T = 378.150000, p=176976736.180556)

Warning: Density of water is only implemented for temperatures below 647K and pressures below 100MPa. (T = 378.150000, p=128775250.531797)

Warning: Density of water is only implemented for temperatures below 647K and pressures below 100MPa. (T = 378.150000, p=101684188.089772)

Warning: Density of water is only implemented for temperatures below 647K and pressures below 100MPa. (T = 378.150000, p=159343973.460005)

Warning: Density of water is only implemented for temperatures below 647K and pressures below 100MPa. (T = 378.150000, p=120216988.512209)

Warning: Density of water is only implemented for temperatures below 647K and pressures below 100MPa. (T = 378.150000, p=144368593.806351)

Warning: Density of water is only implemented for temperatures below 647K and pressures below 100MPa. (T = 378.150000, p=113184265.420162)

Warning: Density of water is only implemented for temperatures below 647K and pressures below 100MPa. (T = 378.150000, p=111487819.973692)

Warning: Density of water is only implemented for temperatures below 647K and pressures below 100MPa. (T = 378.150000, p=131693117.637664)

Warning: Density of water is only implemented for temperatures below 647K and pressures below 100MPa. (T = 378.150000, p=107252021.135811)

Warning: Density of water is only implemented for temperatures below 647K and pressures below 100MPa. (T = 378.150000, p=121015058.898787)

Warning: Density of water is only implemented for temperatures below 647K and pressures below 100MPa. (T = 378.150000, p=109748144.578265)

Warning: Density of water is only implemented for temperatures below 647K and pressures below 100MPa. (T = 378.150000, p=101095378.155580)

Warning: Density of water is only implemented for temperatures below 647K and pressures below 100MPa. (T = 378.150000, p=127055217.078820)

Warning: Density of water is only implemented for temperatures below 647K and pressures below 100MPa. (T = 378.150000, p=112233565.191991)

Warning: Density of water is only implemented for temperatures below 647K and pressures below 100MPa. (T = 378.150000, p=103324581.269441)

Warning: Density of water is only implemented for temperatures below 647K and pressures below 100MPa. (T = 378.150000, p=141516080.950191)

Warning: Density of water is only implemented for temperatures below 647K and pressures below 100MPa. (T = 378.150000, p=101019547.753419)

Warning: Density of water is only implemented for temperatures below 647K and pressures below 100MPa. (T = 378.150000, p=110157126.049962)

Warning: Density of water is only implemented for temperatures below 647K and pressures below 100MPa. (T = 378.150000, p=132397066.957194)

Warning: Density of water is only implemented for temperatures below 647K and pressures below 100MPa. (T = 378.150000, p=140584470.679214)

Warning: Density of water is only implemented for temperatures below 647K and pressures below 100MPa. (T = 378.150000, p=140260666.597021)

Warning: Density of water is only implemented for temperatures below 647K and pressures below 100MPa. (T = 378.150000, p=140150037.370736)

Warning: Density of water is only implemented for temperatures below 647K and pressures below 100MPa. (T = 378.150000, p=136596685.887770)

Warning: Density of water is only implemented for temperatures below 647K and pressures below 100MPa. (T = 378.150000, p=137031322.221356)

Warning: Density of water is only implemented for temperatures below 647K and pressures below 100MPa. (T = 378.150000, p=114788832.979413)

Warning: Density of water is only implemented for temperatures below 647K and pressures below 100MPa. (T = 378.150000, p=100252214.939227)

Warning: Density of water is only implemented for temperatures below 647K and pressures below 100MPa. (T = 378.150000, p=107445655.597982)

Warning: Density of water is only implemented for temperatures below 647K and pressures below 100MPa. (T = 378.150000, p=111511880.046073)

Warning: Density of water is only implemented for temperatures below 647K and pressures below 100MPa. (T = 378.150000, p=106633684.475183)

Warning: Density of water is only implemented for temperatures below 647K and pressures below 100MPa. (T = 378.150000, p=125755346.646807)

Warning: Density of water is only implemented for temperatures below 647K and pressures below 100MPa. (T = 378.150000, p=100013169.149102)

Warning: Density of water is only implemented for temperatures below 647K and pressures below 100MPa. (T = 378.150000, p=102918817.451156)

Warning: Density of water is only implemented for temperatures below 647K and pressures below 100MPa. (T = 378.150000, p=106305918.797683)

Warning: Density of water is only implemented for temperatures below 647K and pressures below 100MPa. (T = 378.150000, p=100132377.047262)

Warning: Density of water is only implemented for temperatures below 647K and pressures below 100MPa. (T = 378.150000, p=102002727.260575)

Warning: Density of water is only implemented for temperatures below 647K and pressures below 100MPa. (T = 378.150000, p=104515715.595561)

Warning: Density of water is only implemented for temperatures below 647K and pressures below 100MPa. (T = 378.150000, p=107695424.502975)

Warning: Density of water is only implemented for temperatures below 647K and pressures below 100MPa. (T = 378.150000, p=111562191.066708)

Warning: Density of water is only implemented for temperatures below 647K and pressures below 100MPa. (T = 378.150000, p=116154616.687187)

Warning: Density of water is only implemented for temperatures below 647K and pressures below 100MPa. (T = 378.150000, p=121505152.599426)

Warning: Density of water is only implemented for temperatures below 647K and pressures below 100MPa. (T = 378.150000, p=198959214.452947)

Warning: Density of water is only implemented for temperatures below 647K and pressures below 100MPa. (T = 378.150000, p=126564272.559459)

Warning: Density of water is only implemented for temperatures below 647K and pressures below 100MPa. (T = 378.150000, p=200162480.167712)

Warning: Density of water is only implemented for temperatures below 647K and pressures below 100MPa. (T = 378.150000, p=106832723.978751)

Warning: Density of water is only implemented for temperatures below 647K and pressures below 100MPa. (T = 378.150000, p=104197033.876781)

Warning: Density of water is only implemented for temperatures below 647K and pressures below 100MPa. (T = 378.150000, p=102142665.148900)

Warning: Density of water is only implemented for temperatures below 647K and pressures below 100MPa. (T = 378.150000, p=102539929.602096)

Warning: Density of water is only implemented for temperatures below 647K and pressures below 100MPa. (T = 378.150000, p=100657062.602912)

Warning: Density of water is only implemented for temperatures below 647K and pressures below 100MPa. (T = 378.150000, p=100792107.007416)

Warning: Density of water is only implemented for temperatures below 647K and pressures below 100MPa. (T = 378.150000, p=102328133.931566)

Warning: Density of water is only implemented for temperatures below 647K and pressures below 100MPa. (T = 378.150000, p=104498744.078932)

Warning: Density of water is only implemented for temperatures below 647K and pressures below 100MPa. (T = 378.150000, p=101565475.153086)

Warning: Density of water is only implemented for temperatures below 647K and pressures below 100MPa. (T = 378.150000, p=107358968.633637)

Warning: Density of water is only implemented for temperatures below 647K and pressures below 100MPa. (T = 378.150000, p=110968351.013778)

Warning: Density of water is only implemented for temperatures below 647K and pressures below 100MPa. (T = 378.150000, p=100928545.079210)

Warning: Density of water is only implemented for temperatures below 647K and pressures below 100MPa. (T = 378.150000, p=108815476.580836)

Warning: Density of water is only implemented for temperatures below 647K and pressures below 100MPa. (T = 378.150000, p=102335341.168260)

Warning: Density of water is only implemented for temperatures below 647K and pressures below 100MPa. (T = 378.150000, p=102036977.022343)

Warning: Density of water is only implemented for temperatures below 647K and pressures below 100MPa. (T = 378.150000, p=110164962.259872)

Warning: Density of water is only implemented for temperatures below 647K and pressures below 100MPa. (T = 378.150000, p=112457891.803615)

Warning: Density of water is only implemented for temperatures below 647K and pressures below 100MPa. (T = 378.150000, p=102343139.770977)

Warning: Density of water is only implemented for temperatures below 647K and pressures below 100MPa. (T = 378.150000, p=109220526.508189)

Warning: Density of water is only implemented for temperatures below 647K and pressures below 100MPa. (T = 378.150000, p=101802485.485666)

Warning: Density of water is only implemented for temperatures below 647K and pressures below 100MPa. (T = 378.150000, p=111652478.460754)

Warning: Density of water is only implemented for temperatures below 647K and pressures below 100MPa. (T = 378.150000, p=103263397.972668)

Warning: Density of water is only implemented for temperatures below 647K and pressures below 100MPa. (T = 378.150000, p=108837590.325134)

Warning: Density of water is only implemented for temperatures below 647K and pressures below 100MPa. (T = 378.150000, p=100404716.087133)

Warning: Density of water is only implemented for temperatures below 647K and pressures below 100MPa. (T = 378.150000, p=111682286.645867)

Warning: Density of water is only implemented for temperatures below 647K and pressures below 100MPa. (T = 378.150000, p=104817319.132820)
    Oscillating behavior detected: Relaxation set to 0.700000

Warning: Density of water is only implemented for temperatures below 647K and pressures below 100MPa. (T = 378.150000, p=102731826.389934)

Warning: Density of water is only implemented for temperatures below 647K and pressures below 100MPa. (T = 378.150000, p=104374430.914847)

Warning: Density of water is only implemented for temperatures below 647K and pressures below 100MPa. (T = 378.150000, p=124664141.543997)

Warning: Density of water is only implemented for temperatures below 647K and pressures below 100MPa. (T = 378.150000, p=185424921.727201)

Warning: Density of water is only implemented for temperatures below 647K and pressures below 100MPa. (T = 378.150000, p=186571391.410507)

Warning: Density of water is only implemented for temperatures below 647K and pressures below 100MPa. (T = 378.150000, p=121561106.870578)

Warning: Density of water is only implemented for temperatures below 647K and pressures below 100MPa. (T = 378.150000, p=113271180.958118)

Warning: Density of water is only implemented for temperatures below 647K and pressures below 100MPa. (T = 378.150000, p=145208446.060138)

Warning: Density of water is only implemented for temperatures below 647K and pressures below 100MPa. (T = 378.150000, p=106545856.053211)

Warning: Density of water is only implemented for temperatures below 647K and pressures below 100MPa. (T = 378.150000, p=171472239.457879)

Warning: Density of water is only implemented for temperatures below 647K and pressures below 100MPa. (T = 378.150000, p=134306494.469715)

Warning: Density of water is only implemented for temperatures below 647K and pressures below 100MPa. (T = 378.150000, p=101255409.318278)

Warning: Density of water is only implemented for temperatures below 647K and pressures below 100MPa. (T = 378.150000, p=166394841.626799)

Warning: Density of water is only implemented for temperatures below 647K and pressures below 100MPa. (T = 378.150000, p=125366621.868164)

Warning: Density of water is only implemented for temperatures below 647K and pressures below 100MPa. (T = 378.150000, p=152408764.396254)

Warning: Density of water is only implemented for temperatures below 647K and pressures below 100MPa. (T = 378.150000, p=118199009.373696)

Warning: Density of water is only implemented for temperatures below 647K and pressures below 100MPa. (T = 378.150000, p=127766476.129343)

Warning: Density of water is only implemented for temperatures below 647K and pressures below 100MPa. (T = 378.150000, p=139477697.349014)

Warning: Density of water is only implemented for temperatures below 647K and pressures below 100MPa. (T = 378.150000, p=112639879.841529)

Warning: Density of water is only implemented for temperatures below 647K and pressures below 100MPa. (T = 378.150000, p=119238120.451062)

Warning: Density of water is only implemented for temperatures below 647K and pressures below 100MPa. (T = 378.150000, p=128854026.736545)

Warning: Density of water is only implemented for temperatures below 647K and pressures below 100MPa. (T = 378.150000, p=108536379.285817)

Warning: Density of water is only implemented for temperatures below 647K and pressures below 100MPa. (T = 378.150000, p=112479220.847140)

Warning: Density of water is only implemented for temperatures below 647K and pressures below 100MPa. (T = 378.150000, p=120247712.956592)

Warning: Density of water is only implemented for temperatures below 647K and pressures below 100MPa. (T = 378.150000, p=105852861.704096)

Warning: Density of water is only implemented for temperatures below 647K and pressures below 100MPa. (T = 378.150000, p=107349276.238546)

Warning: Density of water is only implemented for temperatures below 647K and pressures below 100MPa. (T = 378.150000, p=113491313.148717)

Warning: Density of water is only implemented for temperatures below 647K and pressures below 100MPa. (T = 378.150000, p=104531694.794038)

Warning: Density of water is only implemented for temperatures below 647K and pressures below 100MPa. (T = 378.150000, p=108437838.386192)

Warning: Density of water is only implemented for temperatures below 647K and pressures below 100MPa. (T = 378.150000, p=104557081.496779)

Warning: Density of water is only implemented for temperatures below 647K and pressures below 100MPa. (T = 378.150000, p=104966315.147691)

Warning: Density of water is only implemented for temperatures below 647K and pressures below 100MPa. (T = 378.150000, p=103178613.404346)

Warning: Density of water is only implemented for temperatures below 647K and pressures below 100MPa. (T = 378.150000, p=104564093.721824)

Warning: Density of water is only implemented for temperatures below 647K and pressures below 100MPa. (T = 378.150000, p=107051516.690541)

Warning: Density of water is only implemented for temperatures below 647K and pressures below 100MPa. (T = 378.150000, p=104431622.815889)

Warning: Density of water is only implemented for temperatures below 647K and pressures below 100MPa. (T = 378.150000, p=104040343.757209)

Warning: Density of water is only implemented for temperatures below 647K and pressures below 100MPa. (T = 378.150000, p=111072916.830899)

Warning: Density of water is only implemented for temperatures below 647K and pressures below 100MPa. (T = 378.150000, p=102686925.880301)

Warning: Density of water is only implemented for temperatures below 647K and pressures below 100MPa. (T = 378.150000, p=110180836.462186)

Warning: Density of water is only implemented for temperatures below 647K and pressures below 100MPa. (T = 378.150000, p=116720854.939623)

Warning: Density of water is only implemented for temperatures below 647K and pressures below 100MPa. (T = 378.150000, p=102298260.304756)

Warning: Density of water is only implemented for temperatures below 647K and pressures below 100MPa. (T = 378.150000, p=103222086.524338)

Warning: Density of water is only implemented for temperatures below 647K and pressures below 100MPa. (T = 378.150000, p=109560693.405932)

Warning: Density of water is only implemented for temperatures below 647K and pressures below 100MPa. (T = 378.150000, p=113724423.371884)

Warning: Density of water is only implemented for temperatures below 647K and pressures below 100MPa. (T = 378.150000, p=100056824.480379)

Warning: Density of water is only implemented for temperatures below 647K and pressures below 100MPa. (T = 378.150000, p=121385644.685977)

Warning: Density of water is only implemented for temperatures below 647K and pressures below 100MPa. (T = 378.150000, p=117703627.153554)

Warning: Density of water is only implemented for temperatures below 647K and pressures below 100MPa. (T = 378.150000, p=127246094.023669)

Warning: Density of water is only implemented for temperatures below 647K and pressures below 100MPa. (T = 378.150000, p=120629872.707848)

Warning: Density of water is only implemented for temperatures below 647K and pressures below 100MPa. (T = 378.150000, p=124268413.222330)

Warning: Density of water is only implemented for temperatures below 647K and pressures below 100MPa. (T = 378.150000, p=123412011.903180)

Warning: Density of water is only implemented for temperatures below 647K and pressures below 100MPa. (T = 378.150000, p=133006158.623539)

Warning: Density of water is only implemented for temperatures below 647K and pressures below 100MPa. (T = 378.150000, p=133539878.876219)

Warning: Density of water is only implemented for temperatures below 647K and pressures below 100MPa. (T = 378.150000, p=134588419.219454)

Warning: Density of water is only implemented for temperatures below 647K and pressures below 100MPa. (T = 378.150000, p=136159340.860049)

Warning: Density of water is only implemented for temperatures below 647K and pressures below 100MPa. (T = 378.150000, p=138266872.314697)

Warning: Density of water is only implemented for temperatures below 647K and pressures below 100MPa. (T = 378.150000, p=140930614.680684)

Warning: Density of water is only implemented for temperatures below 647K and pressures below 100MPa. (T = 378.150000, p=144166844.047193)

Warning: Density of water is only implemented for temperatures below 647K and pressures below 100MPa. (T = 378.150000, p=148006888.263752)

Warning: Density of water is only implemented for temperatures below 647K and pressures below 100MPa. (T = 378.150000, p=152476631.748227)

Warning: Density of water is only implemented for temperatures below 647K and pressures below 100MPa. (T = 378.150000, p=156698330.811978)

Warning: Density of water is only implemented for temperatures below 647K and pressures below 100MPa. (T = 378.150000, p=103067107.410942)
    Oscillating behavior detected: Relaxation set to 0.600000

Warning: Density of water is only implemented for temperatures below 647K and pressures below 100MPa. (T = 378.150000, p=118431084.280582)

Warning: Density of water is only implemented for temperatures below 647K and pressures below 100MPa. (T = 378.150000, p=211078337.185754)

Warning: Density of water is only implemented for temperatures below 647K and pressures below 100MPa. (T = 378.150000, p=211772173.514238)

Warning: Density of water is only implemented for temperatures below 647K and pressures below 100MPa. (T = 378.150000, p=213135275.960444)

Warning: Density of water is only implemented for temperatures below 647K and pressures below 100MPa. (T = 378.150000, p=215177474.093217)

Warning: Density of water is only implemented for temperatures below 647K and pressures below 100MPa. (T = 378.150000, p=217917264.984260)

Warning: Density of water is only implemented for temperatures below 647K and pressures below 100MPa. (T = 378.150000, p=221380130.060043)

Warning: Density of water is only implemented for temperatures below 647K and pressures below 100MPa. (T = 378.150000, p=225587228.236505)

Warning: Density of water is only implemented for temperatures below 647K and pressures below 100MPa. (T = 378.150000, p=230579285.718031)

Warning: Density of water is only implemented for temperatures below 647K and pressures below 100MPa. (T = 378.150000, p=236389952.247848)

Warning: Density of water is only implemented for temperatures below 647K and pressures below 100MPa. (T = 378.150000, p=123892124.097481)

Warning: Density of water is only implemented for temperatures below 647K and pressures below 100MPa. (T = 378.150000, p=241878161.030725)

Warning: Density of water is only implemented for temperatures below 647K and pressures below 100MPa. (T = 378.150000, p=124725676.278158)

Problem: Solver convergence failure - Iteration limit reached
Timestep chopped to 3.5602848168883767 days


Starting time step 5, stepsize 3.56028 days, at day 4088.65/4383, date = 12-Mar-2035
 Newton its= 3, linearizations= 4 (1.3sec), linear its=  4 (9.4sec)

Starting time step 6, stepsize 4.45036 days, at day 4092.21/4383, date = 16-Mar-2035
 Newton its= 4, linearizations= 5 (1.6sec), linear its=  4 (5.9sec)

Starting time step 7, stepsize 11.5709 days, at day 4096.66/4383, date = 20-Mar-2035
 Newton its= 7, linearizations= 8 (2.7sec), linear its=  6 (10.7sec)

Starting time step 8, stepsize 16.1993 days, at day 4108.23/4383, date = 01-Apr-2035
 Newton its= 4, linearizations= 5 (1.7sec), linear its=  5 (6.0sec)

Starting time step 9, stepsize 42.1182 days, at day 4124.43/4383, date = 17-Apr-2035
    Oscillating behavior detected: Relaxation set to 0.900000
 Newton its=12, linearizations=13 (5.2sec), linear its= 16 (19.2sec)

Starting time step 10, stepsize 28.0788 days, at day 4166.54/4383, date = 29-May-2035
 Newton its= 6, linearizations= 7 (2.6sec), linear its=  9 (15.2sec)

Starting time step 11, stepsize 50.5418 days, at day 4194.62/4383, date = 26-Jun-2035
 Newton its=12, linearizations=13 (4.2sec), linear its= 12 (16.4sec)

Starting time step 12, stepsize 33.6945 days, at day 4245.17/4383, date = 16-Aug-2035
 Newton its= 9, linearizations=10 (3.3sec), linear its= 12 (15.1sec)

Starting time step 13, stepsize 29.9507 days, at day 4278.86/4383, date = 18-Sep-2035
 Newton its= 6, linearizations= 7 (2.5sec), linear its=  4 (13.4sec)

Starting time step 14, stepsize 37.0948 days, at day 4308.81/4383, date = 18-Oct-2035
 Newton its= 8, linearizations= 9 (3.1sec), linear its= 11 (12.1sec)

Starting time step 15, stepsize 37.0948 days, at day 4345.91/4383, date = 24-Nov-2035
 Newton its= 8, linearizations= 9 (4.0sec), linear its=  8 (11.3sec)


Report step 49/68 at day 4383/192118, date = 01-Jan-2036

Starting time step 0, stepsize 37.0948 days, at day 4383/4749, date = 01-Jan-2036
Restart file written for report step 49/68, date = 01-Jan-2036 00:00:00
 Newton its= 6, linearizations= 7 (2.3sec), linear its=  6 (9.1sec)

Starting time step 1, stepsize 66.7707 days, at day 4420.09/4749, date = 07-Feb-2036

Warning: Full linear solver tolerance not achieved. The reduction is:0.00946697 after 20 iterations

Warning: Density of water is only implemented for temperatures below 647K and pressures below 100MPa. (T = 378.150000, p=104353829.633984)

Warning: Density of water is only implemented for temperatures below 647K and pressures below 100MPa. (T = 378.150000, p=101055653.997648)

Problem: Solver convergence failure - Numerical problem encountered
Timestep chopped to 6.677067596171051 days


Starting time step 1, stepsize 6.67707 days, at day 4420.09/4749, date = 07-Feb-2036
 Newton its= 3, linearizations= 4 (1.4sec), linear its=  5 (6.4sec)

Starting time step 2, stepsize 8.34633 days, at day 4426.77/4749, date = 13-Feb-2036
 Newton its= 4, linearizations= 5 (1.6sec), linear its=  4 (6.0sec)

Starting time step 3, stepsize 21.7005 days, at day 4435.12/4749, date = 22-Feb-2036
 Newton its= 5, linearizations= 6 (2.1sec), linear its=  6 (8.6sec)

Starting time step 4, stepsize 47.741 days, at day 4456.82/4749, date = 14-Mar-2036
    Oscillating behavior detected: Relaxation set to 0.900000
    Oscillating behavior detected: Relaxation set to 0.800000

Problem: Solver convergence failure - Iteration limit reached
Timestep chopped to 4.774103331262302 days


Starting time step 4, stepsize 4.7741 days, at day 4456.82/4749, date = 14-Mar-2036
 Newton its= 4, linearizations= 5 (1.7sec), linear its=  3 (11.1sec)

Starting time step 5, stepsize 5.96763 days, at day 4461.59/4749, date = 19-Mar-2036
 Newton its= 3, linearizations= 4 (1.5sec), linear its=  2 (4.8sec)

Starting time step 6, stepsize 17.9029 days, at day 4467.56/4749, date = 25-Mar-2036
 Newton its= 6, linearizations= 7 (2.4sec), linear its=  8 (10.3sec)

Starting time step 7, stepsize 32.2252 days, at day 4485.46/4749, date = 12-Apr-2036
 Newton its= 7, linearizations= 8 (2.8sec), linear its=  8 (11.2sec)

Starting time step 8, stepsize 45.1153 days, at day 4517.69/4749, date = 14-May-2036
    Oscillating behavior detected: Relaxation set to 0.900000
    Oscillating behavior detected: Relaxation set to 0.800000

Problem: Solver convergence failure - Iteration limit reached
Timestep chopped to 4.511527648042877 days


Starting time step 8, stepsize 4.51153 days, at day 4517.69/4749, date = 14-May-2036
 Newton its= 2, linearizations= 3 (1.0sec), linear its=  1 (8.2sec)

Starting time step 9, stepsize 5.63941 days, at day 4522.2/4749, date = 19-May-2036
 Newton its= 2, linearizations= 3 (1.1sec), linear its=  1 (2.8sec)

Starting time step 10, stepsize 16.9182 days, at day 4527.84/4749, date = 24-May-2036
 Newton its= 4, linearizations= 5 (1.6sec), linear its=  6 (6.5sec)

Starting time step 11, stepsize 43.9874 days, at day 4544.76/4749, date = 10-Jun-2036
 Newton its= 6, linearizations= 7 (2.3sec), linear its= 10 (10.9sec)

Starting time step 12, stepsize 79.1773 days, at day 4588.75/4749, date = 24-Jul-2036

Problem: Solver convergence failure - Numerical problem encountered
Timestep chopped to 7.917731022315252 days


Starting time step 12, stepsize 7.91773 days, at day 4588.75/4749, date = 24-Jul-2036
 Newton its= 4, linearizations= 5 (1.7sec), linear its=  4 (6.2sec)

Starting time step 13, stepsize 9.89716 days, at day 4596.66/4749, date = 01-Aug-2036
 Newton its= 3, linearizations= 4 (1.5sec), linear its=  4 (4.6sec)

Starting time step 14, stepsize 29.6915 days, at day 4606.56/4749, date = 11-Aug-2036
 Newton its= 7, linearizations= 8 (2.6sec), linear its=  8 (17.9sec)

Starting time step 15, stepsize 41.5681 days, at day 4636.25/4749, date = 10-Sep-2036
    Oscillating behavior detected: Relaxation set to 0.900000

Problem: Solver convergence failure - Iteration limit reached
Timestep chopped to 4.156808786715507 days


Starting time step 15, stepsize 4.15681 days, at day 4636.25/4749, date = 10-Sep-2036
 Newton its= 3, linearizations= 4 (1.5sec), linear its=  2 (4.4sec)

Starting time step 16, stepsize 5.19601 days, at day 4640.41/4749, date = 14-Sep-2036
 Newton its= 4, linearizations= 5 (1.6sec), linear its=  2 (5.1sec)

Starting time step 17, stepsize 13.5096 days, at day 4645.6/4749, date = 19-Sep-2036
 Newton its= 5, linearizations= 6 (2.1sec), linear its=  8 (8.8sec)

Starting time step 18, stepsize 29.7212 days, at day 4659.11/4749, date = 03-Oct-2036
 Newton its= 7, linearizations= 8 (3.6sec), linear its=  7 (17.1sec)

Starting time step 19, stepsize 30.0825 days, at day 4688.84/4749, date = 01-Nov-2036
 Newton its= 7, linearizations= 8 (2.9sec), linear its=  8 (12.0sec)

Starting time step 20, stepsize 30.0825 days, at day 4718.92/4749, date = 01-Dec-2036
 Newton its= 6, linearizations= 7 (2.6sec), linear its=  5 (8.6sec)


Report step 50/68 at day 4749/192118, date = 01-Jan-2037

Starting time step 0, stepsize 54.1484 days, at day 4749/5114, date = 01-Jan-2037
Restart file written for report step 50/68, date = 01-Jan-2037 00:00:00

Problem: Solver convergence failure - Numerical problem encountered
Timestep chopped to 5.414842172359552 days


Starting time step 0, stepsize 5.41484 days, at day 4749/5114, date = 01-Jan-2037
 Newton its= 3, linearizations= 4 (1.5sec), linear its=  5 (6.4sec)

Starting time step 1, stepsize 6.76855 days, at day 4754.41/5114, date = 06-Jan-2037
 Newton its= 4, linearizations= 5 (1.9sec), linear its=  5 (12.5sec)

Starting time step 2, stepsize 17.5982 days, at day 4761.18/5114, date = 13-Jan-2037
 Newton its= 7, linearizations= 8 (3.7sec), linear its=  7 (10.7sec)

Starting time step 3, stepsize 24.6375 days, at day 4778.78/5114, date = 30-Jan-2037
 Newton its= 5, linearizations= 6 (1.8sec), linear its=  7 (8.6sec)

Starting time step 4, stepsize 54.2026 days, at day 4803.42/5114, date = 24-Feb-2037
    Oscillating behavior detected: Relaxation set to 0.900000

Problem: Solver convergence failure - Iteration limit reached
Timestep chopped to 5.420257014531913 days


Starting time step 4, stepsize 5.42026 days, at day 4803.42/5114, date = 24-Feb-2037
 Newton its= 2, linearizations= 3 (1.1sec), linear its=  2 (3.2sec)

Starting time step 5, stepsize 6.77532 days, at day 4808.84/5114, date = 01-Mar-2037
 Newton its= 3, linearizations= 4 (1.5sec), linear its=  3 (10.3sec)

Starting time step 6, stepsize 20.326 days, at day 4815.61/5114, date = 08-Mar-2037
 Newton its= 6, linearizations= 7 (2.2sec), linear its=  4 (9.7sec)

Starting time step 7, stepsize 36.5867 days, at day 4835.94/5114, date = 28-Mar-2037
    Oscillating behavior detected: Relaxation set to 0.900000
    Oscillating behavior detected: Relaxation set to 0.800000
 Newton its= 8, linearizations= 9 (2.9sec), linear its= 22 (19.1sec)

Starting time step 8, stepsize 36.5867 days, at day 4872.53/5114, date = 04-May-2037
 Newton its= 7, linearizations= 8 (3.7sec), linear its= 10 (12.2sec)

Starting time step 9, stepsize 51.2214 days, at day 4909.11/5114, date = 10-Jun-2037

Problem: Solver convergence failure - Numerical problem encountered
Timestep chopped to 5.1221428787326575 days


Starting time step 9, stepsize 5.12214 days, at day 4909.11/5114, date = 10-Jun-2037
 Newton its= 3, linearizations= 4 (1.5sec), linear its=  2 (5.1sec)

Starting time step 10, stepsize 6.40268 days, at day 4914.24/5114, date = 15-Jun-2037
 Newton its= 4, linearizations= 5 (1.6sec), linear its=  5 (6.5sec)

Starting time step 11, stepsize 16.647 days, at day 4920.64/5114, date = 21-Jun-2037
 Newton its= 4, linearizations= 5 (1.8sec), linear its=  4 (6.6sec)

Starting time step 12, stepsize 43.2821 days, at day 4937.29/5114, date = 08-Jul-2037

Warning: Full linear solver tolerance not achieved. The reduction is:0.00571856 after 20 iterations

Problem: Solver convergence failure - Numerical problem encountered
Timestep chopped to 4.3282107325290955 days


Starting time step 12, stepsize 4.32821 days, at day 4937.29/5114, date = 08-Jul-2037
 Newton its= 2, linearizations= 3 (1.1sec), linear its=  1 (2.8sec)

Starting time step 13, stepsize 5.41026 days, at day 4941.61/5114, date = 12-Jul-2037
 Newton its= 2, linearizations= 3 (1.2sec), linear its=  2 (2.9sec)

Starting time step 14, stepsize 16.2308 days, at day 4947.02/5114, date = 18-Jul-2037
 Newton its= 6, linearizations= 7 (2.5sec), linear its=  5 (15.3sec)

Starting time step 15, stepsize 29.2154 days, at day 4963.26/5114, date = 03-Aug-2037
 Newton its= 6, linearizations= 7 (2.5sec), linear its= 10 (12.1sec)

Starting time step 16, stepsize 52.5878 days, at day 4992.47/5114, date = 01-Sep-2037

Problem: Solver convergence failure - Numerical problem encountered
Timestep chopped to 5.258776040022851 days


Starting time step 16, stepsize 5.25878 days, at day 4992.47/5114, date = 01-Sep-2037
 Newton its= 3, linearizations= 4 (1.5sec), linear its=  2 (4.1sec)

Starting time step 17, stepsize 6.57347 days, at day 4997.73/5114, date = 06-Sep-2037
 Newton its= 3, linearizations= 4 (1.6sec), linear its=  5 (5.9sec)

Starting time step 18, stepsize 19.7204 days, at day 5004.3/5114, date = 13-Sep-2037
 Newton its= 5, linearizations= 6 (2.2sec), linear its=  8 (9.4sec)

Starting time step 19, stepsize 43.3849 days, at day 5024.02/5114, date = 03-Oct-2037
 Newton its= 9, linearizations=10 (4.4sec), linear its= 11 (21.6sec)

Starting time step 20, stepsize 23.2959 days, at day 5067.41/5114, date = 15-Nov-2037
    Oscillating behavior detected: Relaxation set to 0.900000
    Oscillating behavior detected: Relaxation set to 0.800000
 Newton its= 6, linearizations= 7 (2.4sec), linear its=  6 (11.1sec)

Starting time step 21, stepsize 23.2959 days, at day 5090.7/5114, date = 08-Dec-2037
 Newton its= 4, linearizations= 5 (1.7sec), linear its=  5 (6.6sec)


Report step 51/68 at day 5114/192118, date = 01-Jan-2038

Starting time step 0, stepsize 60.5693 days, at day 5114/5479, date = 01-Jan-2038
Restart file written for report step 51/68, date = 01-Jan-2038 00:00:00

Problem: Solver convergence failure - Numerical problem encountered
Timestep chopped to 6.056933108370641 days


Starting time step 0, stepsize 6.05693 days, at day 5114/5479, date = 01-Jan-2038
 Newton its= 2, linearizations= 3 (1.2sec), linear its=  1 (2.5sec)

Starting time step 1, stepsize 7.57117 days, at day 5120.06/5479, date = 07-Jan-2038
 Newton its= 5, linearizations= 6 (2.2sec), linear its=  4 (7.0sec)

Starting time step 2, stepsize 16.6566 days, at day 5127.63/5479, date = 14-Jan-2038
 Newton its= 5, linearizations= 6 (2.1sec), linear its=  7 (15.5sec)

Starting time step 3, stepsize 36.6444 days, at day 5144.28/5479, date = 31-Jan-2038
 Newton its= 7, linearizations= 8 (2.7sec), linear its=  7 (10.7sec)

Starting time step 4, stepsize 51.3022 days, at day 5180.93/5479, date = 08-Mar-2038
 Newton its= 9, linearizations=10 (3.4sec), linear its= 18 (18.3sec)

Starting time step 5, stepsize 45.602 days, at day 5232.23/5479, date = 29-Apr-2038
 Newton its= 7, linearizations= 8 (2.7sec), linear its= 10 (13.7sec)

Starting time step 6, stepsize 63.8428 days, at day 5277.83/5479, date = 13-Jun-2038
 Newton its= 8, linearizations= 9 (3.1sec), linear its= 13 (20.5sec)

Starting time step 7, stepsize 63.8428 days, at day 5341.68/5479, date = 16-Aug-2038
    Oscillating behavior detected: Relaxation set to 0.900000
 Newton its=10, linearizations=11 (3.9sec), linear its= 17 (20.1sec)

Starting time step 8, stepsize 36.7406 days, at day 5405.52/5479, date = 19-Oct-2038
 Newton its= 7, linearizations= 8 (2.8sec), linear its= 12 (13.9sec)

Starting time step 9, stepsize 36.7406 days, at day 5442.26/5479, date = 25-Nov-2038
 Newton its= 9, linearizations=10 (3.5sec), linear its=  8 (18.9sec)


Report step 52/68 at day 5479/192118, date = 01-Jan-2039

Starting time step 0, stepsize 32.6583 days, at day 5479/5844, date = 01-Jan-2039
Restart file written for report step 52/68, date = 01-Jan-2039 00:00:00
 Newton its= 7, linearizations= 8 (2.9sec), linear its= 13 (13.3sec)

Starting time step 1, stepsize 45.7216 days, at day 5511.66/5844, date = 02-Feb-2039
 Newton its= 7, linearizations= 8 (2.8sec), linear its= 15 (15.3sec)

Starting time step 2, stepsize 64.0103 days, at day 5557.38/5844, date = 20-Mar-2039
 Newton its= 7, linearizations= 8 (2.9sec), linear its= 14 (14.4sec)

Starting time step 3, stepsize 89.6144 days, at day 5621.39/5844, date = 23-May-2039
    Oscillating behavior detected: Relaxation set to 0.900000

Problem: Solver convergence failure - Numerical problem encountered
Timestep chopped to 8.96143513933671 days


Starting time step 3, stepsize 8.96144 days, at day 5621.39/5844, date = 23-May-2039
 Newton its= 3, linearizations= 4 (2.4sec), linear its=  7 (11.9sec)

Starting time step 4, stepsize 11.2018 days, at day 5630.35/5844, date = 01-Jun-2039
 Newton its= 4, linearizations= 5 (1.6sec), linear its=  7 (7.5sec)

Starting time step 5, stepsize 29.1247 days, at day 5641.55/5844, date = 12-Jun-2039
 Newton its= 5, linearizations= 6 (3.3sec), linear its= 17 (13.1sec)

Starting time step 6, stepsize 64.0743 days, at day 5670.68/5844, date = 11-Jul-2039
    Oscillating behavior detected: Relaxation set to 0.900000

Problem: Solver convergence failure - Iteration limit reached
Timestep chopped to 6.40742612462575 days


Starting time step 6, stepsize 6.40743 days, at day 5670.68/5844, date = 11-Jul-2039
 Newton its= 4, linearizations= 5 (1.9sec), linear its=  8 (9.0sec)

Starting time step 7, stepsize 8.00928 days, at day 5677.09/5844, date = 18-Jul-2039
 Newton its= 4, linearizations= 5 (1.9sec), linear its= 10 (14.0sec)

Starting time step 8, stepsize 20.8241 days, at day 5685.09/5844, date = 26-Jul-2039
 Newton its= 4, linearizations= 5 (1.7sec), linear its=  9 (9.0sec)

Starting time step 9, stepsize 54.1428 days, at day 5705.92/5844, date = 15-Aug-2039
 Newton its= 7, linearizations= 8 (2.8sec), linear its= 29 (21.0sec)

Starting time step 10, stepsize 41.9692 days, at day 5760.06/5844, date = 09-Oct-2039
 Newton its= 7, linearizations= 8 (3.6sec), linear its= 16 (15.4sec)

Starting time step 11, stepsize 41.9692 days, at day 5802.03/5844, date = 20-Nov-2039
    Oscillating behavior detected: Relaxation set to 0.900000

Problem: Solver convergence failure - Iteration limit reached
Timestep chopped to 4.196918106099246 days


Starting time step 11, stepsize 4.19692 days, at day 5802.03/5844, date = 20-Nov-2039
 Newton its= 5, linearizations= 6 (2.2sec), linear its=  6 (9.2sec)

Starting time step 12, stepsize 5.24615 days, at day 5806.23/5844, date = 24-Nov-2039
 Newton its= 2, linearizations= 3 (1.1sec), linear its=  1 (2.6sec)

Starting time step 13, stepsize 15.7384 days, at day 5811.47/5844, date = 29-Nov-2039
 Newton its= 6, linearizations= 7 (2.7sec), linear its= 13 (12.4sec)

Starting time step 14, stepsize 16.7877 days, at day 5827.21/5844, date = 15-Dec-2039
 Newton its= 4, linearizations= 5 (1.7sec), linear its=  7 (8.6sec)


Report step 53/68 at day 5844/192118, date = 01-Jan-2040

Starting time step 0, stepsize 43.6479 days, at day 5844/6210, date = 01-Jan-2040
Restart file written for report step 53/68, date = 01-Jan-2040 00:00:00
 Newton its= 6, linearizations= 7 (2.3sec), linear its= 14 (13.2sec)

Starting time step 1, stepsize 78.5663 days, at day 5887.65/6210, date = 13-Feb-2040

Warning: Full linear solver tolerance not achieved. The reduction is:0.00641633 after 20 iterations

Problem: Solver convergence failure - Numerical problem encountered
Timestep chopped to 7.8566306946175315 days


Starting time step 1, stepsize 7.85663 days, at day 5887.65/6210, date = 13-Feb-2040
    Oscillating behavior detected: Relaxation set to 0.900000
 Newton its= 3, linearizations= 4 (1.5sec), linear its=  5 (12.4sec)

Starting time step 2, stepsize 9.82079 days, at day 5895.5/6210, date = 21-Feb-2040
 Newton its= 3, linearizations= 4 (1.6sec), linear its=  5 (5.6sec)

Starting time step 3, stepsize 29.4624 days, at day 5905.33/6210, date = 02-Mar-2040
 Newton its=10, linearizations=11 (4.2sec), linear its= 19 (21.5sec)

Starting time step 4, stepsize 23.5699 days, at day 5934.79/6210, date = 31-Mar-2040
 Newton its= 5, linearizations= 6 (2.0sec), linear its= 17 (13.9sec)

Starting time step 5, stepsize 51.8538 days, at day 5958.36/6210, date = 24-Apr-2040
 Newton its=10, linearizations=11 (3.6sec), linear its= 21 (27.7sec)

Starting time step 6, stepsize 41.483 days, at day 6010.21/6210, date = 15-Jun-2040
 Newton its= 6, linearizations= 7 (2.4sec), linear its= 17 (15.2sec)

Starting time step 7, stepsize 74.6694 days, at day 6051.69/6210, date = 26-Jul-2040
    Oscillating behavior detected: Relaxation set to 0.900000

Problem: Solver convergence failure - Iteration limit reached
Timestep chopped to 7.466941812164503 days


Starting time step 7, stepsize 7.46694 days, at day 6051.69/6210, date = 26-Jul-2040
 Newton its= 3, linearizations= 4 (1.4sec), linear its=  5 (5.3sec)

Starting time step 8, stepsize 9.33368 days, at day 6059.16/6210, date = 03-Aug-2040
 Newton its= 4, linearizations= 5 (1.7sec), linear its=  7 (7.3sec)

Starting time step 9, stepsize 24.2676 days, at day 6068.5/6210, date = 12-Aug-2040
    Oscillating behavior detected: Relaxation set to 0.900000
 Newton its= 7, linearizations= 8 (3.3sec), linear its= 13 (18.4sec)

Starting time step 10, stepsize 33.9746 days, at day 6092.76/6210, date = 05-Sep-2040
 Newton its= 8, linearizations= 9 (3.1sec), linear its= 22 (19.7sec)

Starting time step 11, stepsize 33.9746 days, at day 6126.74/6210, date = 09-Oct-2040
 Newton its= 5, linearizations= 6 (1.8sec), linear its= 12 (10.4sec)

Starting time step 12, stepsize 49.2883 days, at day 6160.71/6210, date = 12-Nov-2040
 Newton its= 8, linearizations= 9 (3.9sec), linear its= 13 (14.6sec)


Report step 54/68 at day 6210/192118, date = 01-Jan-2041

Starting time step 0, stepsize 49.2883 days, at day 6210/6575, date = 01-Jan-2041
Restart file written for report step 54/68, date = 01-Jan-2041 00:00:00
 Newton its= 9, linearizations=10 (3.2sec), linear its= 23 (26.4sec)

Starting time step 1, stepsize 43.8118 days, at day 6259.29/6575, date = 19-Feb-2041
    Oscillating behavior detected: Relaxation set to 0.900000
 Newton its=10, linearizations=11 (3.7sec), linear its= 24 (21.8sec)

Starting time step 2, stepsize 35.0494 days, at day 6303.1/6575, date = 04-Apr-2041
    Oscillating behavior detected: Relaxation set to 0.900000
    Oscillating behavior detected: Relaxation set to 0.800000

Problem: Solver convergence failure - Iteration limit reached
Timestep chopped to 3.50494238829186 days


Starting time step 2, stepsize 3.50494 days, at day 6303.1/6575, date = 04-Apr-2041
 Newton its= 2, linearizations= 3 (0.9sec), linear its=  6 (4.7sec)

Starting time step 3, stepsize 4.38118 days, at day 6306.6/6575, date = 07-Apr-2041
 Newton its= 3, linearizations= 4 (1.4sec), linear its=  7 (11.5sec)

Starting time step 4, stepsize 13.1435 days, at day 6310.99/6575, date = 11-Apr-2041
    Oscillating behavior detected: Relaxation set to 0.900000
    Oscillating behavior detected: Relaxation set to 0.800000
 Newton its= 9, linearizations=10 (3.4sec), linear its= 25 (21.4sec)

Starting time step 5, stepsize 11.6831 days, at day 6324.13/6575, date = 25-Apr-2041
 Newton its= 3, linearizations= 4 (2.3sec), linear its=  3 (4.5sec)

Starting time step 6, stepsize 35.0494 days, at day 6335.81/6575, date = 06-May-2041
 Newton its= 6, linearizations= 7 (2.5sec), linear its= 17 (14.5sec)

Starting time step 7, stepsize 63.089 days, at day 6370.86/6575, date = 10-Jun-2041
    Oscillating behavior detected: Relaxation set to 0.900000

Problem: Solver convergence failure - Iteration limit reached
Timestep chopped to 6.308896298925349 days


Starting time step 7, stepsize 6.3089 days, at day 6370.86/6575, date = 10-Jun-2041
 Newton its= 4, linearizations= 5 (1.7sec), linear its=  9 (8.6sec)

Starting time step 8, stepsize 7.88612 days, at day 6377.17/6575, date = 17-Jun-2041
    Oscillating behavior detected: Relaxation set to 0.900000
 Newton its= 4, linearizations= 5 (1.7sec), linear its= 11 (9.2sec)

Starting time step 9, stepsize 20.5039 days, at day 6385.06/6575, date = 25-Jun-2041
 Newton its= 4, linearizations= 5 (1.8sec), linear its= 16 (13.2sec)

Starting time step 10, stepsize 53.3102 days, at day 6405.56/6575, date = 15-Jul-2041
    Oscillating behavior detected: Relaxation set to 0.900000
 Newton its=11, linearizations=12 (4.2sec), linear its= 32 (29.1sec)

Starting time step 11, stepsize 38.771 days, at day 6458.87/6575, date = 06-Sep-2041
 Newton its= 6, linearizations= 7 (2.5sec), linear its= 13 (19.5sec)

Starting time step 12, stepsize 38.6788 days, at day 6497.64/6575, date = 15-Oct-2041
 Newton its= 7, linearizations= 8 (2.8sec), linear its= 28 (22.3sec)

Starting time step 13, stepsize 38.6788 days, at day 6536.32/6575, date = 23-Nov-2041
 Newton its= 6, linearizations= 7 (2.5sec), linear its=  6 (9.1sec)


Report step 55/68 at day 6575/192118, date = 01-Jan-2042

Starting time step 0, stepsize 69.6218 days, at day 6575/6940, date = 01-Jan-2042
Restart file written for report step 55/68, date = 01-Jan-2042 00:00:00

Problem: Solver convergence failure - Numerical problem encountered
Timestep chopped to 6.962184854728481 days


Starting time step 0, stepsize 6.96218 days, at day 6575/6940, date = 01-Jan-2042
 Newton its= 4, linearizations= 5 (1.8sec), linear its=  8 (8.1sec)

Starting time step 1, stepsize 8.70273 days, at day 6581.96/6940, date = 07-Jan-2042
 Newton its= 4, linearizations= 5 (2.7sec), linear its= 11 (9.7sec)

Starting time step 2, stepsize 22.6271 days, at day 6590.66/6940, date = 16-Jan-2042
 Newton its= 5, linearizations= 6 (2.1sec), linear its= 15 (19.0sec)

Starting time step 3, stepsize 49.7796 days, at day 6613.29/6940, date = 08-Feb-2042
    Oscillating behavior detected: Relaxation set to 0.900000

Problem: Solver convergence failure - Iteration limit reached
Timestep chopped to 4.977962171130865 days


Starting time step 3, stepsize 4.97796 days, at day 6613.29/6940, date = 08-Feb-2042
 Newton its= 2, linearizations= 3 (1.1sec), linear its=  2 (2.9sec)

Starting time step 4, stepsize 6.22245 days, at day 6618.27/6940, date = 13-Feb-2042
 Newton its= 4, linearizations= 5 (1.7sec), linear its=  6 (7.1sec)

Starting time step 5, stepsize 16.1784 days, at day 6624.49/6940, date = 19-Feb-2042
    Oscillating behavior detected: Relaxation set to 0.900000
 Newton its= 5, linearizations= 6 (2.2sec), linear its= 21 (17.0sec)

Starting time step 6, stepsize 35.5924 days, at day 6640.67/6940, date = 07-Mar-2042
    Oscillating behavior detected: Relaxation set to 0.900000
 Newton its= 8, linearizations= 9 (3.0sec), linear its=  6 (17.0sec)

Starting time step 7, stepsize 35.5924 days, at day 6676.26/6940, date = 12-Apr-2042
 Newton its= 7, linearizations= 8 (2.7sec), linear its= 13 (14.7sec)

Starting time step 8, stepsize 49.8294 days, at day 6711.86/6940, date = 17-May-2042
    Oscillating behavior detected: Relaxation set to 0.900000
    Oscillating behavior detected: Relaxation set to 0.800000
 Newton its=12, linearizations=13 (4.4sec), linear its= 26 (26.4sec)

Starting time step 9, stepsize 33.2196 days, at day 6761.69/6940, date = 06-Jul-2042
 Newton its= 7, linearizations= 8 (2.6sec), linear its= 17 (21.9sec)

Starting time step 10, stepsize 46.5074 days, at day 6794.9/6940, date = 08-Aug-2042
 Newton its= 9, linearizations=10 (3.5sec), linear its= 24 (22.9sec)

Starting time step 11, stepsize 41.3399 days, at day 6841.41/6940, date = 24-Sep-2042
 Newton its= 7, linearizations= 8 (2.8sec), linear its= 25 (23.2sec)

Starting time step 12, stepsize 57.2479 days, at day 6882.75/6940, date = 04-Nov-2042

Warning: Full linear solver tolerance not achieved. The reduction is:0.00504951 after 20 iterations
    Oscillating behavior detected: Relaxation set to 0.900000
    Oscillating behavior detected: Relaxation set to 0.800000
 Newton its=12, linearizations=13 (4.6sec), linear its= 76 (53.8sec)


Report step 56/68 at day 6940/192118, date = 01-Jan-2043

Starting time step 0, stepsize 38.1653 days, at day 6940/7305, date = 01-Jan-2043
Restart file written for report step 56/68, date = 01-Jan-2043 00:00:00
    Oscillating behavior detected: Relaxation set to 0.900000
    Oscillating behavior detected: Relaxation set to 0.800000
    Oscillating behavior detected: Relaxation set to 0.700000
    Oscillating behavior detected: Relaxation set to 0.600000

Problem: Solver convergence failure - Iteration limit reached
Timestep chopped to 3.816529404811561 days


Starting time step 0, stepsize 3.81653 days, at day 6940/7305, date = 01-Jan-2043
 Newton its= 3, linearizations= 4 (1.4sec), linear its=  4 (5.9sec)

Starting time step 1, stepsize 4.77066 days, at day 6943.82/7305, date = 04-Jan-2043
 Newton its= 4, linearizations= 5 (1.7sec), linear its=  8 (8.7sec)

Starting time step 2, stepsize 12.4037 days, at day 6948.59/7305, date = 09-Jan-2043
 Newton its= 3, linearizations= 4 (1.7sec), linear its=  6 (6.3sec)

Starting time step 3, stepsize 37.2112 days, at day 6960.99/7305, date = 21-Jan-2043
 Newton its= 8, linearizations= 9 (3.1sec), linear its= 14 (21.6sec)

Starting time step 4, stepsize 37.2112 days, at day 6998.2/7305, date = 28-Feb-2043
    Oscillating behavior detected: Relaxation set to 0.900000
 Newton its= 9, linearizations=10 (3.7sec), linear its= 32 (27.1sec)

Starting time step 5, stepsize 33.0766 days, at day 7035.41/7305, date = 06-Apr-2043
    Oscillating behavior detected: Relaxation set to 0.900000
 Newton its= 8, linearizations= 9 (3.2sec), linear its= 21 (19.6sec)

Starting time step 6, stepsize 33.0766 days, at day 7068.49/7305, date = 09-May-2043
    Oscillating behavior detected: Relaxation set to 0.900000

Problem: Solver convergence failure - Iteration limit reached
Timestep chopped to 3.307658817503354 days


Starting time step 6, stepsize 3.30766 days, at day 7068.49/7305, date = 09-May-2043
 Newton its= 4, linearizations= 5 (1.7sec), linear its=  3 (5.7sec)

Starting time step 7, stepsize 4.13457 days, at day 7071.8/7305, date = 12-May-2043
    Oscillating behavior detected: Relaxation set to 0.900000
    Oscillating behavior detected: Relaxation set to 0.800000
 Newton its= 6, linearizations= 7 (2.3sec), linear its= 10 (11.9sec)

Starting time step 8, stepsize 7.44223 days, at day 7075.93/7305, date = 16-May-2043
 Newton its= 3, linearizations= 4 (1.3sec), linear its=  3 (4.8sec)

Starting time step 9, stepsize 22.3267 days, at day 7083.37/7305, date = 24-May-2043
 Newton its= 4, linearizations= 5 (1.8sec), linear its= 11 (10.1sec)

Starting time step 10, stepsize 58.0494 days, at day 7105.7/7305, date = 15-Jun-2043

Problem: Solver convergence failure - Numerical problem encountered
Timestep chopped to 5.804941224718387 days


Starting time step 10, stepsize 5.80494 days, at day 7105.7/7305, date = 15-Jun-2043
 Newton its= 4, linearizations= 5 (1.8sec), linear its=  5 (6.5sec)

Starting time step 11, stepsize 7.25618 days, at day 7111.51/7305, date = 21-Jun-2043
 Newton its= 3, linearizations= 4 (1.5sec), linear its=  8 (7.4sec)

Starting time step 12, stepsize 21.7685 days, at day 7118.76/7305, date = 28-Jun-2043
 Newton its= 4, linearizations= 5 (1.7sec), linear its= 12 (15.7sec)

Starting time step 13, stepsize 56.5982 days, at day 7140.53/7305, date = 20-Jul-2043
    Oscillating behavior detected: Relaxation set to 0.900000
    Oscillating behavior detected: Relaxation set to 0.800000

Problem: Solver convergence failure - Iteration limit reached
Timestep chopped to 5.659817694100428 days


Starting time step 13, stepsize 5.65982 days, at day 7140.53/7305, date = 20-Jul-2043
 Newton its= 4, linearizations= 5 (1.8sec), linear its= 10 (10.2sec)

Starting time step 14, stepsize 7.07477 days, at day 7146.19/7305, date = 26-Jul-2043
 Newton its= 3, linearizations= 4 (1.5sec), linear its=  5 (5.8sec)

Starting time step 15, stepsize 21.2243 days, at day 7153.27/7305, date = 02-Aug-2043
 Newton its= 5, linearizations= 6 (2.2sec), linear its= 10 (10.0sec)

Starting time step 16, stepsize 46.6935 days, at day 7174.49/7305, date = 23-Aug-2043
    Oscillating behavior detected: Relaxation set to 0.900000
 Newton its=11, linearizations=12 (5.1sec), linear its= 18 (26.4sec)

Starting time step 17, stepsize 33.9589 days, at day 7221.18/7305, date = 09-Oct-2043
 Newton its= 6, linearizations= 7 (2.6sec), linear its= 20 (17.6sec)

Starting time step 18, stepsize 49.8581 days, at day 7255.14/7305, date = 12-Nov-2043
    Oscillating behavior detected: Relaxation set to 0.900000
    Oscillating behavior detected: Relaxation set to 0.800000

Problem: Solver convergence failure - Iteration limit reached
Timestep chopped to 4.985805935392364 days


Starting time step 18, stepsize 4.98581 days, at day 7255.14/7305, date = 12-Nov-2043
 Newton its= 2, linearizations= 3 (1.1sec), linear its=  4 (3.7sec)

Starting time step 19, stepsize 6.23226 days, at day 7260.13/7305, date = 17-Nov-2043
 Newton its= 4, linearizations= 5 (1.9sec), linear its=  6 (13.6sec)

Starting time step 20, stepsize 16.2039 days, at day 7266.36/7305, date = 23-Nov-2043
 Newton its= 4, linearizations= 5 (1.6sec), linear its= 13 (10.0sec)

Starting time step 21, stepsize 22.4361 days, at day 7282.56/7305, date = 09-Dec-2043
 Newton its= 5, linearizations= 6 (2.2sec), linear its= 15 (13.8sec)


Report step 57/68 at day 7305/192118, date = 01-Jan-2044

Starting time step 0, stepsize 49.3595 days, at day 7305/7671, date = 01-Jan-2044
Restart file written for report step 57/68, date = 01-Jan-2044 00:00:00
    Oscillating behavior detected: Relaxation set to 0.900000
 Newton its=10, linearizations=11 (3.7sec), linear its= 18 (18.9sec)

Starting time step 1, stepsize 39.4876 days, at day 7354.36/7671, date = 19-Feb-2044
 Newton its= 6, linearizations= 7 (2.6sec), linear its= 10 (12.5sec)

Starting time step 2, stepsize 71.0776 days, at day 7393.85/7671, date = 29-Mar-2044

Problem: Solver convergence failure - Numerical problem encountered
Timestep chopped to 7.10776494149542 days


Starting time step 2, stepsize 7.10776 days, at day 7393.85/7671, date = 29-Mar-2044
 Newton its= 5, linearizations= 6 (2.1sec), linear its=  9 (9.6sec)

Starting time step 3, stepsize 8.88471 days, at day 7400.95/7671, date = 05-Apr-2044
 Newton its= 4, linearizations= 5 (2.6sec), linear its= 10 (8.6sec)

Starting time step 4, stepsize 23.1002 days, at day 7409.84/7671, date = 14-Apr-2044
 Newton its= 4, linearizations= 5 (1.7sec), linear its= 12 (10.3sec)

Starting time step 5, stepsize 60.0606 days, at day 7432.94/7671, date = 07-May-2044

Problem: Solver convergence failure - Numerical problem encountered
Timestep chopped to 6.006061375563632 days


Starting time step 5, stepsize 6.00606 days, at day 7432.94/7671, date = 07-May-2044
 Newton its= 2, linearizations= 3 (1.2sec), linear its=  2 (3.3sec)

Starting time step 6, stepsize 7.50758 days, at day 7438.95/7671, date = 13-May-2044
    Oscillating behavior detected: Relaxation set to 0.900000
 Newton its= 3, linearizations= 4 (1.4sec), linear its=  7 (12.2sec)

Starting time step 7, stepsize 22.5227 days, at day 7446.45/7671, date = 21-May-2044
 Newton its= 7, linearizations= 8 (2.7sec), linear its= 14 (14.9sec)

Starting time step 8, stepsize 31.5318 days, at day 7468.98/7671, date = 12-Jun-2044
 Newton its= 5, linearizations= 6 (2.0sec), linear its= 20 (14.2sec)

Starting time step 9, stepsize 69.37 days, at day 7500.51/7671, date = 14-Jul-2044
 Newton its= 8, linearizations= 9 (3.3sec), linear its= 28 (22.7sec)

Starting time step 10, stepsize 50.561 days, at day 7569.88/7671, date = 21-Sep-2044
    Oscillating behavior detected: Relaxation set to 0.900000
 Newton its=10, linearizations=11 (4.0sec), linear its= 25 (30.2sec)

Starting time step 11, stepsize 25.2805 days, at day 7620.44/7671, date = 11-Nov-2044
 Newton its= 5, linearizations= 6 (1.9sec), linear its= 15 (13.1sec)

Starting time step 12, stepsize 25.2805 days, at day 7645.72/7671, date = 06-Dec-2044
 Newton its= 4, linearizations= 5 (1.7sec), linear its= 12 (9.4sec)


Report step 58/68 at day 7671/192118, date = 01-Jan-2045

Starting time step 0, stepsize 65.7293 days, at day 7671/8036, date = 01-Jan-2045
Restart file written for report step 58/68, date = 01-Jan-2045 00:00:00
    Oscillating behavior detected: Relaxation set to 0.900000

Warning: Full linear solver tolerance not achieved. The reduction is:0.00708057 after 20 iterations
    Oscillating behavior detected: Relaxation set to 0.800000

Problem: Solver convergence failure - Iteration limit reached
Timestep chopped to 6.572932059864948 days


Starting time step 0, stepsize 6.57293 days, at day 7671/8036, date = 01-Jan-2045
 Newton its= 3, linearizations= 4 (1.3sec), linear its= 10 (7.7sec)

Starting time step 1, stepsize 8.21617 days, at day 7677.57/8036, date = 07-Jan-2045
 Newton its= 4, linearizations= 5 (1.5sec), linear its=  9 (9.1sec)

Starting time step 2, stepsize 21.362 days, at day 7685.79/8036, date = 15-Jan-2045
 Newton its= 5, linearizations= 6 (2.0sec), linear its= 10 (14.8sec)

Starting time step 3, stepsize 46.9965 days, at day 7707.15/8036, date = 06-Feb-2045
    Oscillating behavior detected: Relaxation set to 0.900000
    Oscillating behavior detected: Relaxation set to 0.800000

Problem: Solver convergence failure - Iteration limit reached
Timestep chopped to 4.699646422803439 days


Starting time step 3, stepsize 4.69965 days, at day 7707.15/8036, date = 06-Feb-2045
 Newton its= 2, linearizations= 3 (1.1sec), linear its=  3 (4.2sec)

Starting time step 4, stepsize 5.87456 days, at day 7711.85/8036, date = 10-Feb-2045
    Oscillating behavior detected: Relaxation set to 0.900000
 Newton its= 3, linearizations= 4 (1.3sec), linear its= 15 (10.8sec)

Starting time step 5, stepsize 17.6237 days, at day 7717.73/8036, date = 16-Feb-2045
 Newton its= 5, linearizations= 6 (1.9sec), linear its= 11 (11.3sec)

Starting time step 6, stepsize 38.7721 days, at day 7735.35/8036, date = 06-Mar-2045
 Newton its= 8, linearizations= 9 (2.9sec), linear its= 18 (22.3sec)

Starting time step 7, stepsize 38.7721 days, at day 7774.12/8036, date = 14-Apr-2045

Problem: Solver convergence failure - Numerical problem encountered
Timestep chopped to 3.877208298812837 days


Starting time step 7, stepsize 3.87721 days, at day 7774.12/8036, date = 14-Apr-2045
 Newton its= 4, linearizations= 5 (1.7sec), linear its=  5 (6.6sec)

Starting time step 8, stepsize 4.84651 days, at day 7778/8036, date = 17-Apr-2045
 Newton its= 3, linearizations= 4 (1.4sec), linear its=  6 (7.2sec)

Starting time step 9, stepsize 14.5395 days, at day 7782.84/8036, date = 22-Apr-2045
 Newton its= 4, linearizations= 5 (1.7sec), linear its= 11 (9.5sec)

Starting time step 10, stepsize 37.8028 days, at day 7797.38/8036, date = 07-May-2045
 Newton its= 6, linearizations= 7 (3.4sec), linear its= 13 (12.7sec)

Starting time step 11, stepsize 68.045 days, at day 7835.19/8036, date = 14-Jun-2045
    Oscillating behavior detected: Relaxation set to 0.900000

Problem: Solver convergence failure - Numerical problem encountered
Timestep chopped to 6.80450056441653 days


Starting time step 11, stepsize 6.8045 days, at day 7835.19/8036, date = 14-Jun-2045
 Newton its= 3, linearizations= 4 (1.2sec), linear its=  7 (6.5sec)

Starting time step 12, stepsize 8.50563 days, at day 7841.99/8036, date = 20-Jun-2045
 Newton its= 4, linearizations= 5 (1.5sec), linear its=  4 (7.2sec)

Starting time step 13, stepsize 22.1146 days, at day 7850.5/8036, date = 29-Jun-2045
 Newton its= 5, linearizations= 6 (2.0sec), linear its=  7 (8.9sec)

Starting time step 14, stepsize 48.6522 days, at day 7872.61/8036, date = 21-Jul-2045
 Newton its= 7, linearizations= 8 (2.6sec), linear its= 23 (19.7sec)

Starting time step 15, stepsize 68.1131 days, at day 7921.26/8036, date = 08-Sep-2045

Problem: Solver convergence failure - Numerical problem encountered
Timestep chopped to 6.811305064980948 days


Starting time step 15, stepsize 6.81131 days, at day 7921.26/8036, date = 08-Sep-2045
 Newton its= 3, linearizations= 4 (1.4sec), linear its= 10 (7.8sec)

Starting time step 16, stepsize 8.51413 days, at day 7928.08/8036, date = 15-Sep-2045
 Newton its= 3, linearizations= 4 (1.5sec), linear its=  7 (6.6sec)

Starting time step 17, stepsize 25.5424 days, at day 7936.59/8036, date = 23-Sep-2045
 Newton its= 9, linearizations=10 (3.5sec), linear its= 14 (17.9sec)

Starting time step 18, stepsize 22.7044 days, at day 7962.13/8036, date = 19-Oct-2045
 Newton its= 6, linearizations= 7 (2.5sec), linear its= 10 (11.9sec)

Starting time step 19, stepsize 25.5819 days, at day 7984.84/8036, date = 10-Nov-2045
 Newton its= 4, linearizations= 5 (1.9sec), linear its=  9 (8.8sec)

Starting time step 20, stepsize 25.5819 days, at day 8010.42/8036, date = 06-Dec-2045
 Newton its= 7, linearizations= 8 (2.9sec), linear its= 14 (21.4sec)


Report step 59/68 at day 8036/192118, date = 01-Jan-2046

Starting time step 0, stepsize 35.8146 days, at day 8036/8401, date = 01-Jan-2046
Restart file written for report step 59/68, date = 01-Jan-2046 00:00:00
 Newton its= 8, linearizations= 9 (3.2sec), linear its= 16 (15.8sec)

Starting time step 1, stepsize 35.8146 days, at day 8071.81/8401, date = 05-Feb-2046
 Newton its= 6, linearizations= 7 (2.3sec), linear its= 12 (13.3sec)

Starting time step 2, stepsize 64.4663 days, at day 8107.63/8401, date = 13-Mar-2046
    Oscillating behavior detected: Relaxation set to 0.900000

Problem: Solver convergence failure - Iteration limit reached
Timestep chopped to 6.446634855334907 days


Starting time step 2, stepsize 6.44663 days, at day 8107.63/8401, date = 13-Mar-2046
 Newton its= 3, linearizations= 4 (1.4sec), linear its=  7 (13.7sec)

Starting time step 3, stepsize 8.05829 days, at day 8114.08/8401, date = 20-Mar-2046
 Newton its= 4, linearizations= 5 (1.6sec), linear its=  8 (8.6sec)

Starting time step 4, stepsize 20.9516 days, at day 8122.13/8401, date = 28-Mar-2046
 Newton its= 6, linearizations= 7 (2.4sec), linear its=  8 (10.5sec)

Starting time step 5, stepsize 37.7128 days, at day 8143.09/8401, date = 18-Apr-2046
    Oscillating behavior detected: Relaxation set to 0.900000
 Newton its= 7, linearizations= 8 (2.8sec), linear its= 14 (16.2sec)

Starting time step 6, stepsize 52.7979 days, at day 8180.8/8401, date = 25-May-2046

Problem: Solver convergence failure - Numerical problem encountered
Timestep chopped to 5.279793946519289 days


Starting time step 6, stepsize 5.27979 days, at day 8180.8/8401, date = 25-May-2046
 Newton its= 3, linearizations= 4 (1.3sec), linear its=  3 (4.9sec)

Starting time step 7, stepsize 6.59974 days, at day 8186.08/8401, date = 31-May-2046
 Newton its= 2, linearizations= 3 (1.2sec), linear its=  4 (9.5sec)

Starting time step 8, stepsize 19.7992 days, at day 8192.68/8401, date = 06-Jun-2046
 Newton its= 4, linearizations= 5 (1.6sec), linear its= 10 (10.2sec)

Starting time step 9, stepsize 51.478 days, at day 8212.48/8401, date = 26-Jun-2046
 Newton its= 8, linearizations= 9 (3.2sec), linear its= 16 (15.3sec)

Starting time step 10, stepsize 51.478 days, at day 8263.96/8401, date = 16-Aug-2046
 Newton its= 7, linearizations= 8 (2.8sec), linear its= 17 (16.9sec)

Starting time step 11, stepsize 42.7833 days, at day 8315.43/8401, date = 07-Oct-2046
 Newton its=11, linearizations=12 (4.2sec), linear its= 28 (32.9sec)

Starting time step 12, stepsize 21.3917 days, at day 8358.22/8401, date = 19-Nov-2046
 Newton its= 4, linearizations= 5 (1.8sec), linear its=  6 (8.0sec)

Starting time step 13, stepsize 21.3917 days, at day 8379.61/8401, date = 10-Dec-2046
 Newton its= 6, linearizations= 7 (2.2sec), linear its= 13 (13.2sec)


Report step 60/68 at day 8401/192118, date = 01-Jan-2047

Starting time step 0, stepsize 38.505 days, at day 8401/8766, date = 01-Jan-2047
Restart file written for report step 60/68, date = 01-Jan-2047 00:00:00
 Newton its= 6, linearizations= 7 (2.5sec), linear its= 22 (19.3sec)

Starting time step 1, stepsize 69.309 days, at day 8439.51/8766, date = 08-Feb-2047
    Oscillating behavior detected: Relaxation set to 0.900000
 Newton its= 9, linearizations=10 (3.8sec), linear its= 25 (26.3sec)

Starting time step 2, stepsize 61.608 days, at day 8508.81/8766, date = 18-Apr-2047
 Newton its= 9, linearizations=10 (3.9sec), linear its= 22 (26.4sec)

Starting time step 3, stepsize 54.7627 days, at day 8570.42/8766, date = 19-Jun-2047
    Oscillating behavior detected: Relaxation set to 0.900000
    Oscillating behavior detected: Relaxation set to 0.800000
    Oscillating behavior detected: Relaxation set to 0.700000

Problem: Solver convergence failure - Iteration limit reached
Timestep chopped to 5.476267045460454 days


Starting time step 3, stepsize 5.47627 days, at day 8570.42/8766, date = 19-Jun-2047
 Newton its= 3, linearizations= 4 (1.5sec), linear its=  4 (5.4sec)

Starting time step 4, stepsize 6.84533 days, at day 8575.9/8766, date = 24-Jun-2047
 Newton its= 2, linearizations= 3 (2.1sec), linear its=  4 (3.8sec)

Starting time step 5, stepsize 20.536 days, at day 8582.74/8766, date = 01-Jul-2047
 Newton its= 6, linearizations= 7 (2.5sec), linear its= 14 (13.7sec)

Starting time step 6, stepsize 36.9648 days, at day 8603.28/8766, date = 22-Jul-2047
 Newton its= 7, linearizations= 8 (2.8sec), linear its= 16 (21.3sec)

Starting time step 7, stepsize 51.7507 days, at day 8640.24/8766, date = 28-Aug-2047
 Newton its= 8, linearizations= 9 (3.1sec), linear its= 19 (18.7sec)

Starting time step 8, stepsize 37.0024 days, at day 8692/8766, date = 18-Oct-2047
 Newton its= 5, linearizations= 6 (2.3sec), linear its=  9 (10.1sec)

Starting time step 9, stepsize 37.0024 days, at day 8729/8766, date = 24-Nov-2047
 Newton its= 6, linearizations= 7 (2.5sec), linear its= 18 (16.1sec)


Report step 61/68 at day 8766/192118, date = 01-Jan-2048

Starting time step 0, stepsize 66.6044 days, at day 8766/9132, date = 01-Jan-2048
Restart file written for report step 61/68, date = 01-Jan-2048 00:00:00
    Oscillating behavior detected: Relaxation set to 0.900000
    Oscillating behavior detected: Relaxation set to 0.800000
 Newton its=12, linearizations=13 (4.5sec), linear its= 38 (36.9sec)

Starting time step 1, stepsize 44.4029 days, at day 8832.6/9132, date = 07-Mar-2048
 Newton its= 9, linearizations=10 (3.7sec), linear its= 21 (20.5sec)

Starting time step 2, stepsize 39.4693 days, at day 8877.01/9132, date = 21-Apr-2048
 Newton its= 6, linearizations= 7 (2.7sec), linear its= 13 (12.6sec)

Starting time step 3, stepsize 71.0447 days, at day 8916.48/9132, date = 30-May-2048

Problem: Solver convergence failure - Numerical problem encountered
Timestep chopped to 7.10446654769712 days


Starting time step 3, stepsize 7.10447 days, at day 8916.48/9132, date = 30-May-2048
 Newton its= 8, linearizations= 9 (3.3sec), linear its= 14 (21.6sec)

Starting time step 4, stepsize 7.10447 days, at day 8923.58/9132, date = 06-Jun-2048
 Newton its= 4, linearizations= 5 (1.8sec), linear its=  6 (7.2sec)

Starting time step 5, stepsize 18.4716 days, at day 8930.69/9132, date = 13-Jun-2048
 Newton its= 7, linearizations= 8 (3.8sec), linear its= 24 (19.0sec)

Starting time step 6, stepsize 25.8603 days, at day 8949.16/9132, date = 02-Jul-2048
 Newton its= 6, linearizations= 7 (2.4sec), linear its= 10 (12.3sec)

Starting time step 7, stepsize 46.5485 days, at day 8975.02/9132, date = 28-Jul-2048
    Oscillating behavior detected: Relaxation set to 0.900000
    Oscillating behavior detected: Relaxation set to 0.800000
    Oscillating behavior detected: Relaxation set to 0.700000
 Newton its=12, linearizations=13 (5.0sec), linear its= 21 (29.0sec)

Starting time step 8, stepsize 31.0323 days, at day 9021.57/9132, date = 12-Sep-2048
 Newton its= 8, linearizations= 9 (4.3sec), linear its= 24 (20.6sec)

Starting time step 9, stepsize 31.0323 days, at day 9052.6/9132, date = 13-Oct-2048
 Newton its= 5, linearizations= 6 (2.1sec), linear its= 20 (15.3sec)

Starting time step 10, stepsize 48.3696 days, at day 9083.63/9132, date = 13-Nov-2048
    Oscillating behavior detected: Relaxation set to 0.900000

Problem: Solver convergence failure - Iteration limit reached
Timestep chopped to 4.836956265969823 days


Starting time step 10, stepsize 4.83696 days, at day 9083.63/9132, date = 13-Nov-2048
 Newton its= 2, linearizations= 3 (1.0sec), linear its=  2 (2.9sec)

Starting time step 11, stepsize 6.0462 days, at day 9088.47/9132, date = 18-Nov-2048
 Newton its= 4, linearizations= 5 (1.8sec), linear its=  4 (6.2sec)

Starting time step 12, stepsize 15.7201 days, at day 9094.51/9132, date = 24-Nov-2048
 Newton its= 5, linearizations= 6 (1.9sec), linear its= 17 (14.9sec)

Starting time step 13, stepsize 21.7663 days, at day 9110.23/9132, date = 10-Dec-2048
 Newton its= 6, linearizations= 7 (2.4sec), linear its= 19 (15.1sec)


Report step 62/68 at day 9132/192118, date = 01-Jan-2049

Starting time step 0, stepsize 39.1793 days, at day 9132/9497, date = 01-Jan-2049
Restart file written for report step 62/68, date = 01-Jan-2049 00:00:00
 Newton its= 7, linearizations= 8 (2.8sec), linear its= 25 (20.2sec)

Starting time step 1, stepsize 54.8511 days, at day 9171.18/9497, date = 09-Feb-2049
    Oscillating behavior detected: Relaxation set to 0.900000
    Oscillating behavior detected: Relaxation set to 0.800000
 Newton its=12, linearizations=13 (4.4sec), linear its= 33 (33.7sec)

Starting time step 2, stepsize 36.5674 days, at day 9226.03/9497, date = 05-Apr-2049
 Newton its= 5, linearizations= 6 (2.0sec), linear its= 25 (18.2sec)

Starting time step 3, stepsize 80.4483 days, at day 9262.6/9497, date = 11-May-2049
    Oscillating behavior detected: Relaxation set to 0.900000
    Oscillating behavior detected: Relaxation set to 0.800000

Problem: Solver convergence failure - Iteration limit reached
Timestep chopped to 8.044825661560935 days


Starting time step 3, stepsize 8.04483 days, at day 9262.6/9497, date = 11-May-2049
 Newton its= 4, linearizations= 5 (1.8sec), linear its=  9 (7.9sec)

Starting time step 4, stepsize 10.056 days, at day 9270.64/9497, date = 19-May-2049
 Newton its= 4, linearizations= 5 (1.8sec), linear its=  9 (14.5sec)

Starting time step 5, stepsize 26.1457 days, at day 9280.7/9497, date = 29-May-2049
 Newton its= 6, linearizations= 7 (2.3sec), linear its=  9 (10.0sec)

Starting time step 6, stepsize 47.0622 days, at day 9306.84/9497, date = 24-Jun-2049
 Newton its= 6, linearizations= 7 (3.2sec), linear its= 11 (11.8sec)

Starting time step 7, stepsize 84.712 days, at day 9353.91/9497, date = 10-Aug-2049

Problem: Solver convergence failure - Numerical problem encountered
Timestep chopped to 8.471201421623666 days


Starting time step 7, stepsize 8.4712 days, at day 9353.91/9497, date = 10-Aug-2049
 Newton its= 3, linearizations= 4 (1.3sec), linear its=  8 (6.6sec)

Starting time step 8, stepsize 10.589 days, at day 9362.38/9497, date = 19-Aug-2049
 Newton its= 4, linearizations= 5 (1.7sec), linear its=  7 (7.5sec)

Starting time step 9, stepsize 27.5314 days, at day 9372.97/9497, date = 29-Aug-2049
 Newton its= 4, linearizations= 5 (1.8sec), linear its=  4 (12.1sec)

Starting time step 10, stepsize 48.2509 days, at day 9400.5/9497, date = 26-Sep-2049
 Newton its= 7, linearizations= 8 (2.7sec), linear its= 15 (13.8sec)

Starting time step 11, stepsize 48.2509 days, at day 9448.75/9497, date = 13-Nov-2049
 Newton its= 6, linearizations= 7 (2.4sec), linear its=  6 (10.3sec)


Report step 63/68 at day 9497/192118, date = 01-Jan-2050

Starting time step 0, stepsize 86.8516 days, at day 9497/46021, date = 01-Jan-2050
Restart file written for report step 63/68, date = 01-Jan-2050 00:00:00

Warning: Full linear solver tolerance not achieved. The reduction is:0.0093967 after 20 iterations

Problem: Solver convergence failure - Numerical problem encountered
Timestep chopped to 8.685162156705061 days


Starting time step 0, stepsize 8.68516 days, at day 9497/46021, date = 01-Jan-2050
 Newton its= 4, linearizations= 5 (1.6sec), linear its=  8 (7.5sec)

Starting time step 1, stepsize 10.8565 days, at day 9505.69/46021, date = 09-Jan-2050
 Newton its= 3, linearizations= 4 (1.2sec), linear its=  7 (7.0sec)

Starting time step 2, stepsize 32.5694 days, at day 9516.54/46021, date = 20-Jan-2050
    Oscillating behavior detected: Relaxation set to 0.900000
 Newton its= 7, linearizations= 8 (2.5sec), linear its=  6 (15.0sec)

Starting time step 3, stepsize 45.5971 days, at day 9549.11/46021, date = 22-Feb-2050
    Oscillating behavior detected: Relaxation set to 0.900000
 Newton its=12, linearizations=13 (4.5sec), linear its= 19 (21.2sec)

Starting time step 4, stepsize 30.3981 days, at day 9594.71/46021, date = 08-Apr-2050
 Newton its= 4, linearizations= 5 (1.8sec), linear its=  5 (6.1sec)

Starting time step 5, stepsize 79.035 days, at day 9625.11/46021, date = 09-May-2050
 Newton its= 9, linearizations=10 (3.2sec), linear its= 29 (23.8sec)

Starting time step 6, stepsize 70.2533 days, at day 9704.14/46021, date = 27-Jul-2050
 Newton its= 9, linearizations=10 (3.2sec), linear its= 19 (24.7sec)

Starting time step 7, stepsize 62.4474 days, at day 9774.39/46021, date = 05-Oct-2050
 Newton its= 6, linearizations= 7 (2.5sec), linear its=  9 (10.4sec)

Starting time step 8, stepsize 112.405 days, at day 9836.84/46021, date = 06-Dec-2050
 Newton its= 6, linearizations= 7 (2.4sec), linear its= 12 (12.4sec)

Starting time step 9, stepsize 202.33 days, at day 9949.25/46021, date = 29-Mar-2051

Problem: Solver convergence failure - Numerical problem encountered
Timestep chopped to 20.232953760260113 days


Starting time step 9, stepsize 20.233 days, at day 9949.25/46021, date = 29-Mar-2051
 Newton its= 4, linearizations= 5 (1.8sec), linear its=  6 (7.4sec)

Starting time step 10, stepsize 25.2912 days, at day 9969.48/46021, date = 18-Apr-2051
    Oscillating behavior detected: Relaxation set to 0.900000
 Newton its= 5, linearizations= 6 (2.1sec), linear its=  9 (15.8sec)

Starting time step 11, stepsize 55.6406 days, at day 9994.77/46021, date = 13-May-2051
 Newton its= 7, linearizations= 8 (2.8sec), linear its= 16 (14.2sec)

Starting time step 12, stepsize 77.8969 days, at day 10050.4/46021, date = 08-Jul-2051
 Newton its= 7, linearizations= 8 (2.8sec), linear its=  7 (10.7sec)

Starting time step 13, stepsize 109.056 days, at day 10128.3/46021, date = 24-Sep-2051
 Newton its= 6, linearizations= 7 (2.4sec), linear its= 16 (13.7sec)

Starting time step 14, stepsize 196.3 days, at day 10237.4/46021, date = 11-Jan-2052

Problem: Solver convergence failure - Numerical problem encountered
Timestep chopped to 19.63001173820436 days


Starting time step 14, stepsize 19.63 days, at day 10237.4/46021, date = 11-Jan-2052
 Newton its= 5, linearizations= 6 (2.1sec), linear its=  9 (16.0sec)

Starting time step 15, stepsize 24.5375 days, at day 10257/46021, date = 30-Jan-2052
 Newton its= 4, linearizations= 5 (1.7sec), linear its=  8 (7.5sec)

Starting time step 16, stepsize 63.7975 days, at day 10281.5/46021, date = 24-Feb-2052
 Newton its= 6, linearizations= 7 (3.2sec), linear its= 19 (15.1sec)

Starting time step 17, stepsize 114.836 days, at day 10345.3/46021, date = 28-Apr-2052

Problem: Solver convergence failure - Iteration limit reached
Timestep chopped to 11.483556866849554 days


Starting time step 17, stepsize 11.4836 days, at day 10345.3/46021, date = 28-Apr-2052
 Newton its= 3, linearizations= 4 (1.3sec), linear its=  7 (6.0sec)

Starting time step 18, stepsize 14.3544 days, at day 10356.8/46021, date = 09-May-2052
 Newton its= 3, linearizations= 4 (1.3sec), linear its=  6 (11.7sec)

Starting time step 19, stepsize 43.0633 days, at day 10371.2/46021, date = 24-May-2052
    Oscillating behavior detected: Relaxation set to 0.900000
 Newton its= 6, linearizations= 7 (2.5sec), linear its=  8 (11.5sec)

Starting time step 20, stepsize 77.514 days, at day 10414.2/46021, date = 06-Jul-2052
    Oscillating behavior detected: Relaxation set to 0.900000
 Newton its= 9, linearizations=10 (3.6sec), linear its= 21 (21.2sec)

Starting time step 21, stepsize 68.9013 days, at day 10491.7/46021, date = 21-Sep-2052
    Oscillating behavior detected: Relaxation set to 0.900000
 Newton its= 7, linearizations= 8 (2.8sec), linear its=  8 (11.8sec)

Starting time step 22, stepsize 96.4619 days, at day 10560.6/46021, date = 29-Nov-2052
 Newton its= 8, linearizations= 9 (4.0sec), linear its= 17 (21.9sec)

Starting time step 23, stepsize 96.4619 days, at day 10657.1/46021, date = 06-Mar-2053
 Newton its= 5, linearizations= 6 (1.9sec), linear its= 15 (12.6sec)

Starting time step 24, stepsize 212.216 days, at day 10753.6/46021, date = 10-Jun-2053

Problem: Solver convergence failure - Iteration limit reached
Timestep chopped to 21.22161308993797 days


Starting time step 24, stepsize 21.2216 days, at day 10753.6/46021, date = 10-Jun-2053
    Oscillating behavior detected: Relaxation set to 0.900000
 Newton its= 5, linearizations= 6 (2.1sec), linear its=  7 (9.9sec)

Starting time step 25, stepsize 26.527 days, at day 10774.8/46021, date = 01-Jul-2053
 Newton its= 4, linearizations= 5 (1.7sec), linear its=  7 (8.1sec)

Starting time step 26, stepsize 68.9702 days, at day 10801.3/46021, date = 28-Jul-2053
 Newton its= 6, linearizations= 7 (2.4sec), linear its= 11 (17.3sec)

Starting time step 27, stepsize 124.146 days, at day 10870.3/46021, date = 05-Oct-2053
    Oscillating behavior detected: Relaxation set to 0.900000
    Oscillating behavior detected: Relaxation set to 0.800000

Problem: Solver convergence failure - Iteration limit reached
Timestep chopped to 12.414643657613714 days


Starting time step 27, stepsize 12.4146 days, at day 10870.3/46021, date = 05-Oct-2053
 Newton its= 4, linearizations= 5 (1.6sec), linear its=  2 (5.2sec)

Starting time step 28, stepsize 15.5183 days, at day 10882.7/46021, date = 17-Oct-2053
 Newton its= 2, linearizations= 3 (1.0sec), linear its=  2 (3.2sec)

Starting time step 29, stepsize 46.5549 days, at day 10898.2/46021, date = 02-Nov-2053
 Newton its= 6, linearizations= 7 (2.3sec), linear its=  7 (10.7sec)

Starting time step 30, stepsize 83.7988 days, at day 10944.8/46021, date = 18-Dec-2053
 Newton its= 7, linearizations= 8 (2.6sec), linear its= 16 (20.7sec)

Starting time step 31, stepsize 117.318 days, at day 11028.6/46021, date = 12-Mar-2054
    Oscillating behavior detected: Relaxation set to 0.900000
    Oscillating behavior detected: Relaxation set to 0.800000
    Oscillating behavior detected: Relaxation set to 0.700000

Problem: Solver convergence failure - Iteration limit reached
Timestep chopped to 11.73183825644496 days


Starting time step 31, stepsize 11.7318 days, at day 11028.6/46021, date = 12-Mar-2054
 Newton its= 2, linearizations= 3 (1.1sec), linear its=  2 (4.0sec)

Starting time step 32, stepsize 14.6648 days, at day 11040.3/46021, date = 24-Mar-2054
 Newton its= 4, linearizations= 5 (1.8sec), linear its=  6 (6.7sec)

Starting time step 33, stepsize 38.1285 days, at day 11055/46021, date = 07-Apr-2054
 Newton its= 9, linearizations=10 (3.3sec), linear its= 15 (23.8sec)

Starting time step 34, stepsize 33.892 days, at day 11093.1/46021, date = 16-May-2054
 Newton its= 4, linearizations= 5 (1.8sec), linear its=  9 (8.4sec)

Starting time step 35, stepsize 88.1191 days, at day 11127/46021, date = 18-Jun-2054
    Oscillating behavior detected: Relaxation set to 0.900000
    Oscillating behavior detected: Relaxation set to 0.800000

Problem: Solver convergence failure - Iteration limit reached
Timestep chopped to 8.811914068174215 days


Starting time step 35, stepsize 8.81191 days, at day 11127/46021, date = 18-Jun-2054
 Newton its= 2, linearizations= 3 (1.0sec), linear its=  1 (2.7sec)

Starting time step 36, stepsize 11.0149 days, at day 11135.8/46021, date = 27-Jun-2054
 Newton its= 4, linearizations= 5 (1.9sec), linear its=  5 (7.4sec)

Starting time step 37, stepsize 28.6387 days, at day 11146.8/46021, date = 08-Jul-2054
 Newton its= 6, linearizations= 7 (2.6sec), linear its=  5 (14.1sec)

Starting time step 38, stepsize 51.5497 days, at day 11175.5/46021, date = 06-Aug-2054
 Newton its= 5, linearizations= 6 (3.0sec), linear its= 12 (11.7sec)

Starting time step 39, stepsize 113.409 days, at day 11227/46021, date = 27-Sep-2054
 Newton its=10, linearizations=11 (3.8sec), linear its= 19 (21.5sec)

Starting time step 40, stepsize 90.7275 days, at day 11340.4/46021, date = 18-Jan-2055
    Oscillating behavior detected: Relaxation set to 0.900000
    Oscillating behavior detected: Relaxation set to 0.800000

Problem: Solver convergence failure - Iteration limit reached
Timestep chopped to 9.07274672459217 days


Starting time step 40, stepsize 9.07275 days, at day 11340.4/46021, date = 18-Jan-2055
 Newton its= 2, linearizations= 3 (1.2sec), linear its=  2 (3.0sec)

Starting time step 41, stepsize 11.3409 days, at day 11349.5/46021, date = 27-Jan-2055
 Newton its= 3, linearizations= 4 (1.4sec), linear its=  2 (4.0sec)

Starting time step 42, stepsize 34.0228 days, at day 11360.8/46021, date = 07-Feb-2055
 Newton its= 5, linearizations= 6 (2.3sec), linear its=  9 (10.6sec)

Starting time step 43, stepsize 74.8502 days, at day 11394.9/46021, date = 13-Mar-2055
 Newton its= 7, linearizations= 8 (2.8sec), linear its= 16 (15.2sec)

Starting time step 44, stepsize 104.79 days, at day 11469.7/46021, date = 27-May-2055

Problem: Solver convergence failure - Iteration limit reached
Timestep chopped to 10.479022466903958 days


Starting time step 44, stepsize 10.479 days, at day 11469.7/46021, date = 27-May-2055
 Newton its= 3, linearizations= 4 (1.4sec), linear its=  2 (5.1sec)

Starting time step 45, stepsize 13.0988 days, at day 11480.2/46021, date = 07-Jun-2055
 Newton its= 3, linearizations= 4 (1.3sec), linear its=  8 (7.1sec)

Starting time step 46, stepsize 39.2963 days, at day 11493.3/46021, date = 20-Jun-2055
 Newton its= 5, linearizations= 6 (2.1sec), linear its= 10 (9.8sec)

Starting time step 47, stepsize 86.4519 days, at day 11532.6/46021, date = 29-Jul-2055

Problem: Solver convergence failure - Numerical problem encountered
Timestep chopped to 8.645193535195766 days


Starting time step 47, stepsize 8.64519 days, at day 11532.6/46021, date = 29-Jul-2055
 Newton its= 2, linearizations= 3 (1.0sec), linear its=  2 (3.3sec)

Starting time step 48, stepsize 10.8065 days, at day 11541.2/46021, date = 07-Aug-2055
 Newton its= 2, linearizations= 3 (1.0sec), linear its=  3 (3.6sec)

Starting time step 49, stepsize 32.4195 days, at day 11552/46021, date = 18-Aug-2055
 Newton its= 4, linearizations= 5 (1.9sec), linear its= 10 (9.5sec)

Starting time step 50, stepsize 84.2906 days, at day 11584.4/46021, date = 19-Sep-2055

Warning: Full linear solver tolerance not achieved. The reduction is:0.00532834 after 20 iterations

Problem: Solver convergence failure - Numerical problem encountered
Timestep chopped to 8.429063696815872 days


Starting time step 50, stepsize 8.42906 days, at day 11584.4/46021, date = 19-Sep-2055
 Newton its= 3, linearizations= 4 (1.4sec), linear its=  4 (5.0sec)

Starting time step 51, stepsize 10.5363 days, at day 11592.9/46021, date = 27-Sep-2055
 Newton its= 3, linearizations= 4 (1.3sec), linear its=  8 (6.6sec)

Starting time step 52, stepsize 31.609 days, at day 11603.4/46021, date = 08-Oct-2055
    Oscillating behavior detected: Relaxation set to 0.900000
 Newton its= 5, linearizations= 6 (2.1sec), linear its= 12 (12.0sec)

Starting time step 53, stepsize 69.5398 days, at day 11635/46021, date = 09-Nov-2055
 Newton its= 6, linearizations= 7 (2.5sec), linear its=  8 (9.4sec)

Starting time step 54, stepsize 125.172 days, at day 11704.6/46021, date = 17-Jan-2056
    Oscillating behavior detected: Relaxation set to 0.900000
 Newton its=11, linearizations=12 (4.2sec), linear its= 18 (26.4sec)

Starting time step 55, stepsize 91.0339 days, at day 11829.7/46021, date = 21-May-2056

Problem: Solver convergence failure - Iteration limit reached
Timestep chopped to 9.103388792561143 days


Starting time step 55, stepsize 9.10339 days, at day 11829.7/46021, date = 21-May-2056
 Newton its= 2, linearizations= 3 (1.0sec), linear its=  2 (3.1sec)

Starting time step 56, stepsize 11.3792 days, at day 11838.8/46021, date = 30-May-2056
 Newton its= 2, linearizations= 3 (1.1sec), linear its=  3 (4.6sec)

Starting time step 57, stepsize 34.1377 days, at day 11850.2/46021, date = 11-Jun-2056
 Newton its= 3, linearizations= 4 (1.3sec), linear its=  4 (4.9sec)

Starting time step 58, stepsize 102.413 days, at day 11884.4/46021, date = 15-Jul-2056
 Newton its= 8, linearizations= 9 (3.2sec), linear its= 14 (21.3sec)

Starting time step 59, stepsize 102.413 days, at day 11986.8/46021, date = 25-Oct-2056
    Oscillating behavior detected: Relaxation set to 0.900000
 Newton its=10, linearizations=11 (3.6sec), linear its= 26 (23.6sec)

Starting time step 60, stepsize 81.9305 days, at day 12089.2/46021, date = 05-Feb-2057
 Newton its= 7, linearizations= 8 (2.7sec), linear its= 16 (14.8sec)

Starting time step 61, stepsize 114.703 days, at day 12171.1/46021, date = 28-Apr-2057
 Newton its= 7, linearizations= 8 (2.8sec), linear its= 18 (16.1sec)

Starting time step 62, stepsize 160.584 days, at day 12285.8/46021, date = 20-Aug-2057
    Oscillating behavior detected: Relaxation set to 0.900000

Problem: Solver convergence failure - Iteration limit reached
Timestep chopped to 16.058377830077855 days


Starting time step 62, stepsize 16.0584 days, at day 12285.8/46021, date = 20-Aug-2057
 Newton its= 3, linearizations= 4 (1.3sec), linear its=  6 (6.1sec)

Starting time step 63, stepsize 20.073 days, at day 12301.9/46021, date = 05-Sep-2057
    Oscillating behavior detected: Relaxation set to 0.900000
 Newton its= 3, linearizations= 4 (1.3sec), linear its=  7 (7.5sec)

Starting time step 64, stepsize 60.2189 days, at day 12321.9/46021, date = 25-Sep-2057
    Oscillating behavior detected: Relaxation set to 0.900000

Problem: Solver convergence failure - Iteration limit reached
Timestep chopped to 6.021891686279195 days


Starting time step 64, stepsize 6.02189 days, at day 12321.9/46021, date = 25-Sep-2057
 Newton its= 3, linearizations= 4 (1.3sec), linear its=  1 (9.6sec)

Starting time step 65, stepsize 7.52736 days, at day 12328/46021, date = 01-Oct-2057
 Newton its= 2, linearizations= 3 (0.9sec), linear its=  3 (3.8sec)

Starting time step 66, stepsize 22.5821 days, at day 12335.5/46021, date = 09-Oct-2057
 Newton its= 5, linearizations= 6 (2.8sec), linear its= 10 (9.9sec)

Starting time step 67, stepsize 49.6806 days, at day 12358.1/46021, date = 01-Nov-2057
 Newton its= 7, linearizations= 8 (2.5sec), linear its=  4 (9.7sec)

Starting time step 68, stepsize 69.5528 days, at day 12407.8/46021, date = 20-Dec-2057
    Oscillating behavior detected: Relaxation set to 0.900000
 Newton its= 7, linearizations= 8 (3.4sec), linear its= 10 (11.7sec)

Starting time step 69, stepsize 97.374 days, at day 12477.3/46021, date = 28-Feb-2058
 Newton its=11, linearizations=12 (4.1sec), linear its= 19 (26.5sec)

Starting time step 70, stepsize 70.8174 days, at day 12574.7/46021, date = 05-Jun-2058
 Newton its= 6, linearizations= 7 (2.3sec), linear its= 16 (14.1sec)

Starting time step 71, stepsize 127.471 days, at day 12645.5/46021, date = 15-Aug-2058

Problem: Solver convergence failure - Numerical problem encountered
Timestep chopped to 12.7471403215158 days


Starting time step 71, stepsize 12.7471 days, at day 12645.5/46021, date = 15-Aug-2058
 Newton its= 3, linearizations= 4 (1.3sec), linear its=  5 (5.6sec)

Starting time step 72, stepsize 15.9339 days, at day 12658.2/46021, date = 28-Aug-2058
 Newton its= 2, linearizations= 3 (0.9sec), linear its=  3 (3.5sec)

Starting time step 73, stepsize 47.8018 days, at day 12674.2/46021, date = 13-Sep-2058
 Newton its= 5, linearizations= 6 (1.9sec), linear its= 12 (11.3sec)

Starting time step 74, stepsize 105.164 days, at day 12722/46021, date = 30-Oct-2058
    Oscillating behavior detected: Relaxation set to 0.900000

Problem: Solver convergence failure - Numerical problem encountered
Timestep chopped to 10.516390765250536 days


Starting time step 74, stepsize 10.5164 days, at day 12722/46021, date = 30-Oct-2058
 Newton its= 3, linearizations= 4 (1.2sec), linear its=  2 (3.8sec)

Starting time step 75, stepsize 13.1455 days, at day 12732.5/46021, date = 10-Nov-2058
 Newton its= 2, linearizations= 3 (0.9sec), linear its=  4 (3.5sec)

Starting time step 76, stepsize 39.4365 days, at day 12745.6/46021, date = 23-Nov-2058
 Newton its= 7, linearizations= 8 (2.6sec), linear its= 17 (15.5sec)

Starting time step 77, stepsize 55.2111 days, at day 12785.1/46021, date = 02-Jan-2059
 Newton its= 8, linearizations= 9 (3.8sec), linear its= 13 (19.2sec)

Starting time step 78, stepsize 55.2111 days, at day 12840.3/46021, date = 26-Feb-2059
 Newton its= 6, linearizations= 7 (2.5sec), linear its= 12 (12.4sec)

Starting time step 79, stepsize 99.3799 days, at day 12895.5/46021, date = 22-Apr-2059
 Newton its= 9, linearizations=10 (3.2sec), linear its= 16 (17.0sec)

Starting time step 80, stepsize 88.3377 days, at day 12994.9/46021, date = 30-Jul-2059
    Oscillating behavior detected: Relaxation set to 0.900000
 Newton its=12, linearizations=13 (4.3sec), linear its= 24 (25.4sec)

Starting time step 81, stepsize 58.8918 days, at day 13083.2/46021, date = 27-Oct-2059
 Newton its= 5, linearizations= 6 (2.0sec), linear its=  7 (14.8sec)

Starting time step 82, stepsize 129.562 days, at day 13142.1/46021, date = 25-Dec-2059

Problem: Solver convergence failure - Iteration limit reached
Timestep chopped to 12.956193422788662 days


Starting time step 82, stepsize 12.9562 days, at day 13142.1/46021, date = 25-Dec-2059
 Newton its= 3, linearizations= 4 (1.3sec), linear its=  4 (5.2sec)

Starting time step 83, stepsize 16.1952 days, at day 13155.1/46021, date = 07-Jan-2060
 Newton its= 4, linearizations= 5 (1.5sec), linear its=  9 (8.3sec)

Starting time step 84, stepsize 42.1076 days, at day 13171.3/46021, date = 23-Jan-2060
 Newton its= 4, linearizations= 5 (1.7sec), linear its=  6 (7.1sec)

Starting time step 85, stepsize 109.48 days, at day 13213.4/46021, date = 05-Mar-2060
 Newton its= 7, linearizations= 8 (3.5sec), linear its= 18 (21.4sec)

Starting time step 86, stepsize 153.272 days, at day 13322.9/46021, date = 22-Jun-2060
    Oscillating behavior detected: Relaxation set to 0.900000
 Newton its=10, linearizations=11 (4.5sec), linear its= 25 (22.1sec)

Starting time step 87, stepsize 122.617 days, at day 13476.1/46021, date = 23-Nov-2060
 Newton its= 6, linearizations= 7 (2.3sec), linear its= 15 (14.3sec)

Starting time step 88, stepsize 220.711 days, at day 13598.7/46021, date = 25-Mar-2061

Problem: Solver convergence failure - Iteration limit reached
Timestep chopped to 22.071134619588946 days


Starting time step 88, stepsize 22.0711 days, at day 13598.7/46021, date = 25-Mar-2061
 Newton its= 3, linearizations= 4 (1.4sec), linear its=  7 (6.8sec)

Starting time step 89, stepsize 27.5889 days, at day 13620.8/46021, date = 16-Apr-2061
 Newton its= 4, linearizations= 5 (1.7sec), linear its=  5 (6.9sec)

Starting time step 90, stepsize 71.7312 days, at day 13648.4/46021, date = 14-May-2061
 Newton its= 6, linearizations= 7 (2.3sec), linear its= 12 (11.7sec)

Starting time step 91, stepsize 129.116 days, at day 13720.1/46021, date = 25-Jul-2061
 Newton its= 5, linearizations= 6 (2.2sec), linear its= 18 (15.6sec)

Starting time step 92, stepsize 284.056 days, at day 13849.3/46021, date = 01-Dec-2061

Problem: Solver convergence failure - Numerical problem encountered
Timestep chopped to 28.40555025541098 days


Starting time step 92, stepsize 28.4056 days, at day 13849.3/46021, date = 01-Dec-2061
 Newton its= 5, linearizations= 6 (2.0sec), linear its=  9 (15.3sec)

Starting time step 93, stepsize 35.5069 days, at day 13877.7/46021, date = 29-Dec-2061
 Newton its= 4, linearizations= 5 (2.6sec), linear its=  8 (8.3sec)

Starting time step 94, stepsize 92.318 days, at day 13913.2/46021, date = 03-Feb-2062

Problem: Solver convergence failure - Numerical problem encountered
Timestep chopped to 9.23180383300857 days


Starting time step 94, stepsize 9.2318 days, at day 13913.2/46021, date = 03-Feb-2062
 Newton its= 3, linearizations= 4 (1.3sec), linear its=  4 (5.9sec)

Starting time step 95, stepsize 11.5398 days, at day 13922.4/46021, date = 12-Feb-2062
 Newton its= 3, linearizations= 4 (1.4sec), linear its=  6 (5.8sec)

Starting time step 96, stepsize 34.6193 days, at day 13933.9/46021, date = 23-Feb-2062
 Newton its= 4, linearizations= 5 (1.8sec), linear its=  9 (8.4sec)

Starting time step 97, stepsize 90.0101 days, at day 13968.6/46021, date = 30-Mar-2062

Problem: Solver convergence failure - Numerical problem encountered
Timestep chopped to 9.001008737183357 days


Starting time step 97, stepsize 9.00101 days, at day 13968.6/46021, date = 30-Mar-2062
 Newton its= 2, linearizations= 3 (1.0sec), linear its=  1 (2.8sec)

Starting time step 98, stepsize 11.2513 days, at day 13977.6/46021, date = 08-Apr-2062
 Newton its= 2, linearizations= 3 (1.1sec), linear its=  2 (3.3sec)

Starting time step 99, stepsize 33.7538 days, at day 13988.8/46021, date = 19-Apr-2062
 Newton its= 5, linearizations= 6 (2.0sec), linear its= 11 (17.3sec)

Starting time step 100, stepsize 74.2583 days, at day 14022.6/46021, date = 23-May-2062
 Newton its= 5, linearizations= 6 (2.1sec), linear its= 10 (10.2sec)

Starting time step 101, stepsize 163.368 days, at day 14096.8/46021, date = 05-Aug-2062
    Oscillating behavior detected: Relaxation set to 0.900000
    Oscillating behavior detected: Relaxation set to 0.800000
 Newton its=11, linearizations=12 (4.0sec), linear its= 28 (26.5sec)

Starting time step 102, stepsize 118.813 days, at day 14260.2/46021, date = 16-Jan-2063
 Newton its= 6, linearizations= 7 (2.3sec), linear its= 14 (13.9sec)

Starting time step 103, stepsize 213.864 days, at day 14379/46021, date = 14-May-2063

Warning: Full linear solver tolerance not achieved. The reduction is:0.00978929 after 20 iterations

Problem: Solver convergence failure - Numerical problem encountered
Timestep chopped to 21.386396759547665 days


Starting time step 103, stepsize 21.3864 days, at day 14379/46021, date = 14-May-2063
 Newton its= 3, linearizations= 4 (1.3sec), linear its=  5 (10.8sec)

Starting time step 104, stepsize 26.733 days, at day 14400.4/46021, date = 05-Jun-2063
 Newton its= 4, linearizations= 5 (1.7sec), linear its= 10 (9.3sec)

Starting time step 105, stepsize 69.5058 days, at day 14427.1/46021, date = 02-Jul-2063
 Newton its= 9, linearizations=10 (3.8sec), linear its=  9 (13.4sec)

Starting time step 106, stepsize 61.7829 days, at day 14496.6/46021, date = 09-Sep-2063

Warning: Full linear solver tolerance not achieved. The reduction is:0.00518792 after 20 iterations

Problem: Solver convergence failure - Numerical problem encountered
Timestep chopped to 6.178292397202659 days


Starting time step 106, stepsize 6.17829 days, at day 14496.6/46021, date = 09-Sep-2063
 Newton its= 2, linearizations= 3 (1.2sec), linear its=  1 (2.7sec)

Starting time step 107, stepsize 7.72287 days, at day 14502.8/46021, date = 15-Sep-2063
 Newton its= 2, linearizations= 3 (1.0sec), linear its=  3 (3.5sec)

Starting time step 108, stepsize 23.1686 days, at day 14510.5/46021, date = 23-Sep-2063
 Newton its= 2, linearizations= 3 (1.2sec), linear its=  3 (9.9sec)

Starting time step 109, stepsize 69.5058 days, at day 14533.7/46021, date = 16-Oct-2063
    Oscillating behavior detected: Relaxation set to 0.900000
 Newton its=10, linearizations=11 (3.7sec), linear its=  7 (13.5sec)

Starting time step 110, stepsize 55.6046 days, at day 14603.2/46021, date = 25-Dec-2063
 Newton its= 6, linearizations= 7 (2.5sec), linear its=  8 (12.5sec)

Starting time step 111, stepsize 100.088 days, at day 14658.8/46021, date = 18-Feb-2064
    Oscillating behavior detected: Relaxation set to 0.900000
 Newton its= 8, linearizations= 9 (3.2sec), linear its= 18 (17.8sec)

Starting time step 112, stepsize 100.088 days, at day 14758.9/46021, date = 28-May-2064
 Newton its= 5, linearizations= 6 (2.1sec), linear its= 16 (19.8sec)

Starting time step 113, stepsize 220.194 days, at day 14859/46021, date = 05-Sep-2064

Problem: Solver convergence failure - Numerical problem encountered
Timestep chopped to 22.019434103630278 days


Starting time step 113, stepsize 22.0194 days, at day 14859/46021, date = 05-Sep-2064
 Newton its= 4, linearizations= 5 (1.9sec), linear its=  4 (6.6sec)

Starting time step 114, stepsize 27.5243 days, at day 14881/46021, date = 28-Sep-2064
 Newton its= 3, linearizations= 4 (1.5sec), linear its=  4 (6.3sec)

Starting time step 115, stepsize 82.5729 days, at day 14908.5/46021, date = 25-Oct-2064
 Newton its= 7, linearizations= 8 (3.0sec), linear its= 11 (13.3sec)

Starting time step 116, stepsize 115.602 days, at day 14991.1/46021, date = 16-Jan-2065

Problem: Solver convergence failure - Numerical problem encountered
Timestep chopped to 11.560202904405894 days


Starting time step 116, stepsize 11.5602 days, at day 14991.1/46021, date = 16-Jan-2065
 Newton its= 2, linearizations= 3 (1.3sec), linear its=  3 (4.0sec)

Starting time step 117, stepsize 14.4503 days, at day 15002.7/46021, date = 27-Jan-2065
 Newton its= 2, linearizations= 3 (1.1sec), linear its=  3 (3.4sec)

Starting time step 118, stepsize 43.3508 days, at day 15017.1/46021, date = 11-Feb-2065
    Oscillating behavior detected: Relaxation set to 0.900000
 Newton its=12, linearizations=13 (4.5sec), linear its= 31 (34.6sec)

Starting time step 119, stepsize 28.9005 days, at day 15060.5/46021, date = 26-Mar-2065
 Newton its= 4, linearizations= 5 (1.9sec), linear its=  7 (7.3sec)

Starting time step 120, stepsize 75.1413 days, at day 15089.4/46021, date = 24-Apr-2065
 Newton its= 4, linearizations= 5 (1.8sec), linear its=  8 (7.9sec)

Starting time step 121, stepsize 195.367 days, at day 15164.5/46021, date = 08-Jul-2065
 Newton its= 9, linearizations=10 (3.6sec), linear its= 19 (20.1sec)

Starting time step 122, stepsize 173.66 days, at day 15359.9/46021, date = 19-Jan-2066
    Oscillating behavior detected: Relaxation set to 0.900000
 Newton its=11, linearizations=12 (4.0sec), linear its= 24 (29.1sec)

Starting time step 123, stepsize 126.298 days, at day 15533.5/46021, date = 12-Jul-2066
 Newton its= 8, linearizations= 9 (3.3sec), linear its= 14 (16.5sec)

Starting time step 124, stepsize 126.298 days, at day 15659.8/46021, date = 15-Nov-2066
 Newton its= 9, linearizations=10 (4.4sec), linear its= 21 (18.5sec)

Starting time step 125, stepsize 112.265 days, at day 15786.1/46021, date = 22-Mar-2067
 Newton its= 5, linearizations= 6 (2.1sec), linear its= 15 (17.1sec)

Starting time step 126, stepsize 246.983 days, at day 15898.4/46021, date = 12-Jul-2067
    Oscillating behavior detected: Relaxation set to 0.900000

Problem: Solver convergence failure - Iteration limit reached
Timestep chopped to 24.698302145986016 days


Starting time step 126, stepsize 24.6983 days, at day 15898.4/46021, date = 12-Jul-2067
 Newton its= 3, linearizations= 4 (2.4sec), linear its=  8 (7.4sec)

Starting time step 127, stepsize 30.8729 days, at day 15923.1/46021, date = 06-Aug-2067
 Newton its= 4, linearizations= 5 (1.9sec), linear its= 12 (9.5sec)

Starting time step 128, stepsize 80.2695 days, at day 15954/46021, date = 05-Sep-2067
 Newton its= 5, linearizations= 6 (2.2sec), linear its= 13 (12.5sec)

Starting time step 129, stepsize 176.593 days, at day 16034.2/46021, date = 25-Nov-2067

Problem: Solver convergence failure - Numerical problem encountered
Timestep chopped to 17.659286034380003 days


Starting time step 129, stepsize 17.6593 days, at day 16034.2/46021, date = 25-Nov-2067
 Newton its= 2, linearizations= 3 (1.1sec), linear its=  2 (3.1sec)

Starting time step 130, stepsize 22.0741 days, at day 16051.9/46021, date = 12-Dec-2067
 Newton its= 4, linearizations= 5 (2.0sec), linear its=  8 (8.1sec)

Starting time step 131, stepsize 57.3927 days, at day 16074/46021, date = 03-Jan-2068
 Newton its= 6, linearizations= 7 (2.6sec), linear its=  9 (11.3sec)

Starting time step 132, stepsize 103.307 days, at day 16131.4/46021, date = 01-Mar-2068
 Newton its= 7, linearizations= 8 (2.9sec), linear its= 13 (14.3sec)

Starting time step 133, stepsize 144.63 days, at day 16234.7/46021, date = 12-Jun-2068
    Oscillating behavior detected: Relaxation set to 0.900000
 Newton its= 8, linearizations= 9 (3.0sec), linear its= 14 (16.2sec)

Starting time step 134, stepsize 144.63 days, at day 16379.3/46021, date = 04-Nov-2068
 Newton its= 5, linearizations= 6 (2.9sec), linear its= 14 (17.0sec)

Starting time step 135, stepsize 318.185 days, at day 16523.9/46021, date = 28-Mar-2069
    Oscillating behavior detected: Relaxation set to 0.900000
 Newton its=12, linearizations=13 (4.6sec), linear its= 51 (37.3sec)

Starting time step 136, stepsize 212.123 days, at day 16842.1/46021, date = 10-Feb-2070
 Newton its= 6, linearizations= 7 (2.3sec), linear its= 25 (19.3sec)

Starting time step 137, stepsize 365.25 days, at day 17054.2/46021, date = 10-Sep-2070

Problem: Solver convergence failure - Numerical problem encountered
Timestep chopped to 36.525 days


Starting time step 137, stepsize 36.525 days, at day 17054.2/46021, date = 10-Sep-2070
 Newton its= 4, linearizations= 5 (1.7sec), linear its=  9 (12.6sec)

Starting time step 138, stepsize 45.6562 days, at day 17090.8/46021, date = 16-Oct-2070
 Newton its= 4, linearizations= 5 (1.6sec), linear its= 10 (9.4sec)

Starting time step 139, stepsize 118.706 days, at day 17136.4/46021, date = 01-Dec-2070
 Newton its= 6, linearizations= 7 (2.6sec), linear its= 13 (12.2sec)

Starting time step 140, stepsize 213.671 days, at day 17255.1/46021, date = 30-Mar-2071
    Oscillating behavior detected: Relaxation set to 0.900000

Problem: Solver convergence failure - Iteration limit reached
Timestep chopped to 21.367125 days


Starting time step 140, stepsize 21.3671 days, at day 17255.1/46021, date = 30-Mar-2071
 Newton its= 4, linearizations= 5 (1.7sec), linear its=  6 (7.2sec)

Starting time step 141, stepsize 26.7089 days, at day 17276.5/46021, date = 20-Apr-2071
 Newton its= 2, linearizations= 3 (1.0sec), linear its=  4 (3.8sec)

Starting time step 142, stepsize 80.1267 days, at day 17303.2/46021, date = 17-May-2071
 Newton its= 5, linearizations= 6 (2.0sec), linear its= 13 (17.5sec)

Starting time step 143, stepsize 176.279 days, at day 17383.3/46021, date = 05-Aug-2071

Problem: Solver convergence failure - Iteration limit reached
Timestep chopped to 17.627878125000002 days


Starting time step 143, stepsize 17.6279 days, at day 17383.3/46021, date = 05-Aug-2071
 Newton its= 2, linearizations= 3 (1.1sec), linear its=  4 (3.8sec)

Starting time step 144, stepsize 22.0348 days, at day 17400.9/46021, date = 22-Aug-2071
 Newton its= 2, linearizations= 3 (1.1sec), linear its=  2 (3.2sec)

Starting time step 145, stepsize 66.1045 days, at day 17423/46021, date = 13-Sep-2071
 Newton its= 4, linearizations= 5 (1.8sec), linear its= 11 (9.5sec)

Starting time step 146, stepsize 171.872 days, at day 17489.1/46021, date = 19-Nov-2071
 Newton its= 9, linearizations=10 (4.0sec), linear its= 25 (26.3sec)

Starting time step 147, stepsize 152.775 days, at day 17661/46021, date = 08-May-2072
 Newton its= 7, linearizations= 8 (2.7sec), linear its= 16 (14.9sec)

Starting time step 148, stepsize 213.885 days, at day 17813.7/46021, date = 08-Oct-2072
 Newton its= 9, linearizations=10 (3.4sec), linear its= 27 (22.3sec)

Starting time step 149, stepsize 190.12 days, at day 18027.6/46021, date = 10-May-2073

Problem: Solver convergence failure - Iteration limit reached
Timestep chopped to 19.011993 days


Starting time step 149, stepsize 19.012 days, at day 18027.6/46021, date = 10-May-2073
 Newton its= 2, linearizations= 3 (0.9sec), linear its=  3 (3.1sec)

Starting time step 150, stepsize 23.765 days, at day 18046.6/46021, date = 29-May-2073
    Oscillating behavior detected: Relaxation set to 0.900000
 Newton its= 5, linearizations= 6 (1.9sec), linear its=  5 (7.2sec)

Starting time step 151, stepsize 52.283 days, at day 18070.4/46021, date = 22-Jun-2073
 Newton its= 5, linearizations= 6 (1.9sec), linear its=  9 (10.6sec)

Starting time step 152, stepsize 115.023 days, at day 18122.7/46021, date = 13-Aug-2073
 Newton its= 6, linearizations= 7 (2.3sec), linear its= 14 (12.8sec)

Starting time step 153, stepsize 207.041 days, at day 18237.7/46021, date = 06-Dec-2073
    Oscillating behavior detected: Relaxation set to 0.900000

Problem: Solver convergence failure - Numerical problem encountered
Timestep chopped to 20.704060377000005 days


Starting time step 153, stepsize 20.7041 days, at day 18237.7/46021, date = 06-Dec-2073
 Newton its= 2, linearizations= 3 (1.0sec), linear its=  4 (9.7sec)

Starting time step 154, stepsize 25.8801 days, at day 18258.4/46021, date = 27-Dec-2073
    Oscillating behavior detected: Relaxation set to 0.900000
 Newton its= 4, linearizations= 5 (2.8sec), linear its= 11 (10.0sec)

Starting time step 155, stepsize 67.2882 days, at day 18284.3/46021, date = 22-Jan-2074
 Newton its= 6, linearizations= 7 (2.4sec), linear its=  9 (10.7sec)

Starting time step 156, stepsize 121.119 days, at day 18351.6/46021, date = 30-Mar-2074

Warning: Full linear solver tolerance not achieved. The reduction is:0.00882586 after 20 iterations

Problem: Solver convergence failure - Numerical problem encountered
Timestep chopped to 12.111875320545003 days


Starting time step 156, stepsize 12.1119 days, at day 18351.6/46021, date = 30-Mar-2074
 Newton its= 2, linearizations= 3 (0.9sec), linear its=  4 (4.8sec)

Starting time step 157, stepsize 15.1398 days, at day 18363.7/46021, date = 11-Apr-2074
 Newton its= 2, linearizations= 3 (0.9sec), linear its=  3 (3.1sec)

Starting time step 158, stepsize 45.4195 days, at day 18378.8/46021, date = 26-Apr-2074
 Newton its= 7, linearizations= 8 (2.7sec), linear its= 15 (20.5sec)

Starting time step 159, stepsize 63.5873 days, at day 18424.2/46021, date = 11-Jun-2074
    Oscillating behavior detected: Relaxation set to 0.900000
 Newton its= 6, linearizations= 7 (2.2sec), linear its=  7 (9.7sec)

Starting time step 160, stepsize 114.457 days, at day 18487.8/46021, date = 13-Aug-2074
 Newton its= 6, linearizations= 7 (2.3sec), linear its= 13 (12.5sec)

Starting time step 161, stepsize 206.023 days, at day 18602.3/46021, date = 06-Dec-2074

Problem: Solver convergence failure - Numerical problem encountered
Timestep chopped to 20.602299920247052 days


Starting time step 161, stepsize 20.6023 days, at day 18602.3/46021, date = 06-Dec-2074
 Newton its= 2, linearizations= 3 (1.0sec), linear its=  3 (3.0sec)

Starting time step 162, stepsize 25.7529 days, at day 18622.9/46021, date = 26-Dec-2074
 Newton its= 2, linearizations= 3 (1.0sec), linear its=  3 (3.5sec)

Starting time step 163, stepsize 77.2586 days, at day 18648.6/46021, date = 21-Jan-2075
 Newton its= 6, linearizations= 7 (2.2sec), linear its= 15 (19.7sec)

Starting time step 164, stepsize 139.066 days, at day 18725.9/46021, date = 08-Apr-2075
 Newton its= 8, linearizations= 9 (3.0sec), linear its= 14 (14.9sec)

Starting time step 165, stepsize 139.066 days, at day 18865/46021, date = 25-Aug-2075
    Oscillating behavior detected: Relaxation set to 0.900000
 Newton its=11, linearizations=12 (4.0sec), linear its= 35 (29.3sec)

Starting time step 166, stepsize 101.139 days, at day 19004/46021, date = 12-Jan-2076
 Newton its= 4, linearizations= 5 (1.8sec), linear its= 14 (12.4sec)

Starting time step 167, stepsize 262.96 days, at day 19105.2/46021, date = 22-Apr-2076
    Oscillating behavior detected: Relaxation set to 0.900000
 Newton its=11, linearizations=12 (3.9sec), linear its= 24 (29.5sec)

Starting time step 168, stepsize 191.244 days, at day 19368.1/46021, date = 10-Jan-2077
 Newton its= 8, linearizations= 9 (3.2sec), linear its= 25 (22.6sec)

Starting time step 169, stepsize 191.244 days, at day 19559.4/46021, date = 20-Jul-2077

Problem: Solver convergence failure - Iteration limit reached
Timestep chopped to 19.124382868116935 days


Starting time step 169, stepsize 19.1244 days, at day 19559.4/46021, date = 20-Jul-2077
 Newton its= 3, linearizations= 4 (1.3sec), linear its=  6 (5.5sec)

Starting time step 170, stepsize 23.9055 days, at day 19578.5/46021, date = 08-Aug-2077
 Newton its= 3, linearizations= 4 (1.4sec), linear its=  6 (12.1sec)

Starting time step 171, stepsize 71.7164 days, at day 19602.4/46021, date = 01-Sep-2077
 Newton its= 5, linearizations= 6 (2.0sec), linear its= 16 (13.8sec)

Starting time step 172, stepsize 157.776 days, at day 19674.1/46021, date = 12-Nov-2077
 Newton its= 7, linearizations= 8 (2.7sec), linear its= 20 (18.5sec)

Starting time step 173, stepsize 220.887 days, at day 19831.9/46021, date = 18-Apr-2078
    Oscillating behavior detected: Relaxation set to 0.900000
 Newton its= 9, linearizations=10 (3.5sec), linear its= 22 (20.7sec)

Starting time step 174, stepsize 196.344 days, at day 20052.8/46021, date = 25-Nov-2078
 Newton its= 8, linearizations= 9 (2.8sec), linear its= 26 (28.1sec)

Starting time step 175, stepsize 196.344 days, at day 20249.1/46021, date = 10-Jun-2079

Problem: Solver convergence failure - Numerical problem encountered
Timestep chopped to 19.63436641126672 days


Starting time step 175, stepsize 19.6344 days, at day 20249.1/46021, date = 10-Jun-2079
 Newton its= 2, linearizations= 3 (1.0sec), linear its=  4 (3.8sec)

Starting time step 176, stepsize 24.543 days, at day 20268.8/46021, date = 29-Jun-2079
 Newton its= 2, linearizations= 3 (0.9sec), linear its=  3 (4.4sec)

Starting time step 177, stepsize 73.6289 days, at day 20293.3/46021, date = 24-Jul-2079
 Newton its= 4, linearizations= 5 (1.8sec), linear its= 13 (10.9sec)

Starting time step 178, stepsize 191.435 days, at day 20366.9/46021, date = 05-Oct-2079

Problem: Solver convergence failure - Numerical problem encountered
Timestep chopped to 19.143507250985053 days


Starting time step 178, stepsize 19.1435 days, at day 20366.9/46021, date = 05-Oct-2079
 Newton its= 2, linearizations= 3 (1.1sec), linear its=  3 (3.3sec)

Starting time step 179, stepsize 23.9294 days, at day 20386.1/46021, date = 25-Oct-2079
 Newton its= 3, linearizations= 4 (1.5sec), linear its=  9 (7.5sec)

Starting time step 180, stepsize 71.7882 days, at day 20410/46021, date = 18-Nov-2079
 Newton its= 6, linearizations= 7 (3.3sec), linear its=  8 (10.3sec)

Starting time step 181, stepsize 129.219 days, at day 20481.8/46021, date = 28-Jan-2080
 Newton its= 6, linearizations= 7 (2.5sec), linear its= 22 (23.6sec)

Starting time step 182, stepsize 232.594 days, at day 20611/46021, date = 06-Jun-2080
    Oscillating behavior detected: Relaxation set to 0.900000
 Newton its=11, linearizations=12 (4.3sec), linear its= 15 (18.7sec)

Starting time step 183, stepsize 169.159 days, at day 20843.6/46021, date = 24-Jan-2081
 Newton its= 5, linearizations= 6 (2.1sec), linear its= 13 (12.4sec)

Starting time step 184, stepsize 365.25 days, at day 21012.8/46021, date = 12-Jul-2081

Problem: Solver convergence failure - Iteration limit reached
Timestep chopped to 36.525 days


Starting time step 184, stepsize 36.525 days, at day 21012.8/46021, date = 12-Jul-2081
 Newton its= 4, linearizations= 5 (1.7sec), linear its=  3 (5.8sec)

Starting time step 185, stepsize 45.6562 days, at day 21049.3/46021, date = 18-Aug-2081
 Newton its= 5, linearizations= 6 (2.3sec), linear its=  9 (10.8sec)

Starting time step 186, stepsize 100.444 days, at day 21095/46021, date = 02-Oct-2081
    Oscillating behavior detected: Relaxation set to 0.900000
 Newton its= 7, linearizations= 8 (3.2sec), linear its= 19 (18.0sec)

Starting time step 187, stepsize 140.621 days, at day 21195.4/46021, date = 11-Jan-2082
 Newton its=10, linearizations=11 (4.0sec), linear its= 21 (22.3sec)

Starting time step 188, stepsize 112.497 days, at day 21336/46021, date = 01-Jun-2082
 Newton its= 5, linearizations= 6 (2.1sec), linear its= 17 (20.1sec)

Starting time step 189, stepsize 247.493 days, at day 21448.5/46021, date = 21-Sep-2082
 Newton its= 8, linearizations= 9 (3.2sec), linear its= 16 (17.1sec)

Starting time step 190, stepsize 247.493 days, at day 21696/46021, date = 27-May-2083
 Newton its=10, linearizations=11 (4.3sec), linear its= 28 (27.3sec)

Starting time step 191, stepsize 197.995 days, at day 21943.5/46021, date = 29-Jan-2084
 Newton its= 9, linearizations=10 (3.6sec), linear its= 31 (31.4sec)

Starting time step 192, stepsize 175.995 days, at day 22141.5/46021, date = 14-Aug-2084
 Newton its= 7, linearizations= 8 (2.9sec), linear its= 20 (17.8sec)

Starting time step 193, stepsize 246.393 days, at day 22317.5/46021, date = 06-Feb-2085
 Newton its= 7, linearizations= 8 (2.8sec), linear its= 24 (18.6sec)

Starting time step 194, stepsize 344.951 days, at day 22563.9/46021, date = 10-Oct-2085
    Oscillating behavior detected: Relaxation set to 0.900000
    Oscillating behavior detected: Relaxation set to 0.800000

Problem: Solver convergence failure - Iteration limit reached
Timestep chopped to 34.49508010666666 days


Starting time step 194, stepsize 34.4951 days, at day 22563.9/46021, date = 10-Oct-2085
 Newton its= 3, linearizations= 4 (1.4sec), linear its=  5 (11.1sec)

Starting time step 195, stepsize 43.1189 days, at day 22598.4/46021, date = 14-Nov-2085
 Newton its= 3, linearizations= 4 (1.4sec), linear its=  8 (6.3sec)

Starting time step 196, stepsize 129.357 days, at day 22641.5/46021, date = 27-Dec-2085
    Oscillating behavior detected: Relaxation set to 0.900000
    Oscillating behavior detected: Relaxation set to 0.800000

Problem: Solver convergence failure - Iteration limit reached
Timestep chopped to 12.935655040000002 days


Starting time step 196, stepsize 12.9357 days, at day 22641.5/46021, date = 27-Dec-2085
 Newton its= 2, linearizations= 3 (1.1sec), linear its=  2 (4.1sec)

Starting time step 197, stepsize 16.1696 days, at day 22654.4/46021, date = 09-Jan-2086
 Newton its= 3, linearizations= 4 (1.5sec), linear its=  7 (6.4sec)

Starting time step 198, stepsize 48.5087 days, at day 22670.6/46021, date = 25-Jan-2086
 Newton its= 4, linearizations= 5 (1.8sec), linear its=  5 (5.8sec)

Starting time step 199, stepsize 126.123 days, at day 22719.1/46021, date = 15-Mar-2086
 Newton its= 4, linearizations= 5 (1.7sec), linear its= 17 (18.9sec)

Starting time step 200, stepsize 327.919 days, at day 22845.2/46021, date = 19-Jul-2086

Problem: Solver convergence failure - Numerical problem encountered
Timestep chopped to 32.79188552640001 days


Starting time step 200, stepsize 32.7919 days, at day 22845.2/46021, date = 19-Jul-2086
 Newton its= 3, linearizations= 4 (1.3sec), linear its=  4 (5.4sec)

Starting time step 201, stepsize 40.9899 days, at day 22878/46021, date = 21-Aug-2086
    Oscillating behavior detected: Relaxation set to 0.900000
 Newton its= 3, linearizations= 4 (1.4sec), linear its= 12 (9.2sec)

Starting time step 202, stepsize 122.97 days, at day 22919/46021, date = 01-Oct-2086

Problem: Solver convergence failure - Numerical problem encountered
Timestep chopped to 12.296957072400005 days


Starting time step 202, stepsize 12.297 days, at day 22919/46021, date = 01-Oct-2086
 Newton its= 6, linearizations= 7 (2.6sec), linear its=  2 (8.5sec)

Starting time step 203, stepsize 15.3712 days, at day 22931.3/46021, date = 13-Oct-2086
 Newton its= 2, linearizations= 3 (1.1sec), linear its=  4 (3.7sec)

Starting time step 204, stepsize 46.1136 days, at day 22946.7/46021, date = 28-Oct-2086
 Newton its= 3, linearizations= 4 (1.4sec), linear its= 10 (12.6sec)

Starting time step 205, stepsize 138.341 days, at day 22992.8/46021, date = 13-Dec-2086
 Newton its= 4, linearizations= 5 (2.9sec), linear its= 13 (10.6sec)

Starting time step 206, stepsize 359.686 days, at day 23131.1/46021, date = 01-May-2087

Problem: Solver convergence failure - Iteration limit reached
Timestep chopped to 35.96859943677002 days


Starting time step 206, stepsize 35.9686 days, at day 23131.1/46021, date = 01-May-2087
 Newton its= 4, linearizations= 5 (1.7sec), linear its=  8 (7.9sec)

Starting time step 207, stepsize 44.9607 days, at day 23167.1/46021, date = 06-Jun-2087
 Newton its= 4, linearizations= 5 (1.9sec), linear its= 12 (9.6sec)

Starting time step 208, stepsize 116.898 days, at day 23212.1/46021, date = 21-Jul-2087
 Newton its= 5, linearizations= 6 (2.1sec), linear its= 15 (18.5sec)

Starting time step 209, stepsize 257.175 days, at day 23329/46021, date = 14-Nov-2087
 Newton its= 6, linearizations= 7 (2.5sec), linear its= 15 (14.0sec)

Starting time step 210, stepsize 365.25 days, at day 23586.1/46021, date = 29-Jul-2088
 Newton its=12, linearizations=13 (4.3sec), linear its= 29 (27.4sec)

Starting time step 211, stepsize 243.5 days, at day 23951.4/46021, date = 29-Jul-2089
    Oscillating behavior detected: Relaxation set to 0.900000

Problem: Solver convergence failure - Iteration limit reached
Timestep chopped to 24.35 days


Starting time step 211, stepsize 24.35 days, at day 23951.4/46021, date = 29-Jul-2089
 Newton its= 3, linearizations= 4 (1.4sec), linear its=  8 (7.1sec)

Starting time step 212, stepsize 30.4375 days, at day 23975.7/46021, date = 22-Aug-2089
 Newton its= 3, linearizations= 4 (1.3sec), linear its=  7 (6.3sec)

Starting time step 213, stepsize 91.3125 days, at day 24006.2/46021, date = 22-Sep-2089
 Newton its= 4, linearizations= 5 (1.5sec), linear its=  9 (8.5sec)

Starting time step 214, stepsize 237.412 days, at day 24097.5/46021, date = 22-Dec-2089
    Oscillating behavior detected: Relaxation set to 0.900000

Problem: Solver convergence failure - Iteration limit reached
Timestep chopped to 23.74125 days


Starting time step 214, stepsize 23.7413 days, at day 24097.5/46021, date = 22-Dec-2089
 Newton its= 2, linearizations= 3 (1.0sec), linear its=  5 (4.6sec)

Starting time step 215, stepsize 29.6766 days, at day 24121.2/46021, date = 15-Jan-2090
 Newton its= 2, linearizations= 3 (1.2sec), linear its=  3 (3.4sec)

Starting time step 216, stepsize 89.0297 days, at day 24150.9/46021, date = 13-Feb-2090
 Newton its= 6, linearizations= 7 (2.3sec), linear its= 12 (18.4sec)

Starting time step 217, stepsize 160.253 days, at day 24239.9/46021, date = 13-May-2090
 Newton its= 8, linearizations= 9 (3.1sec), linear its= 25 (20.8sec)

Starting time step 218, stepsize 160.253 days, at day 24400.2/46021, date = 21-Oct-2090
    Oscillating behavior detected: Relaxation set to 0.900000
 Newton its=11, linearizations=12 (4.1sec), linear its= 23 (21.9sec)

Starting time step 219, stepsize 116.548 days, at day 24560.4/46021, date = 30-Mar-2091
 Newton its= 5, linearizations= 6 (2.1sec), linear its= 18 (14.5sec)

Starting time step 220, stepsize 256.406 days, at day 24677/46021, date = 24-Jul-2091
 Newton its= 6, linearizations= 7 (2.2sec), linear its= 26 (24.7sec)

Starting time step 221, stepsize 365.25 days, at day 24933.4/46021, date = 06-Apr-2092

Problem: Solver convergence failure - Numerical problem encountered
Timestep chopped to 36.525 days


Starting time step 221, stepsize 36.525 days, at day 24933.4/46021, date = 06-Apr-2092
 Newton its= 4, linearizations= 5 (1.6sec), linear its= 11 (9.3sec)

Starting time step 222, stepsize 45.6562 days, at day 24969.9/46021, date = 12-May-2092
 Newton its= 3, linearizations= 4 (1.3sec), linear its=  5 (5.5sec)

Starting time step 223, stepsize 136.969 days, at day 25015.6/46021, date = 27-Jun-2092
 Newton its= 5, linearizations= 6 (1.9sec), linear its= 15 (13.8sec)

Starting time step 224, stepsize 301.331 days, at day 25152.5/46021, date = 11-Nov-2092

Problem: Solver convergence failure - Numerical problem encountered
Timestep chopped to 30.133125000000007 days


Starting time step 224, stepsize 30.1331 days, at day 25152.5/46021, date = 11-Nov-2092
 Newton its= 4, linearizations= 5 (1.7sec), linear its=  8 (9.3sec)

Starting time step 225, stepsize 37.6664 days, at day 25182.7/46021, date = 11-Dec-2092
 Newton its= 4, linearizations= 5 (1.6sec), linear its=  7 (13.5sec)

Starting time step 226, stepsize 97.9327 days, at day 25220.3/46021, date = 18-Jan-2093
 Newton its= 4, linearizations= 5 (1.6sec), linear its= 11 (9.6sec)

Starting time step 227, stepsize 254.625 days, at day 25318.3/46021, date = 26-Apr-2093

Problem: Solver convergence failure - Iteration limit reached
Timestep chopped to 25.46249062500001 days


Starting time step 227, stepsize 25.4625 days, at day 25318.3/46021, date = 26-Apr-2093
 Newton its= 2, linearizations= 3 (0.9sec), linear its=  4 (4.0sec)

Starting time step 228, stepsize 31.8281 days, at day 25343.7/46021, date = 21-May-2093
 Newton its= 3, linearizations= 4 (1.5sec), linear its=  9 (7.1sec)

Starting time step 229, stepsize 95.4843 days, at day 25375.6/46021, date = 22-Jun-2093
 Newton its= 6, linearizations= 7 (2.4sec), linear its=  8 (17.2sec)

Starting time step 230, stepsize 171.872 days, at day 25471.1/46021, date = 26-Sep-2093
    Oscillating behavior detected: Relaxation set to 0.900000

Problem: Solver convergence failure - Iteration limit reached
Timestep chopped to 17.18718117187501 days


Starting time step 230, stepsize 17.1872 days, at day 25471.1/46021, date = 26-Sep-2093
 Newton its= 4, linearizations= 5 (1.7sec), linear its=  7 (8.6sec)

Starting time step 231, stepsize 21.484 days, at day 25488.2/46021, date = 13-Oct-2093
 Newton its= 2, linearizations= 3 (0.9sec), linear its=  2 (3.1sec)

Starting time step 232, stepsize 64.4519 days, at day 25509.7/46021, date = 03-Nov-2093
 Newton its= 4, linearizations= 5 (1.6sec), linear its= 12 (9.7sec)

Starting time step 233, stepsize 167.575 days, at day 25574.2/46021, date = 07-Jan-2094
 Newton its= 6, linearizations= 7 (2.4sec), linear its= 11 (12.9sec)

Starting time step 234, stepsize 301.635 days, at day 25741.8/46021, date = 23-Jun-2094
 Newton its= 8, linearizations= 9 (4.0sec), linear its= 24 (25.4sec)

Starting time step 235, stepsize 301.635 days, at day 26043.4/46021, date = 21-Apr-2095
    Oscillating behavior detected: Relaxation set to 0.900000
    Oscillating behavior detected: Relaxation set to 0.800000

Problem: Solver convergence failure - Iteration limit reached
Timestep chopped to 30.163502956640645 days


Starting time step 235, stepsize 30.1635 days, at day 26043.4/46021, date = 21-Apr-2095
 Newton its= 3, linearizations= 4 (1.4sec), linear its=  3 (4.9sec)

Starting time step 236, stepsize 37.7044 days, at day 26073.6/46021, date = 21-May-2095
 Newton its= 3, linearizations= 4 (1.3sec), linear its=  9 (8.4sec)

Starting time step 237, stepsize 113.113 days, at day 26111.3/46021, date = 28-Jun-2095
 Newton its= 6, linearizations= 7 (2.5sec), linear its= 19 (22.3sec)

Starting time step 238, stepsize 203.604 days, at day 26224.4/46021, date = 19-Oct-2095
    Oscillating behavior detected: Relaxation set to 0.900000
 Newton its=12, linearizations=13 (4.4sec), linear its= 19 (24.2sec)

Starting time step 239, stepsize 135.736 days, at day 26428/46021, date = 09-May-2096
 Newton its= 4, linearizations= 5 (1.7sec), linear its= 13 (11.9sec)

Starting time step 240, stepsize 352.913 days, at day 26563.7/46021, date = 22-Sep-2096
    Oscillating behavior detected: Relaxation set to 0.900000
 Newton its=12, linearizations=13 (4.7sec), linear its= 49 (43.5sec)

Starting time step 241, stepsize 235.275 days, at day 26916.6/46021, date = 10-Sep-2097

Problem: Solver convergence failure - Numerical problem encountered
Timestep chopped to 23.527532306179708 days


Starting time step 241, stepsize 23.5275 days, at day 26916.6/46021, date = 10-Sep-2097
 Newton its= 3, linearizations= 4 (1.4sec), linear its=  7 (6.7sec)

Starting time step 242, stepsize 29.4094 days, at day 26940.1/46021, date = 04-Oct-2097
 Newton its= 3, linearizations= 4 (1.3sec), linear its=  7 (6.6sec)

Starting time step 243, stepsize 88.2282 days, at day 26969.6/46021, date = 02-Nov-2097
    Oscillating behavior detected: Relaxation set to 0.900000
 Newton its= 6, linearizations= 7 (2.3sec), linear its=  6 (10.3sec)

Starting time step 244, stepsize 158.811 days, at day 27057.8/46021, date = 29-Jan-2098
 Newton its= 5, linearizations= 6 (2.2sec), linear its= 13 (17.3sec)

Starting time step 245, stepsize 349.384 days, at day 27216.6/46021, date = 07-Jul-2098

Problem: Solver convergence failure - Numerical problem encountered
Timestep chopped to 34.93838547467687 days


Starting time step 245, stepsize 34.9384 days, at day 27216.6/46021, date = 07-Jul-2098
 Newton its= 2, linearizations= 3 (1.0sec), linear its=  5 (4.2sec)

Starting time step 246, stepsize 43.673 days, at day 27251.5/46021, date = 11-Aug-2098
 Newton its= 3, linearizations= 4 (1.2sec), linear its=  4 (4.7sec)

Starting time step 247, stepsize 131.019 days, at day 27295.2/46021, date = 24-Sep-2098
    Oscillating behavior detected: Relaxation set to 0.900000
    Oscillating behavior detected: Relaxation set to 0.800000

Problem: Solver convergence failure - Iteration limit reached
Timestep chopped to 13.101894553003827 days


Starting time step 247, stepsize 13.1019 days, at day 27295.2/46021, date = 24-Sep-2098
 Newton its= 3, linearizations= 4 (1.5sec), linear its=  3 (4.2sec)

Starting time step 248, stepsize 16.3774 days, at day 27308.3/46021, date = 07-Oct-2098
 Newton its= 3, linearizations= 4 (1.4sec), linear its=  5 (5.7sec)

Starting time step 249, stepsize 49.1321 days, at day 27324.7/46021, date = 23-Oct-2098
 Newton its= 4, linearizations= 5 (1.7sec), linear its=  9 (14.7sec)

Starting time step 250, stepsize 127.743 days, at day 27373.8/46021, date = 11-Dec-2098
 Newton its= 7, linearizations= 8 (2.8sec), linear its= 16 (15.3sec)

Starting time step 251, stepsize 178.841 days, at day 27501.6/46021, date = 18-Apr-2099
    Oscillating behavior detected: Relaxation set to 0.900000
 Newton its=12, linearizations=13 (4.4sec), linear its= 30 (28.5sec)

Starting time step 252, stepsize 119.227 days, at day 27680.4/46021, date = 14-Oct-2099
 Newton its= 5, linearizations= 6 (2.1sec), linear its= 10 (11.2sec)

Starting time step 253, stepsize 262.3 days, at day 27799.6/46021, date = 10-Feb-2100
 Newton its= 9, linearizations=10 (3.5sec), linear its= 27 (29.7sec)

Starting time step 254, stepsize 233.155 days, at day 28061.9/46021, date = 30-Oct-2100
    Oscillating behavior detected: Relaxation set to 0.900000
    Oscillating behavior detected: Relaxation set to 0.800000
 Newton its= 9, linearizations=10 (3.7sec), linear its= 18 (20.3sec)

Starting time step 255, stepsize 207.249 days, at day 28295.1/46021, date = 21-Jun-2101
 Newton its= 5, linearizations= 6 (2.3sec), linear its= 21 (16.3sec)

Starting time step 256, stepsize 365.25 days, at day 28502.3/46021, date = 14-Jan-2102
    Oscillating behavior detected: Relaxation set to 0.900000

Problem: Solver convergence failure - Iteration limit reached
Timestep chopped to 36.525 days


Starting time step 256, stepsize 36.525 days, at day 28502.3/46021, date = 14-Jan-2102
 Newton its= 3, linearizations= 4 (1.3sec), linear its=  8 (7.0sec)

Starting time step 257, stepsize 45.6562 days, at day 28538.9/46021, date = 19-Feb-2102
 Newton its= 5, linearizations= 6 (2.1sec), linear its= 12 (11.5sec)

Starting time step 258, stepsize 100.444 days, at day 28584.5/46021, date = 06-Apr-2102
 Newton its=11, linearizations=12 (4.3sec), linear its=  7 (16.2sec)

Starting time step 259, stepsize 73.05 days, at day 28685/46021, date = 15-Jul-2102
    Oscillating behavior detected: Relaxation set to 0.900000
 Newton its= 3, linearizations= 4 (1.5sec), linear its=  5 (5.4sec)

Starting time step 260, stepsize 219.15 days, at day 28758/46021, date = 27-Sep-2102
 Newton its= 6, linearizations= 7 (2.5sec), linear its= 23 (24.7sec)

Starting time step 261, stepsize 365.25 days, at day 28977.2/46021, date = 04-May-2103
    Oscillating behavior detected: Relaxation set to 0.900000
    Oscillating behavior detected: Relaxation set to 0.800000

Problem: Solver convergence failure - Iteration limit reached
Timestep chopped to 36.525 days


Starting time step 261, stepsize 36.525 days, at day 28977.2/46021, date = 04-May-2103
 Newton its= 2, linearizations= 3 (1.0sec), linear its=  6 (5.1sec)

Starting time step 262, stepsize 45.6562 days, at day 29013.7/46021, date = 09-Jun-2103
 Newton its= 3, linearizations= 4 (1.6sec), linear its=  7 (7.8sec)

Starting time step 263, stepsize 136.969 days, at day 29059.3/46021, date = 25-Jul-2103
 Newton its= 6, linearizations= 7 (2.5sec), linear its= 12 (11.5sec)

Starting time step 264, stepsize 246.544 days, at day 29196.3/46021, date = 09-Dec-2103
 Newton its= 6, linearizations= 7 (3.2sec), linear its= 14 (21.8sec)

Starting time step 265, stepsize 365.25 days, at day 29442.9/46021, date = 11-Aug-2104

Problem: Solver convergence failure - Numerical problem encountered
Timestep chopped to 36.525 days


Starting time step 265, stepsize 36.525 days, at day 29442.9/46021, date = 11-Aug-2104
 Newton its= 3, linearizations= 4 (1.4sec), linear its=  9 (7.4sec)

Starting time step 266, stepsize 45.6562 days, at day 29479.4/46021, date = 17-Sep-2104
 Newton its= 3, linearizations= 4 (1.3sec), linear its=  8 (7.2sec)

Starting time step 267, stepsize 136.969 days, at day 29525/46021, date = 02-Nov-2104
 Newton its= 5, linearizations= 6 (2.1sec), linear its= 13 (12.7sec)

Starting time step 268, stepsize 301.331 days, at day 29662/46021, date = 19-Mar-2105
    Oscillating behavior detected: Relaxation set to 0.900000
 Newton its=11, linearizations=12 (4.1sec), linear its= 15 (20.6sec)

Starting time step 269, stepsize 219.15 days, at day 29963.3/46021, date = 14-Jan-2106
 Newton its= 6, linearizations= 7 (2.5sec), linear its= 20 (22.9sec)

Starting time step 270, stepsize 365.25 days, at day 30182.5/46021, date = 21-Aug-2106
 Newton its= 8, linearizations= 9 (3.1sec), linear its= 21 (18.6sec)

Starting time step 271, stepsize 365.25 days, at day 30547.7/46021, date = 21-Aug-2107
 Newton its= 7, linearizations= 8 (2.9sec), linear its= 19 (17.6sec)

Starting time step 272, stepsize 365.25 days, at day 30913/46021, date = 20-Aug-2108
 Newton its= 7, linearizations= 8 (2.8sec), linear its= 23 (19.2sec)

Starting time step 273, stepsize 365.25 days, at day 31278.2/46021, date = 21-Aug-2109
 Newton its= 7, linearizations= 8 (3.0sec), linear its= 22 (25.4sec)

Starting time step 274, stepsize 365.25 days, at day 31643.5/46021, date = 21-Aug-2110
 Newton its= 9, linearizations=10 (3.5sec), linear its= 20 (19.6sec)

Starting time step 275, stepsize 324.667 days, at day 32008.7/46021, date = 21-Aug-2111
    Oscillating behavior detected: Relaxation set to 0.900000

Problem: Solver convergence failure - Iteration limit reached
Timestep chopped to 32.46666666666667 days


Starting time step 275, stepsize 32.4667 days, at day 32008.7/46021, date = 21-Aug-2111
 Newton its= 2, linearizations= 3 (1.1sec), linear its=  4 (4.0sec)

Starting time step 276, stepsize 40.5833 days, at day 32041.2/46021, date = 23-Sep-2111
 Newton its= 2, linearizations= 3 (1.3sec), linear its=  5 (4.2sec)

Starting time step 277, stepsize 121.75 days, at day 32081.8/46021, date = 02-Nov-2111
 Newton its= 7, linearizations= 8 (2.9sec), linear its= 20 (23.0sec)

Starting time step 278, stepsize 170.45 days, at day 32203.5/46021, date = 03-Mar-2112
 Newton its= 5, linearizations= 6 (2.0sec), linear its= 12 (11.4sec)

Starting time step 279, stepsize 365.25 days, at day 32374/46021, date = 20-Aug-2112
 Newton its= 8, linearizations= 9 (2.9sec), linear its= 25 (20.5sec)

Starting time step 280, stepsize 365.25 days, at day 32739.2/46021, date = 21-Aug-2113
 Newton its= 7, linearizations= 8 (2.8sec), linear its= 25 (21.0sec)

Starting time step 281, stepsize 365.25 days, at day 33104.5/46021, date = 21-Aug-2114
    Oscillating behavior detected: Relaxation set to 0.900000

Problem: Solver convergence failure - Iteration limit reached
Timestep chopped to 36.525 days


Starting time step 281, stepsize 36.525 days, at day 33104.5/46021, date = 21-Aug-2114
 Newton its= 4, linearizations= 5 (1.7sec), linear its=  7 (7.6sec)

Starting time step 282, stepsize 45.6562 days, at day 33141/46021, date = 27-Sep-2114
 Newton its= 4, linearizations= 5 (1.6sec), linear its=  7 (8.6sec)

Starting time step 283, stepsize 118.706 days, at day 33186.7/46021, date = 11-Nov-2114
 Newton its= 4, linearizations= 5 (1.7sec), linear its= 12 (10.6sec)

Starting time step 284, stepsize 308.636 days, at day 33305.4/46021, date = 10-Mar-2115
 Newton its=10, linearizations=11 (3.6sec), linear its= 13 (23.2sec)

Starting time step 285, stepsize 246.909 days, at day 33614/46021, date = 13-Jan-2116
 Newton its= 8, linearizations= 9 (2.8sec), linear its= 19 (20.0sec)

Starting time step 286, stepsize 246.909 days, at day 33860.9/46021, date = 15-Sep-2116

Problem: Solver convergence failure - Numerical problem encountered
Timestep chopped to 24.690900000000003 days


Starting time step 286, stepsize 24.6909 days, at day 33860.9/46021, date = 15-Sep-2116
 Newton its= 2, linearizations= 3 (1.0sec), linear its=  4 (4.1sec)

Starting time step 287, stepsize 30.8636 days, at day 33885.6/46021, date = 10-Oct-2116
 Newton its= 3, linearizations= 4 (1.2sec), linear its=  5 (6.0sec)

Starting time step 288, stepsize 92.5909 days, at day 33916.5/46021, date = 10-Nov-2116
 Newton its= 4, linearizations= 5 (1.6sec), linear its= 18 (12.7sec)

Starting time step 289, stepsize 240.736 days, at day 34009.1/46021, date = 11-Feb-2117
 Newton its= 8, linearizations= 9 (3.0sec), linear its= 30 (28.7sec)

Starting time step 290, stepsize 240.736 days, at day 34249.8/46021, date = 09-Oct-2117
 Newton its= 8, linearizations= 9 (2.8sec), linear its= 13 (15.2sec)

Starting time step 291, stepsize 240.736 days, at day 34490.5/46021, date = 07-Jun-2118
    Oscillating behavior detected: Relaxation set to 0.900000
 Newton its= 8, linearizations= 9 (2.9sec), linear its= 29 (21.7sec)

Starting time step 292, stepsize 240.736 days, at day 34731.3/46021, date = 03-Feb-2119
 Newton its= 9, linearizations=10 (3.3sec), linear its= 12 (14.3sec)

Starting time step 293, stepsize 213.988 days, at day 34972/46021, date = 02-Oct-2119
 Newton its= 6, linearizations= 7 (2.3sec), linear its= 14 (18.7sec)

Starting time step 294, stepsize 365.25 days, at day 35186/46021, date = 02-May-2120
 Newton its= 9, linearizations=10 (3.3sec), linear its= 28 (22.8sec)

Starting time step 295, stepsize 324.667 days, at day 35551.2/46021, date = 03-May-2121
    Oscillating behavior detected: Relaxation set to 0.900000
 Newton its= 8, linearizations= 9 (2.9sec), linear its= 21 (18.2sec)

Starting time step 296, stepsize 324.667 days, at day 35875.9/46021, date = 23-Mar-2122

Problem: Solver convergence failure - Numerical problem encountered
Timestep chopped to 32.46666666666667 days


Starting time step 296, stepsize 32.4667 days, at day 35875.9/46021, date = 23-Mar-2122
 Newton its= 2, linearizations= 3 (1.0sec), linear its=  5 (4.1sec)

Starting time step 297, stepsize 40.5833 days, at day 35908.4/46021, date = 25-Apr-2122
 Newton its= 4, linearizations= 5 (1.7sec), linear its= 10 (15.3sec)

Starting time step 298, stepsize 105.517 days, at day 35949/46021, date = 04-Jun-2122
 Newton its= 8, linearizations= 9 (2.8sec), linear its= 15 (15.3sec)

Starting time step 299, stepsize 105.517 days, at day 36054.5/46021, date = 18-Sep-2122
 Newton its= 5, linearizations= 6 (2.1sec), linear its= 17 (14.0sec)

Starting time step 300, stepsize 232.137 days, at day 36160/46021, date = 01-Jan-2123
    Oscillating behavior detected: Relaxation set to 0.900000
 Newton its=11, linearizations=12 (4.0sec), linear its= 31 (28.9sec)

Starting time step 301, stepsize 168.827 days, at day 36392.1/46021, date = 22-Aug-2123
 Newton its= 7, linearizations= 8 (2.7sec), linear its= 17 (22.0sec)

Starting time step 302, stepsize 236.357 days, at day 36561/46021, date = 06-Feb-2124
 Newton its= 6, linearizations= 7 (2.3sec), linear its= 18 (15.1sec)

Starting time step 303, stepsize 365.25 days, at day 36797.3/46021, date = 30-Sep-2124
    Oscillating behavior detected: Relaxation set to 0.900000

Problem: Solver convergence failure - Iteration limit reached
Timestep chopped to 36.525 days


Starting time step 303, stepsize 36.525 days, at day 36797.3/46021, date = 30-Sep-2124
 Newton its= 3, linearizations= 4 (1.3sec), linear its=  8 (7.8sec)

Starting time step 304, stepsize 45.6562 days, at day 36833.8/46021, date = 05-Nov-2124
 Newton its= 4, linearizations= 5 (1.7sec), linear its= 10 (14.3sec)

Starting time step 305, stepsize 118.706 days, at day 36879.5/46021, date = 21-Dec-2124
 Newton its= 3, linearizations= 4 (1.4sec), linear its=  9 (7.6sec)

Starting time step 306, stepsize 356.119 days, at day 36998.2/46021, date = 19-Apr-2125

Problem: Solver convergence failure - Numerical problem encountered
Timestep chopped to 35.611875 days


Starting time step 306, stepsize 35.6119 days, at day 36998.2/46021, date = 19-Apr-2125
 Newton its= 2, linearizations= 3 (1.0sec), linear its=  4 (3.9sec)

Starting time step 307, stepsize 44.5148 days, at day 37033.8/46021, date = 24-May-2125
 Newton its= 4, linearizations= 5 (1.6sec), linear its=  6 (7.4sec)

Starting time step 308, stepsize 115.739 days, at day 37078.3/46021, date = 08-Jul-2125
 Newton its= 4, linearizations= 5 (2.0sec), linear its= 15 (11.4sec)

Starting time step 309, stepsize 300.92 days, at day 37194.1/46021, date = 01-Nov-2125
 Newton its= 7, linearizations= 8 (2.7sec), linear its= 20 (18.2sec)

Starting time step 310, stepsize 365.25 days, at day 37495/46021, date = 28-Aug-2126
    Oscillating behavior detected: Relaxation set to 0.900000
    Oscillating behavior detected: Relaxation set to 0.800000

Problem: Solver convergence failure - Iteration limit reached
Timestep chopped to 36.525 days


Starting time step 310, stepsize 36.525 days, at day 37495/46021, date = 28-Aug-2126
 Newton its= 4, linearizations= 5 (1.8sec), linear its=  7 (7.1sec)

Starting time step 311, stepsize 45.6562 days, at day 37531.5/46021, date = 04-Oct-2126
 Newton its= 3, linearizations= 4 (1.5sec), linear its=  9 (7.3sec)

Starting time step 312, stepsize 136.969 days, at day 37577.2/46021, date = 19-Nov-2126
 Newton its= 4, linearizations= 5 (1.6sec), linear its= 17 (12.6sec)

Starting time step 313, stepsize 356.119 days, at day 37714.1/46021, date = 05-Apr-2127
 Newton its= 8, linearizations= 9 (3.2sec), linear its= 30 (30.4sec)

Starting time step 314, stepsize 356.119 days, at day 38070.3/46021, date = 26-Mar-2128
    Oscillating behavior detected: Relaxation set to 0.900000
 Newton its= 8, linearizations= 9 (3.0sec), linear its= 18 (18.2sec)

Starting time step 315, stepsize 356.119 days, at day 38426.4/46021, date = 17-Mar-2129
    Oscillating behavior detected: Relaxation set to 0.900000
 Newton its= 9, linearizations=10 (3.3sec), linear its= 27 (24.4sec)

Starting time step 316, stepsize 316.55 days, at day 38782.5/46021, date = 08-Mar-2130
 Newton its= 9, linearizations=10 (3.4sec), linear its= 31 (27.2sec)

Starting time step 317, stepsize 281.378 days, at day 39099/46021, date = 19-Jan-2131
 Newton its= 6, linearizations= 7 (2.4sec), linear its= 29 (27.2sec)

Starting time step 318, stepsize 365.25 days, at day 39380.4/46021, date = 27-Oct-2131
 Newton its= 9, linearizations=10 (3.4sec), linear its= 28 (22.8sec)

Starting time step 319, stepsize 324.667 days, at day 39745.7/46021, date = 26-Oct-2132
 Newton its= 6, linearizations= 7 (2.5sec), linear its= 29 (21.7sec)

Starting time step 320, stepsize 365.25 days, at day 40070.3/46021, date = 16-Sep-2133
 Newton its= 8, linearizations= 9 (3.3sec), linear its= 27 (23.5sec)

Starting time step 321, stepsize 365.25 days, at day 40435.6/46021, date = 16-Sep-2134

Problem: Solver convergence failure - Iteration limit reached
Timestep chopped to 36.525 days


Starting time step 321, stepsize 36.525 days, at day 40435.6/46021, date = 16-Sep-2134
 Newton its= 3, linearizations= 4 (1.5sec), linear its=  7 (6.7sec)

Starting time step 322, stepsize 45.6562 days, at day 40472.1/46021, date = 23-Oct-2134
 Newton its= 3, linearizations= 4 (1.5sec), linear its= 10 (9.4sec)

Starting time step 323, stepsize 136.969 days, at day 40517.8/46021, date = 07-Dec-2134
    Oscillating behavior detected: Relaxation set to 0.900000
 Newton its= 6, linearizations= 7 (2.5sec), linear its= 10 (12.1sec)

Starting time step 324, stepsize 246.544 days, at day 40654.7/46021, date = 23-Apr-2135
    Oscillating behavior detected: Relaxation set to 0.900000

Problem: Solver convergence failure - Iteration limit reached
Timestep chopped to 24.654375 days


Starting time step 324, stepsize 24.6544 days, at day 40654.7/46021, date = 23-Apr-2135
 Newton its= 4, linearizations= 5 (1.8sec), linear its=  3 (7.0sec)

Starting time step 325, stepsize 30.818 days, at day 40679.4/46021, date = 18-May-2135
 Newton its= 3, linearizations= 4 (1.5sec), linear its=  7 (6.6sec)

Starting time step 326, stepsize 92.4539 days, at day 40710.2/46021, date = 18-Jun-2135
 Newton its= 7, linearizations= 8 (2.9sec), linear its= 11 (14.3sec)

Starting time step 327, stepsize 129.435 days, at day 40802.7/46021, date = 18-Sep-2135
    Oscillating behavior detected: Relaxation set to 0.900000
 Newton its= 8, linearizations= 9 (3.1sec), linear its= 19 (18.8sec)

Starting time step 328, stepsize 129.435 days, at day 40932.1/46021, date = 26-Jan-2136

Warning: Density of water is only implemented for temperatures below 647K and pressures below 100MPa. (T = 378.150000, p=112734423.837538)

Warning: Density of water is only implemented for temperatures below 647K and pressures below 100MPa. (T = 378.150000, p=116673082.082720)

Warning: Density of water is only implemented for temperatures below 647K and pressures below 100MPa. (T = 378.150000, p=120253189.578267)

Warning: Density of water is only implemented for temperatures below 647K and pressures below 100MPa. (T = 378.150000, p=129453895.159999)

Warning: Density of water is only implemented for temperatures below 647K and pressures below 100MPa. (T = 378.150000, p=109010085.615673)

Warning: Density of water is only implemented for temperatures below 647K and pressures below 100MPa. (T = 378.150000, p=116086024.071663)

Warning: Density of water is only implemented for temperatures below 647K and pressures below 100MPa. (T = 378.150000, p=112308764.448305)

Warning: Density of water is only implemented for temperatures below 647K and pressures below 100MPa. (T = 378.150000, p=114709395.272267)

Warning: Density of water is only implemented for temperatures below 647K and pressures below 100MPa. (T = 378.150000, p=118604365.331478)

Warning: Density of water is only implemented for temperatures below 647K and pressures below 100MPa. (T = 378.150000, p=115380595.181048)

Warning: Density of water is only implemented for temperatures below 647K and pressures below 100MPa. (T = 378.150000, p=115796368.162354)

Warning: Density of water is only implemented for temperatures below 647K and pressures below 100MPa. (T = 378.150000, p=112870469.250167)

Warning: Density of water is only implemented for temperatures below 647K and pressures below 100MPa. (T = 378.150000, p=102266930.297947)

Warning: Density of water is only implemented for temperatures below 647K and pressures below 100MPa. (T = 378.150000, p=119532118.301334)

Warning: Density of water is only implemented for temperatures below 647K and pressures below 100MPa. (T = 378.150000, p=116849052.640008)

Warning: Density of water is only implemented for temperatures below 647K and pressures below 100MPa. (T = 378.150000, p=108567154.789245)

Warning: Density of water is only implemented for temperatures below 647K and pressures below 100MPa. (T = 378.150000, p=119156534.257953)

Warning: Density of water is only implemented for temperatures below 647K and pressures below 100MPa. (T = 378.150000, p=115580085.776393)

Warning: Density of water is only implemented for temperatures below 647K and pressures below 100MPa. (T = 378.150000, p=107617895.411711)

Warning: Density of water is only implemented for temperatures below 647K and pressures below 100MPa. (T = 378.150000, p=103375659.594780)

Warning: Density of water is only implemented for temperatures below 647K and pressures below 100MPa. (T = 378.150000, p=100930308.238895)

Warning: Density of water is only implemented for temperatures below 647K and pressures below 100MPa. (T = 378.150000, p=109713971.272316)

Warning: Density of water is only implemented for temperatures below 647K and pressures below 100MPa. (T = 378.150000, p=107066925.978645)

Warning: Density of water is only implemented for temperatures below 647K and pressures below 100MPa. (T = 378.150000, p=112219544.422103)

Warning: Density of water is only implemented for temperatures below 647K and pressures below 100MPa. (T = 378.150000, p=102160680.737780)

Warning: Density of water is only implemented for temperatures below 647K and pressures below 100MPa. (T = 378.150000, p=120830957.234217)

Warning: Density of water is only implemented for temperatures below 647K and pressures below 100MPa. (T = 378.150000, p=117427352.870257)

Warning: Density of water is only implemented for temperatures below 647K and pressures below 100MPa. (T = 378.150000, p=111446738.071155)

Warning: Density of water is only implemented for temperatures below 647K and pressures below 100MPa. (T = 378.150000, p=119333776.336805)

Warning: Density of water is only implemented for temperatures below 647K and pressures below 100MPa. (T = 378.150000, p=121981319.101869)

Warning: Density of water is only implemented for temperatures below 647K and pressures below 100MPa. (T = 378.150000, p=119134336.495246)

Warning: Density of water is only implemented for temperatures below 647K and pressures below 100MPa. (T = 378.150000, p=107533458.621810)

Warning: Density of water is only implemented for temperatures below 647K and pressures below 100MPa. (T = 378.150000, p=107953810.024999)

Warning: Density of water is only implemented for temperatures below 647K and pressures below 100MPa. (T = 378.150000, p=100367354.571439)

Warning: Density of water is only implemented for temperatures below 647K and pressures below 100MPa. (T = 378.150000, p=111937937.770092)

Warning: Density of water is only implemented for temperatures below 647K and pressures below 100MPa. (T = 378.150000, p=108350224.925743)

Warning: Density of water is only implemented for temperatures below 647K and pressures below 100MPa. (T = 378.150000, p=117626839.058073)

Warning: Density of water is only implemented for temperatures below 647K and pressures below 100MPa. (T = 378.150000, p=117511593.683783)

Warning: Density of water is only implemented for temperatures below 647K and pressures below 100MPa. (T = 378.150000, p=105992845.092282)

Warning: Density of water is only implemented for temperatures below 647K and pressures below 100MPa. (T = 378.150000, p=110829913.161575)

Warning: Density of water is only implemented for temperatures below 647K and pressures below 100MPa. (T = 378.150000, p=101847556.288507)

Warning: Density of water is only implemented for temperatures below 647K and pressures below 100MPa. (T = 378.150000, p=103172231.714741)

Warning: Density of water is only implemented for temperatures below 647K and pressures below 100MPa. (T = 378.150000, p=107879876.722711)

Warning: Density of water is only implemented for temperatures below 647K and pressures below 100MPa. (T = 378.150000, p=112862121.344030)

Warning: Density of water is only implemented for temperatures below 647K and pressures below 100MPa. (T = 378.150000, p=105619643.416770)

Warning: Density of water is only implemented for temperatures below 647K and pressures below 100MPa. (T = 378.150000, p=112513601.313104)

Warning: Density of water is only implemented for temperatures below 647K and pressures below 100MPa. (T = 378.150000, p=105250777.098652)

Warning: Density of water is only implemented for temperatures below 647K and pressures below 100MPa. (T = 378.150000, p=115102924.891642)

Warning: Density of water is only implemented for temperatures below 647K and pressures below 100MPa. (T = 378.150000, p=113554470.454385)

Warning: Density of water is only implemented for temperatures below 647K and pressures below 100MPa. (T = 378.150000, p=105186602.982957)

Warning: Density of water is only implemented for temperatures below 647K and pressures below 100MPa. (T = 378.150000, p=108508440.556689)

Warning: Density of water is only implemented for temperatures below 647K and pressures below 100MPa. (T = 378.150000, p=120452744.248258)

Warning: Density of water is only implemented for temperatures below 647K and pressures below 100MPa. (T = 378.150000, p=109285160.277809)

Warning: Density of water is only implemented for temperatures below 647K and pressures below 100MPa. (T = 378.150000, p=102426255.415803)

Warning: Density of water is only implemented for temperatures below 647K and pressures below 100MPa. (T = 378.150000, p=135135335.409079)

Warning: Density of water is only implemented for temperatures below 647K and pressures below 100MPa. (T = 378.150000, p=135142172.636944)

Warning: Density of water is only implemented for temperatures below 647K and pressures below 100MPa. (T = 378.150000, p=120572327.837243)

Warning: Density of water is only implemented for temperatures below 647K and pressures below 100MPa. (T = 378.150000, p=136682835.003750)

Warning: Density of water is only implemented for temperatures below 647K and pressures below 100MPa. (T = 378.150000, p=137809923.346399)

Warning: Density of water is only implemented for temperatures below 647K and pressures below 100MPa. (T = 378.150000, p=135191672.415656)

Warning: Density of water is only implemented for temperatures below 647K and pressures below 100MPa. (T = 378.150000, p=122166255.746459)

Warning: Density of water is only implemented for temperatures below 647K and pressures below 100MPa. (T = 378.150000, p=135857276.872819)

Warning: Density of water is only implemented for temperatures below 647K and pressures below 100MPa. (T = 378.150000, p=137078679.638949)

Warning: Density of water is only implemented for temperatures below 647K and pressures below 100MPa. (T = 378.150000, p=135380655.274019)

Warning: Density of water is only implemented for temperatures below 647K and pressures below 100MPa. (T = 378.150000, p=125167104.499113)

Warning: Density of water is only implemented for temperatures below 647K and pressures below 100MPa. (T = 378.150000, p=131219937.224731)

Warning: Density of water is only implemented for temperatures below 647K and pressures below 100MPa. (T = 378.150000, p=136626604.330208)

Warning: Density of water is only implemented for temperatures below 647K and pressures below 100MPa. (T = 378.150000, p=135668257.158028)

Warning: Density of water is only implemented for temperatures below 647K and pressures below 100MPa. (T = 378.150000, p=129638229.149018)

Warning: Density of water is only implemented for temperatures below 647K and pressures below 100MPa. (T = 378.150000, p=124182360.221973)

Warning: Density of water is only implemented for temperatures below 647K and pressures below 100MPa. (T = 378.150000, p=136449653.386609)

Warning: Density of water is only implemented for temperatures below 647K and pressures below 100MPa. (T = 378.150000, p=136058925.303412)

Warning: Density of water is only implemented for temperatures below 647K and pressures below 100MPa. (T = 378.150000, p=120804931.504303)

Warning: Density of water is only implemented for temperatures below 647K and pressures below 100MPa. (T = 378.150000, p=112398056.096218)

Warning: Density of water is only implemented for temperatures below 647K and pressures below 100MPa. (T = 378.150000, p=105524877.298339)

Warning: Density of water is only implemented for temperatures below 647K and pressures below 100MPa. (T = 378.150000, p=154292151.274712)

Warning: Density of water is only implemented for temperatures below 647K and pressures below 100MPa. (T = 378.150000, p=108513102.107778)

Warning: Density of water is only implemented for temperatures below 647K and pressures below 100MPa. (T = 378.150000, p=125650202.118188)

Warning: Density of water is only implemented for temperatures below 647K and pressures below 100MPa. (T = 378.150000, p=155634511.354863)

Warning: Density of water is only implemented for temperatures below 647K and pressures below 100MPa. (T = 378.150000, p=108562383.109840)

Warning: Density of water is only implemented for temperatures below 647K and pressures below 100MPa. (T = 378.150000, p=125716096.496967)

Warning: Density of water is only implemented for temperatures below 647K and pressures below 100MPa. (T = 378.150000, p=116569278.525977)

Warning: Density of water is only implemented for temperatures below 647K and pressures below 100MPa. (T = 378.150000, p=118440098.609061)

Warning: Density of water is only implemented for temperatures below 647K and pressures below 100MPa. (T = 378.150000, p=122811357.910465)

Warning: Density of water is only implemented for temperatures below 647K and pressures below 100MPa. (T = 378.150000, p=118353662.820198)

Warning: Density of water is only implemented for temperatures below 647K and pressures below 100MPa. (T = 378.150000, p=126722657.293503)

Warning: Density of water is only implemented for temperatures below 647K and pressures below 100MPa. (T = 378.150000, p=133509977.087317)

Warning: Density of water is only implemented for temperatures below 647K and pressures below 100MPa. (T = 378.150000, p=154713607.051308)

Warning: Density of water is only implemented for temperatures below 647K and pressures below 100MPa. (T = 378.150000, p=147864016.846705)

Warning: Density of water is only implemented for temperatures below 647K and pressures below 100MPa. (T = 378.150000, p=163727473.181732)

Warning: Density of water is only implemented for temperatures below 647K and pressures below 100MPa. (T = 378.150000, p=162372295.332574)

Warning: Density of water is only implemented for temperatures below 647K and pressures below 100MPa. (T = 378.150000, p=170606084.890560)

Warning: Density of water is only implemented for temperatures below 647K and pressures below 100MPa. (T = 378.150000, p=171117340.362485)

Warning: Density of water is only implemented for temperatures below 647K and pressures below 100MPa. (T = 378.150000, p=165910874.432251)

Warning: Density of water is only implemented for temperatures below 647K and pressures below 100MPa. (T = 378.150000, p=155025393.434450)

Warning: Density of water is only implemented for temperatures below 647K and pressures below 100MPa. (T = 378.150000, p=135456298.040240)

Warning: Density of water is only implemented for temperatures below 647K and pressures below 100MPa. (T = 378.150000, p=125370457.349076)

Warning: Density of water is only implemented for temperatures below 647K and pressures below 100MPa. (T = 378.150000, p=154037326.111289)

Warning: Density of water is only implemented for temperatures below 647K and pressures below 100MPa. (T = 378.150000, p=104925346.701799)

Warning: Density of water is only implemented for temperatures below 647K and pressures below 100MPa. (T = 378.150000, p=126404010.545888)

Warning: Density of water is only implemented for temperatures below 647K and pressures below 100MPa. (T = 378.150000, p=125922909.976162)

Warning: Density of water is only implemented for temperatures below 647K and pressures below 100MPa. (T = 378.150000, p=108296008.249024)

Warning: Density of water is only implemented for temperatures below 647K and pressures below 100MPa. (T = 378.150000, p=113255329.267825)

Warning: Density of water is only implemented for temperatures below 647K and pressures below 100MPa. (T = 378.150000, p=153605611.903334)

Warning: Density of water is only implemented for temperatures below 647K and pressures below 100MPa. (T = 378.150000, p=169870502.257749)

Warning: Density of water is only implemented for temperatures below 647K and pressures below 100MPa. (T = 378.150000, p=177848111.430215)

Warning: Density of water is only implemented for temperatures below 647K and pressures below 100MPa. (T = 378.150000, p=172558688.448367)

Warning: Density of water is only implemented for temperatures below 647K and pressures below 100MPa. (T = 378.150000, p=127712117.991701)

Warning: Density of water is only implemented for temperatures below 647K and pressures below 100MPa. (T = 378.150000, p=128461462.404403)

Warning: Density of water is only implemented for temperatures below 647K and pressures below 100MPa. (T = 378.150000, p=107631847.640836)

Warning: Density of water is only implemented for temperatures below 647K and pressures below 100MPa. (T = 378.150000, p=110030345.753500)

Warning: Density of water is only implemented for temperatures below 647K and pressures below 100MPa. (T = 378.150000, p=112289046.756443)

Warning: Density of water is only implemented for temperatures below 647K and pressures below 100MPa. (T = 378.150000, p=110899619.708542)

Warning: Density of water is only implemented for temperatures below 647K and pressures below 100MPa. (T = 378.150000, p=106653281.726909)

Warning: Density of water is only implemented for temperatures below 647K and pressures below 100MPa. (T = 378.150000, p=127514497.577461)

Warning: Density of water is only implemented for temperatures below 647K and pressures below 100MPa. (T = 378.150000, p=147855057.417046)

Warning: Density of water is only implemented for temperatures below 647K and pressures below 100MPa. (T = 378.150000, p=108605067.429250)

Warning: Density of water is only implemented for temperatures below 647K and pressures below 100MPa. (T = 378.150000, p=114651500.114245)

Warning: Density of water is only implemented for temperatures below 647K and pressures below 100MPa. (T = 378.150000, p=110012603.234354)

Warning: Density of water is only implemented for temperatures below 647K and pressures below 100MPa. (T = 378.150000, p=122558129.679740)

Warning: Density of water is only implemented for temperatures below 647K and pressures below 100MPa. (T = 378.150000, p=113125399.217096)

Warning: Density of water is only implemented for temperatures below 647K and pressures below 100MPa. (T = 378.150000, p=112286498.827263)

Warning: Density of water is only implemented for temperatures below 647K and pressures below 100MPa. (T = 378.150000, p=113936147.753779)

Warning: Density of water is only implemented for temperatures below 647K and pressures below 100MPa. (T = 378.150000, p=109153999.114175)

Warning: Density of water is only implemented for temperatures below 647K and pressures below 100MPa. (T = 378.150000, p=113727580.201600)

Warning: Density of water is only implemented for temperatures below 647K and pressures below 100MPa. (T = 378.150000, p=118744402.824753)

Warning: Density of water is only implemented for temperatures below 647K and pressures below 100MPa. (T = 378.150000, p=116262330.306821)

Warning: Density of water is only implemented for temperatures below 647K and pressures below 100MPa. (T = 378.150000, p=118308489.145638)

Warning: Density of water is only implemented for temperatures below 647K and pressures below 100MPa. (T = 378.150000, p=130018026.674408)

Warning: Density of water is only implemented for temperatures below 647K and pressures below 100MPa. (T = 378.150000, p=131081700.997800)

Warning: Density of water is only implemented for temperatures below 647K and pressures below 100MPa. (T = 378.150000, p=132005509.528682)

Warning: Density of water is only implemented for temperatures below 647K and pressures below 100MPa. (T = 378.150000, p=153386072.070652)

Warning: Density of water is only implemented for temperatures below 647K and pressures below 100MPa. (T = 378.150000, p=143797145.408130)

Warning: Density of water is only implemented for temperatures below 647K and pressures below 100MPa. (T = 378.150000, p=147930411.032917)

Warning: Density of water is only implemented for temperatures below 647K and pressures below 100MPa. (T = 378.150000, p=160062607.069924)

Warning: Density of water is only implemented for temperatures below 647K and pressures below 100MPa. (T = 378.150000, p=166334697.099428)

Warning: Density of water is only implemented for temperatures below 647K and pressures below 100MPa. (T = 378.150000, p=148900732.771838)

Warning: Density of water is only implemented for temperatures below 647K and pressures below 100MPa. (T = 378.150000, p=178510284.007652)

Warning: Density of water is only implemented for temperatures below 647K and pressures below 100MPa. (T = 378.150000, p=167233365.681199)

Warning: Density of water is only implemented for temperatures below 647K and pressures below 100MPa. (T = 378.150000, p=156528774.116225)

Warning: Density of water is only implemented for temperatures below 647K and pressures below 100MPa. (T = 378.150000, p=124850081.277011)

Warning: Density of water is only implemented for temperatures below 647K and pressures below 100MPa. (T = 378.150000, p=118937599.998670)

Warning: Density of water is only implemented for temperatures below 647K and pressures below 100MPa. (T = 378.150000, p=117425792.816244)

Warning: Density of water is only implemented for temperatures below 647K and pressures below 100MPa. (T = 378.150000, p=111955998.527334)

Warning: Density of water is only implemented for temperatures below 647K and pressures below 100MPa. (T = 378.150000, p=132618156.787555)

Warning: Density of water is only implemented for temperatures below 647K and pressures below 100MPa. (T = 378.150000, p=135114363.485491)

Warning: Density of water is only implemented for temperatures below 647K and pressures below 100MPa. (T = 378.150000, p=147631930.139944)

Warning: Density of water is only implemented for temperatures below 647K and pressures below 100MPa. (T = 378.150000, p=164072904.349923)

Warning: Density of water is only implemented for temperatures below 647K and pressures below 100MPa. (T = 378.150000, p=112431761.859162)

Warning: Density of water is only implemented for temperatures below 647K and pressures below 100MPa. (T = 378.150000, p=115740056.280054)

Warning: Density of water is only implemented for temperatures below 647K and pressures below 100MPa. (T = 378.150000, p=115478404.387358)

Warning: Density of water is only implemented for temperatures below 647K and pressures below 100MPa. (T = 378.150000, p=115065162.846887)

Warning: Density of water is only implemented for temperatures below 647K and pressures below 100MPa. (T = 378.150000, p=114332437.190496)

Warning: Density of water is only implemented for temperatures below 647K and pressures below 100MPa. (T = 378.150000, p=113210647.790247)

Warning: Density of water is only implemented for temperatures below 647K and pressures below 100MPa. (T = 378.150000, p=119326762.388228)

Warning: Density of water is only implemented for temperatures below 647K and pressures below 100MPa. (T = 378.150000, p=127763816.198630)

Warning: Density of water is only implemented for temperatures below 647K and pressures below 100MPa. (T = 378.150000, p=100582365.461560)

Warning: Density of water is only implemented for temperatures below 647K and pressures below 100MPa. (T = 378.150000, p=151681439.125712)

Warning: Density of water is only implemented for temperatures below 647K and pressures below 100MPa. (T = 378.150000, p=102845307.091137)

Warning: Density of water is only implemented for temperatures below 647K and pressures below 100MPa. (T = 378.150000, p=126315015.442190)

Warning: Density of water is only implemented for temperatures below 647K and pressures below 100MPa. (T = 378.150000, p=100305329.517302)

Warning: Density of water is only implemented for temperatures below 647K and pressures below 100MPa. (T = 378.150000, p=146089467.199051)

Warning: Density of water is only implemented for temperatures below 647K and pressures below 100MPa. (T = 378.150000, p=124920674.411764)

Warning: Density of water is only implemented for temperatures below 647K and pressures below 100MPa. (T = 378.150000, p=115014291.086416)

Warning: Density of water is only implemented for temperatures below 647K and pressures below 100MPa. (T = 378.150000, p=100056519.721946)

Warning: Density of water is only implemented for temperatures below 647K and pressures below 100MPa. (T = 378.150000, p=100218400.965971)

Warning: Density of water is only implemented for temperatures below 647K and pressures below 100MPa. (T = 378.150000, p=107354524.483018)

Warning: Density of water is only implemented for temperatures below 647K and pressures below 100MPa. (T = 378.150000, p=106921212.845758)

Warning: Density of water is only implemented for temperatures below 647K and pressures below 100MPa. (T = 378.150000, p=108528515.482667)

Warning: Density of water is only implemented for temperatures below 647K and pressures below 100MPa. (T = 378.150000, p=108509823.671501)

Warning: Density of water is only implemented for temperatures below 647K and pressures below 100MPa. (T = 378.150000, p=111338315.870333)

Warning: Density of water is only implemented for temperatures below 647K and pressures below 100MPa. (T = 378.150000, p=110353151.697048)

Warning: Density of water is only implemented for temperatures below 647K and pressures below 100MPa. (T = 378.150000, p=110588568.869316)

Warning: Density of water is only implemented for temperatures below 647K and pressures below 100MPa. (T = 378.150000, p=116625163.517443)

Warning: Density of water is only implemented for temperatures below 647K and pressures below 100MPa. (T = 378.150000, p=114553282.573185)

Warning: Density of water is only implemented for temperatures below 647K and pressures below 100MPa. (T = 378.150000, p=112802230.031263)

Warning: Density of water is only implemented for temperatures below 647K and pressures below 100MPa. (T = 378.150000, p=113620455.263321)

Warning: Density of water is only implemented for temperatures below 647K and pressures below 100MPa. (T = 378.150000, p=123556891.298568)

Warning: Density of water is only implemented for temperatures below 647K and pressures below 100MPa. (T = 378.150000, p=121221631.357393)

Warning: Density of water is only implemented for temperatures below 647K and pressures below 100MPa. (T = 378.150000, p=137291088.591578)

Warning: Density of water is only implemented for temperatures below 647K and pressures below 100MPa. (T = 378.150000, p=143500430.355096)

Warning: Density of water is only implemented for temperatures below 647K and pressures below 100MPa. (T = 378.150000, p=165812591.777078)

Warning: Density of water is only implemented for temperatures below 647K and pressures below 100MPa. (T = 378.150000, p=131348518.524263)

Warning: Density of water is only implemented for temperatures below 647K and pressures below 100MPa. (T = 378.150000, p=126672687.912775)

Warning: Density of water is only implemented for temperatures below 647K and pressures below 100MPa. (T = 378.150000, p=173344229.320365)

Warning: Density of water is only implemented for temperatures below 647K and pressures below 100MPa. (T = 378.150000, p=163950791.016025)

Warning: Density of water is only implemented for temperatures below 647K and pressures below 100MPa. (T = 378.150000, p=137498974.636009)

Warning: Density of water is only implemented for temperatures below 647K and pressures below 100MPa. (T = 378.150000, p=142912811.971803)

Warning: Density of water is only implemented for temperatures below 647K and pressures below 100MPa. (T = 378.150000, p=124611018.775186)

Warning: Density of water is only implemented for temperatures below 647K and pressures below 100MPa. (T = 378.150000, p=117335024.874910)

Warning: Density of water is only implemented for temperatures below 647K and pressures below 100MPa. (T = 378.150000, p=118741375.372589)

Warning: Density of water is only implemented for temperatures below 647K and pressures below 100MPa. (T = 378.150000, p=121681894.792177)

Warning: Density of water is only implemented for temperatures below 647K and pressures below 100MPa. (T = 378.150000, p=136704696.508703)

Warning: Density of water is only implemented for temperatures below 647K and pressures below 100MPa. (T = 378.150000, p=152522379.861350)

Warning: Density of water is only implemented for temperatures below 647K and pressures below 100MPa. (T = 378.150000, p=148161140.929950)

Warning: Density of water is only implemented for temperatures below 647K and pressures below 100MPa. (T = 378.150000, p=164162551.537649)

Warning: Density of water is only implemented for temperatures below 647K and pressures below 100MPa. (T = 378.150000, p=165830015.610076)

Warning: Density of water is only implemented for temperatures below 647K and pressures below 100MPa. (T = 378.150000, p=168279402.051179)

Warning: Density of water is only implemented for temperatures below 647K and pressures below 100MPa. (T = 378.150000, p=178296995.485167)

Warning: Density of water is only implemented for temperatures below 647K and pressures below 100MPa. (T = 378.150000, p=165378508.834085)

Warning: Density of water is only implemented for temperatures below 647K and pressures below 100MPa. (T = 378.150000, p=114433560.887021)

Warning: Density of water is only implemented for temperatures below 647K and pressures below 100MPa. (T = 378.150000, p=114547506.087506)

Warning: Density of water is only implemented for temperatures below 647K and pressures below 100MPa. (T = 378.150000, p=112595770.864570)

Warning: Density of water is only implemented for temperatures below 647K and pressures below 100MPa. (T = 378.150000, p=117626600.986900)

Warning: Density of water is only implemented for temperatures below 647K and pressures below 100MPa. (T = 378.150000, p=119883283.611407)

Warning: Density of water is only implemented for temperatures below 647K and pressures below 100MPa. (T = 378.150000, p=115578603.652565)

Warning: Density of water is only implemented for temperatures below 647K and pressures below 100MPa. (T = 378.150000, p=129565009.261150)

Warning: Density of water is only implemented for temperatures below 647K and pressures below 100MPa. (T = 378.150000, p=132699036.357656)

Warning: Density of water is only implemented for temperatures below 647K and pressures below 100MPa. (T = 378.150000, p=129675099.379443)

Warning: Density of water is only implemented for temperatures below 647K and pressures below 100MPa. (T = 378.150000, p=129447517.813322)

Warning: Density of water is only implemented for temperatures below 647K and pressures below 100MPa. (T = 378.150000, p=148294488.556725)

Warning: Density of water is only implemented for temperatures below 647K and pressures below 100MPa. (T = 378.150000, p=144216205.446683)

Warning: Density of water is only implemented for temperatures below 647K and pressures below 100MPa. (T = 378.150000, p=144944822.402641)

Warning: Density of water is only implemented for temperatures below 647K and pressures below 100MPa. (T = 378.150000, p=139734659.222692)

Warning: Density of water is only implemented for temperatures below 647K and pressures below 100MPa. (T = 378.150000, p=140560353.915929)

Warning: Density of water is only implemented for temperatures below 647K and pressures below 100MPa. (T = 378.150000, p=152003326.679970)

Warning: Density of water is only implemented for temperatures below 647K and pressures below 100MPa. (T = 378.150000, p=153669445.763529)

Warning: Density of water is only implemented for temperatures below 647K and pressures below 100MPa. (T = 378.150000, p=154561390.346989)

Warning: Density of water is only implemented for temperatures below 647K and pressures below 100MPa. (T = 378.150000, p=143925826.388993)

Warning: Density of water is only implemented for temperatures below 647K and pressures below 100MPa. (T = 378.150000, p=134717884.214560)

Warning: Density of water is only implemented for temperatures below 647K and pressures below 100MPa. (T = 378.150000, p=134186654.115116)

Warning: Density of water is only implemented for temperatures below 647K and pressures below 100MPa. (T = 378.150000, p=167244641.367977)

Warning: Density of water is only implemented for temperatures below 647K and pressures below 100MPa. (T = 378.150000, p=155513039.079473)

Warning: Density of water is only implemented for temperatures below 647K and pressures below 100MPa. (T = 378.150000, p=157318936.177932)

Warning: Density of water is only implemented for temperatures below 647K and pressures below 100MPa. (T = 378.150000, p=137920280.582899)

Warning: Density of water is only implemented for temperatures below 647K and pressures below 100MPa. (T = 378.150000, p=151993777.813442)

Warning: Density of water is only implemented for temperatures below 647K and pressures below 100MPa. (T = 378.150000, p=140786336.440862)

Warning: Density of water is only implemented for temperatures below 647K and pressures below 100MPa. (T = 378.150000, p=138904755.184719)

Warning: Density of water is only implemented for temperatures below 647K and pressures below 100MPa. (T = 378.150000, p=112473911.996379)

Warning: Density of water is only implemented for temperatures below 647K and pressures below 100MPa. (T = 378.150000, p=127329866.887319)

Warning: Density of water is only implemented for temperatures below 647K and pressures below 100MPa. (T = 378.150000, p=120220935.741906)

Warning: Density of water is only implemented for temperatures below 647K and pressures below 100MPa. (T = 378.150000, p=117819113.959729)

Warning: Density of water is only implemented for temperatures below 647K and pressures below 100MPa. (T = 378.150000, p=109166706.017887)

Warning: Density of water is only implemented for temperatures below 647K and pressures below 100MPa. (T = 378.150000, p=100296433.431015)

Warning: Density of water is only implemented for temperatures below 647K and pressures below 100MPa. (T = 378.150000, p=104325197.768872)

Warning: Density of water is only implemented for temperatures below 647K and pressures below 100MPa. (T = 378.150000, p=103236113.795058)

Warning: Density of water is only implemented for temperatures below 647K and pressures below 100MPa. (T = 378.150000, p=105509002.477100)

Warning: Density of water is only implemented for temperatures below 647K and pressures below 100MPa. (T = 378.150000, p=106647447.205832)

Warning: Density of water is only implemented for temperatures below 647K and pressures below 100MPa. (T = 378.150000, p=105636246.431095)

Warning: Density of water is only implemented for temperatures below 647K and pressures below 100MPa. (T = 378.150000, p=109149151.790283)

Warning: Density of water is only implemented for temperatures below 647K and pressures below 100MPa. (T = 378.150000, p=113825321.085168)

Warning: Density of water is only implemented for temperatures below 647K and pressures below 100MPa. (T = 378.150000, p=112637106.622031)

Warning: Density of water is only implemented for temperatures below 647K and pressures below 100MPa. (T = 378.150000, p=115643453.187569)

Warning: Density of water is only implemented for temperatures below 647K and pressures below 100MPa. (T = 378.150000, p=115975937.110741)

Warning: Density of water is only implemented for temperatures below 647K and pressures below 100MPa. (T = 378.150000, p=123420203.574506)

Warning: Density of water is only implemented for temperatures below 647K and pressures below 100MPa. (T = 378.150000, p=123709395.262058)

Warning: Density of water is only implemented for temperatures below 647K and pressures below 100MPa. (T = 378.150000, p=136378987.418557)

Warning: Density of water is only implemented for temperatures below 647K and pressures below 100MPa. (T = 378.150000, p=151557870.082432)

Warning: Density of water is only implemented for temperatures below 647K and pressures below 100MPa. (T = 378.150000, p=138746441.613345)

Warning: Density of water is only implemented for temperatures below 647K and pressures below 100MPa. (T = 378.150000, p=117270538.098748)

Warning: Density of water is only implemented for temperatures below 647K and pressures below 100MPa. (T = 378.150000, p=102975237.365273)

Warning: Density of water is only implemented for temperatures below 647K and pressures below 100MPa. (T = 378.150000, p=109375429.889948)

Warning: Density of water is only implemented for temperatures below 647K and pressures below 100MPa. (T = 378.150000, p=122613668.166551)

Warning: Density of water is only implemented for temperatures below 647K and pressures below 100MPa. (T = 378.150000, p=135936101.581577)

Warning: Density of water is only implemented for temperatures below 647K and pressures below 100MPa. (T = 378.150000, p=138695982.772538)

Warning: Density of water is only implemented for temperatures below 647K and pressures below 100MPa. (T = 378.150000, p=135407967.254481)

Warning: Density of water is only implemented for temperatures below 647K and pressures below 100MPa. (T = 378.150000, p=135563721.745178)

Warning: Density of water is only implemented for temperatures below 647K and pressures below 100MPa. (T = 378.150000, p=131727901.005118)

Warning: Density of water is only implemented for temperatures below 647K and pressures below 100MPa. (T = 378.150000, p=143894073.714447)

Warning: Density of water is only implemented for temperatures below 647K and pressures below 100MPa. (T = 378.150000, p=131773374.647783)

Warning: Density of water is only implemented for temperatures below 647K and pressures below 100MPa. (T = 378.150000, p=129838581.157035)

Warning: Density of water is only implemented for temperatures below 647K and pressures below 100MPa. (T = 378.150000, p=125000404.626441)

Warning: Density of water is only implemented for temperatures below 647K and pressures below 100MPa. (T = 378.150000, p=125963195.383768)

Warning: Density of water is only implemented for temperatures below 647K and pressures below 100MPa. (T = 378.150000, p=111685565.314108)

Warning: Density of water is only implemented for temperatures below 647K and pressures below 100MPa. (T = 378.150000, p=104235211.360427)

Warning: Density of water is only implemented for temperatures below 647K and pressures below 100MPa. (T = 378.150000, p=100533044.909000)

Warning: Density of water is only implemented for temperatures below 647K and pressures below 100MPa. (T = 378.150000, p=106934861.565109)

Warning: Density of water is only implemented for temperatures below 647K and pressures below 100MPa. (T = 378.150000, p=113065993.756330)

Warning: Density of water is only implemented for temperatures below 647K and pressures below 100MPa. (T = 378.150000, p=136699463.299438)

Warning: Density of water is only implemented for temperatures below 647K and pressures below 100MPa. (T = 378.150000, p=131223641.674254)

Warning: Density of water is only implemented for temperatures below 647K and pressures below 100MPa. (T = 378.150000, p=132172898.817709)

Warning: Density of water is only implemented for temperatures below 647K and pressures below 100MPa. (T = 378.150000, p=128955631.981934)

Warning: Density of water is only implemented for temperatures below 647K and pressures below 100MPa. (T = 378.150000, p=133689320.944720)

Warning: Density of water is only implemented for temperatures below 647K and pressures below 100MPa. (T = 378.150000, p=126828276.143516)

Warning: Density of water is only implemented for temperatures below 647K and pressures below 100MPa. (T = 378.150000, p=127422261.519865)

Warning: Density of water is only implemented for temperatures below 647K and pressures below 100MPa. (T = 378.150000, p=101366100.763627)

Warning: Density of water is only implemented for temperatures below 647K and pressures below 100MPa. (T = 378.150000, p=119769843.514189)

Warning: Density of water is only implemented for temperatures below 647K and pressures below 100MPa. (T = 378.150000, p=110122009.018762)

Warning: Density of water is only implemented for temperatures below 647K and pressures below 100MPa. (T = 378.150000, p=108801901.075004)

Warning: Density of water is only implemented for temperatures below 647K and pressures below 100MPa. (T = 378.150000, p=105637756.487153)

Warning: Density of water is only implemented for temperatures below 647K and pressures below 100MPa. (T = 378.150000, p=105956917.886679)

Warning: Density of water is only implemented for temperatures below 647K and pressures below 100MPa. (T = 378.150000, p=100828922.023635)

Warning: Density of water is only implemented for temperatures below 647K and pressures below 100MPa. (T = 378.150000, p=117146234.366732)

Warning: Density of water is only implemented for temperatures below 647K and pressures below 100MPa. (T = 378.150000, p=106649464.914197)

Warning: Density of water is only implemented for temperatures below 647K and pressures below 100MPa. (T = 378.150000, p=110160797.132190)

Warning: Density of water is only implemented for temperatures below 647K and pressures below 100MPa. (T = 378.150000, p=113477460.586170)

Warning: Density of water is only implemented for temperatures below 647K and pressures below 100MPa. (T = 378.150000, p=112409604.990861)

Warning: Density of water is only implemented for temperatures below 647K and pressures below 100MPa. (T = 378.150000, p=111429094.702919)

Warning: Density of water is only implemented for temperatures below 647K and pressures below 100MPa. (T = 378.150000, p=114795449.522086)

Warning: Density of water is only implemented for temperatures below 647K and pressures below 100MPa. (T = 378.150000, p=113977218.980820)

Warning: Density of water is only implemented for temperatures below 647K and pressures below 100MPa. (T = 378.150000, p=119334934.000322)

Warning: Density of water is only implemented for temperatures below 647K and pressures below 100MPa. (T = 378.150000, p=104528615.957485)

Warning: Density of water is only implemented for temperatures below 647K and pressures below 100MPa. (T = 378.150000, p=106439108.712112)

Warning: Density of water is only implemented for temperatures below 647K and pressures below 100MPa. (T = 378.150000, p=104914709.215534)

Warning: Density of water is only implemented for temperatures below 647K and pressures below 100MPa. (T = 378.150000, p=111658681.302869)

Warning: Density of water is only implemented for temperatures below 647K and pressures below 100MPa. (T = 378.150000, p=105187164.169686)

Warning: Density of water is only implemented for temperatures below 647K and pressures below 100MPa. (T = 378.150000, p=112925697.041458)

Warning: Density of water is only implemented for temperatures below 647K and pressures below 100MPa. (T = 378.150000, p=112370190.957388)

Warning: Density of water is only implemented for temperatures below 647K and pressures below 100MPa. (T = 378.150000, p=113848910.228544)

Warning: Density of water is only implemented for temperatures below 647K and pressures below 100MPa. (T = 378.150000, p=113976390.003629)

Warning: Density of water is only implemented for temperatures below 647K and pressures below 100MPa. (T = 378.150000, p=120934798.935597)

Warning: Density of water is only implemented for temperatures below 647K and pressures below 100MPa. (T = 378.150000, p=135719155.638033)

Warning: Density of water is only implemented for temperatures below 647K and pressures below 100MPa. (T = 378.150000, p=110808706.123098)

Warning: Density of water is only implemented for temperatures below 647K and pressures below 100MPa. (T = 378.150000, p=102505017.410080)

Warning: Density of water is only implemented for temperatures below 647K and pressures below 100MPa. (T = 378.150000, p=102499056.930904)

Warning: Density of water is only implemented for temperatures below 647K and pressures below 100MPa. (T = 378.150000, p=120886547.732682)

Warning: Density of water is only implemented for temperatures below 647K and pressures below 100MPa. (T = 378.150000, p=128843296.686540)

Warning: Density of water is only implemented for temperatures below 647K and pressures below 100MPa. (T = 378.150000, p=129610178.121834)

Warning: Density of water is only implemented for temperatures below 647K and pressures below 100MPa. (T = 378.150000, p=142916019.808244)

Warning: Density of water is only implemented for temperatures below 647K and pressures below 100MPa. (T = 378.150000, p=111030521.654650)

Warning: Density of water is only implemented for temperatures below 647K and pressures below 100MPa. (T = 378.150000, p=109711064.660013)

Warning: Density of water is only implemented for temperatures below 647K and pressures below 100MPa. (T = 378.150000, p=105702932.251913)

Warning: Density of water is only implemented for temperatures below 647K and pressures below 100MPa. (T = 378.150000, p=100511541.729515)

Warning: Density of water is only implemented for temperatures below 647K and pressures below 100MPa. (T = 378.150000, p=100126273.788659)

Warning: Density of water is only implemented for temperatures below 647K and pressures below 100MPa. (T = 378.150000, p=105723715.420871)

Warning: Density of water is only implemented for temperatures below 647K and pressures below 100MPa. (T = 378.150000, p=117807393.196248)

Warning: Density of water is only implemented for temperatures below 647K and pressures below 100MPa. (T = 378.150000, p=112366880.662548)

Warning: Density of water is only implemented for temperatures below 647K and pressures below 100MPa. (T = 378.150000, p=110694183.091677)

Warning: Density of water is only implemented for temperatures below 647K and pressures below 100MPa. (T = 378.150000, p=118616035.801524)

Warning: Density of water is only implemented for temperatures below 647K and pressures below 100MPa. (T = 378.150000, p=111502939.521649)

Warning: Density of water is only implemented for temperatures below 647K and pressures below 100MPa. (T = 378.150000, p=111302583.215320)

Warning: Density of water is only implemented for temperatures below 647K and pressures below 100MPa. (T = 378.150000, p=121415548.145971)

Warning: Density of water is only implemented for temperatures below 647K and pressures below 100MPa. (T = 378.150000, p=119755417.402039)

Warning: Density of water is only implemented for temperatures below 647K and pressures below 100MPa. (T = 378.150000, p=119748822.753728)

Warning: Density of water is only implemented for temperatures below 647K and pressures below 100MPa. (T = 378.150000, p=120879719.407086)

Warning: Density of water is only implemented for temperatures below 647K and pressures below 100MPa. (T = 378.150000, p=129283197.573689)

Warning: Density of water is only implemented for temperatures below 647K and pressures below 100MPa. (T = 378.150000, p=131866236.119831)

Warning: Density of water is only implemented for temperatures below 647K and pressures below 100MPa. (T = 378.150000, p=134428241.233317)

Warning: Density of water is only implemented for temperatures below 647K and pressures below 100MPa. (T = 378.150000, p=128120637.138402)

Warning: Density of water is only implemented for temperatures below 647K and pressures below 100MPa. (T = 378.150000, p=135407040.375803)

Warning: Density of water is only implemented for temperatures below 647K and pressures below 100MPa. (T = 378.150000, p=137923147.894114)

Warning: Density of water is only implemented for temperatures below 647K and pressures below 100MPa. (T = 378.150000, p=138578748.901631)

Warning: Density of water is only implemented for temperatures below 647K and pressures below 100MPa. (T = 378.150000, p=127399119.018941)

Warning: Density of water is only implemented for temperatures below 647K and pressures below 100MPa. (T = 378.150000, p=127347534.811087)

Warning: Density of water is only implemented for temperatures below 647K and pressures below 100MPa. (T = 378.150000, p=125700677.226493)

Warning: Density of water is only implemented for temperatures below 647K and pressures below 100MPa. (T = 378.150000, p=140009135.882792)

Warning: Density of water is only implemented for temperatures below 647K and pressures below 100MPa. (T = 378.150000, p=135524504.409413)

Warning: Density of water is only implemented for temperatures below 647K and pressures below 100MPa. (T = 378.150000, p=129786302.711349)

Warning: Density of water is only implemented for temperatures below 647K and pressures below 100MPa. (T = 378.150000, p=123326773.140441)

Warning: Density of water is only implemented for temperatures below 647K and pressures below 100MPa. (T = 378.150000, p=124151820.624796)

Warning: Density of water is only implemented for temperatures below 647K and pressures below 100MPa. (T = 378.150000, p=124301460.346181)

Warning: Density of water is only implemented for temperatures below 647K and pressures below 100MPa. (T = 378.150000, p=116716269.406514)

Warning: Density of water is only implemented for temperatures below 647K and pressures below 100MPa. (T = 378.150000, p=109394062.600116)

Warning: Density of water is only implemented for temperatures below 647K and pressures below 100MPa. (T = 378.150000, p=113080233.332452)

Warning: Density of water is only implemented for temperatures below 647K and pressures below 100MPa. (T = 378.150000, p=105058256.757409)

Warning: Density of water is only implemented for temperatures below 647K and pressures below 100MPa. (T = 378.150000, p=105430262.763167)

Warning: Density of water is only implemented for temperatures below 647K and pressures below 100MPa. (T = 378.150000, p=100855775.612392)

Warning: Density of water is only implemented for temperatures below 647K and pressures below 100MPa. (T = 378.150000, p=110887054.431870)

Warning: Density of water is only implemented for temperatures below 647K and pressures below 100MPa. (T = 378.150000, p=103645393.905454)

Warning: Density of water is only implemented for temperatures below 647K and pressures below 100MPa. (T = 378.150000, p=105243278.397789)

Warning: Density of water is only implemented for temperatures below 647K and pressures below 100MPa. (T = 378.150000, p=101640382.509879)

Warning: Density of water is only implemented for temperatures below 647K and pressures below 100MPa. (T = 378.150000, p=114509151.425453)

Warning: Density of water is only implemented for temperatures below 647K and pressures below 100MPa. (T = 378.150000, p=127966295.522113)

Warning: Density of water is only implemented for temperatures below 647K and pressures below 100MPa. (T = 378.150000, p=124999048.961773)

Warning: Density of water is only implemented for temperatures below 647K and pressures below 100MPa. (T = 378.150000, p=136688360.028780)

Warning: Density of water is only implemented for temperatures below 647K and pressures below 100MPa. (T = 378.150000, p=123577658.657443)

Warning: Density of water is only implemented for temperatures below 647K and pressures below 100MPa. (T = 378.150000, p=125696687.276346)

Warning: Density of water is only implemented for temperatures below 647K and pressures below 100MPa. (T = 378.150000, p=121293127.358794)

Warning: Density of water is only implemented for temperatures below 647K and pressures below 100MPa. (T = 378.150000, p=119543982.174903)

Warning: Density of water is only implemented for temperatures below 647K and pressures below 100MPa. (T = 378.150000, p=122543541.130562)

Warning: Density of water is only implemented for temperatures below 647K and pressures below 100MPa. (T = 378.150000, p=106529125.204942)

Warning: Density of water is only implemented for temperatures below 647K and pressures below 100MPa. (T = 378.150000, p=110443730.051282)

Warning: Density of water is only implemented for temperatures below 647K and pressures below 100MPa. (T = 378.150000, p=104178284.877030)

Warning: Density of water is only implemented for temperatures below 647K and pressures below 100MPa. (T = 378.150000, p=104956181.121961)

Warning: Density of water is only implemented for temperatures below 647K and pressures below 100MPa. (T = 378.150000, p=115308003.678113)

Warning: Density of water is only implemented for temperatures below 647K and pressures below 100MPa. (T = 378.150000, p=109955458.354489)

Warning: Density of water is only implemented for temperatures below 647K and pressures below 100MPa. (T = 378.150000, p=118475246.350617)

Warning: Density of water is only implemented for temperatures below 647K and pressures below 100MPa. (T = 378.150000, p=100073858.403294)

Warning: Density of water is only implemented for temperatures below 647K and pressures below 100MPa. (T = 378.150000, p=120079393.333082)

Warning: Density of water is only implemented for temperatures below 647K and pressures below 100MPa. (T = 378.150000, p=115321176.462811)

Warning: Density of water is only implemented for temperatures below 647K and pressures below 100MPa. (T = 378.150000, p=111929974.536882)

Warning: Density of water is only implemented for temperatures below 647K and pressures below 100MPa. (T = 378.150000, p=122833025.490926)

Warning: Density of water is only implemented for temperatures below 647K and pressures below 100MPa. (T = 378.150000, p=123300908.138000)

Warning: Density of water is only implemented for temperatures below 647K and pressures below 100MPa. (T = 378.150000, p=120431837.434336)

Warning: Density of water is only implemented for temperatures below 647K and pressures below 100MPa. (T = 378.150000, p=129533766.611903)

Warning: Density of water is only implemented for temperatures below 647K and pressures below 100MPa. (T = 378.150000, p=130912624.710039)

Warning: Density of water is only implemented for temperatures below 647K and pressures below 100MPa. (T = 378.150000, p=134430797.381172)

Warning: Density of water is only implemented for temperatures below 647K and pressures below 100MPa. (T = 378.150000, p=118488303.023553)

Warning: Density of water is only implemented for temperatures below 647K and pressures below 100MPa. (T = 378.150000, p=123834934.201211)

Warning: Density of water is only implemented for temperatures below 647K and pressures below 100MPa. (T = 378.150000, p=113062349.657077)

Warning: Density of water is only implemented for temperatures below 647K and pressures below 100MPa. (T = 378.150000, p=136893642.680752)

Warning: Density of water is only implemented for temperatures below 647K and pressures below 100MPa. (T = 378.150000, p=136374958.229093)

Warning: Density of water is only implemented for temperatures below 647K and pressures below 100MPa. (T = 378.150000, p=128871068.699804)

Warning: Density of water is only implemented for temperatures below 647K and pressures below 100MPa. (T = 378.150000, p=114521149.043124)

Warning: Density of water is only implemented for temperatures below 647K and pressures below 100MPa. (T = 378.150000, p=120477807.937932)

Warning: Density of water is only implemented for temperatures below 647K and pressures below 100MPa. (T = 378.150000, p=130642479.894969)

Warning: Density of water is only implemented for temperatures below 647K and pressures below 100MPa. (T = 378.150000, p=123967508.250085)

Warning: Density of water is only implemented for temperatures below 647K and pressures below 100MPa. (T = 378.150000, p=114256504.040783)

Warning: Density of water is only implemented for temperatures below 647K and pressures below 100MPa. (T = 378.150000, p=105994602.997832)

Warning: Density of water is only implemented for temperatures below 647K and pressures below 100MPa. (T = 378.150000, p=108785541.481649)

Warning: Density of water is only implemented for temperatures below 647K and pressures below 100MPa. (T = 378.150000, p=101011399.666815)

Warning: Density of water is only implemented for temperatures below 647K and pressures below 100MPa. (T = 378.150000, p=100993103.285205)

Warning: Density of water is only implemented for temperatures below 647K and pressures below 100MPa. (T = 378.150000, p=104319795.091387)

Warning: Density of water is only implemented for temperatures below 647K and pressures below 100MPa. (T = 378.150000, p=105412789.830751)

Warning: Density of water is only implemented for temperatures below 647K and pressures below 100MPa. (T = 378.150000, p=112953944.700659)

Warning: Density of water is only implemented for temperatures below 647K and pressures below 100MPa. (T = 378.150000, p=113606416.247865)

Warning: Density of water is only implemented for temperatures below 647K and pressures below 100MPa. (T = 378.150000, p=106246761.510540)

Warning: Density of water is only implemented for temperatures below 647K and pressures below 100MPa. (T = 378.150000, p=102299905.647563)

Warning: Density of water is only implemented for temperatures below 647K and pressures below 100MPa. (T = 378.150000, p=114169471.890900)

Warning: Density of water is only implemented for temperatures below 647K and pressures below 100MPa. (T = 378.150000, p=119283928.113500)

Warning: Density of water is only implemented for temperatures below 647K and pressures below 100MPa. (T = 378.150000, p=116747337.210896)

Warning: Density of water is only implemented for temperatures below 647K and pressures below 100MPa. (T = 378.150000, p=126279747.760734)

Warning: Density of water is only implemented for temperatures below 647K and pressures below 100MPa. (T = 378.150000, p=127064826.649213)

Warning: Density of water is only implemented for temperatures below 647K and pressures below 100MPa. (T = 378.150000, p=132576591.281047)

Warning: Density of water is only implemented for temperatures below 647K and pressures below 100MPa. (T = 378.150000, p=113769883.833124)

Warning: Density of water is only implemented for temperatures below 647K and pressures below 100MPa. (T = 378.150000, p=122618695.683572)

Warning: Density of water is only implemented for temperatures below 647K and pressures below 100MPa. (T = 378.150000, p=119337240.806157)

Warning: Density of water is only implemented for temperatures below 647K and pressures below 100MPa. (T = 378.150000, p=134957908.835752)

Warning: Density of water is only implemented for temperatures below 647K and pressures below 100MPa. (T = 378.150000, p=125117772.939235)

Warning: Density of water is only implemented for temperatures below 647K and pressures below 100MPa. (T = 378.150000, p=119131034.929446)

Warning: Density of water is only implemented for temperatures below 647K and pressures below 100MPa. (T = 378.150000, p=127954603.217058)

Warning: Density of water is only implemented for temperatures below 647K and pressures below 100MPa. (T = 378.150000, p=123586092.401863)

Warning: Density of water is only implemented for temperatures below 647K and pressures below 100MPa. (T = 378.150000, p=110704239.364876)

Warning: Density of water is only implemented for temperatures below 647K and pressures below 100MPa. (T = 378.150000, p=101978767.719174)

Warning: Density of water is only implemented for temperatures below 647K and pressures below 100MPa. (T = 378.150000, p=103908809.759095)

Warning: Density of water is only implemented for temperatures below 647K and pressures below 100MPa. (T = 378.150000, p=108085163.118741)

Warning: Density of water is only implemented for temperatures below 647K and pressures below 100MPa. (T = 378.150000, p=107708456.437954)

Warning: Density of water is only implemented for temperatures below 647K and pressures below 100MPa. (T = 378.150000, p=106089727.713580)

Warning: Density of water is only implemented for temperatures below 647K and pressures below 100MPa. (T = 378.150000, p=115884497.365149)

Warning: Density of water is only implemented for temperatures below 647K and pressures below 100MPa. (T = 378.150000, p=113875529.037554)

Warning: Density of water is only implemented for temperatures below 647K and pressures below 100MPa. (T = 378.150000, p=123856045.680800)

Warning: Density of water is only implemented for temperatures below 647K and pressures below 100MPa. (T = 378.150000, p=123886458.900436)

Warning: Density of water is only implemented for temperatures below 647K and pressures below 100MPa. (T = 378.150000, p=131113655.673486)

Warning: Density of water is only implemented for temperatures below 647K and pressures below 100MPa. (T = 378.150000, p=107860281.564525)

Warning: Density of water is only implemented for temperatures below 647K and pressures below 100MPa. (T = 378.150000, p=122035546.354056)

Warning: Density of water is only implemented for temperatures below 647K and pressures below 100MPa. (T = 378.150000, p=102171393.670539)

Warning: Density of water is only implemented for temperatures below 647K and pressures below 100MPa. (T = 378.150000, p=134027394.087993)

Warning: Density of water is only implemented for temperatures below 647K and pressures below 100MPa. (T = 378.150000, p=121685244.202045)

Warning: Density of water is only implemented for temperatures below 647K and pressures below 100MPa. (T = 378.150000, p=118487012.366357)

Warning: Density of water is only implemented for temperatures below 647K and pressures below 100MPa. (T = 378.150000, p=125969866.685987)

Warning: Density of water is only implemented for temperatures below 647K and pressures below 100MPa. (T = 378.150000, p=107344989.454331)

Warning: Density of water is only implemented for temperatures below 647K and pressures below 100MPa. (T = 378.150000, p=103721737.160161)

Warning: Density of water is only implemented for temperatures below 647K and pressures below 100MPa. (T = 378.150000, p=103842162.696848)

Warning: Density of water is only implemented for temperatures below 647K and pressures below 100MPa. (T = 378.150000, p=102353533.174670)

Warning: Density of water is only implemented for temperatures below 647K and pressures below 100MPa. (T = 378.150000, p=113085903.351990)

Warning: Density of water is only implemented for temperatures below 647K and pressures below 100MPa. (T = 378.150000, p=111758578.724025)

Warning: Density of water is only implemented for temperatures below 647K and pressures below 100MPa. (T = 378.150000, p=122249021.843821)

Warning: Density of water is only implemented for temperatures below 647K and pressures below 100MPa. (T = 378.150000, p=121354721.565093)

Warning: Density of water is only implemented for temperatures below 647K and pressures below 100MPa. (T = 378.150000, p=130033660.722211)

Warning: Density of water is only implemented for temperatures below 647K and pressures below 100MPa. (T = 378.150000, p=133573035.565055)

Warning: Density of water is only implemented for temperatures below 647K and pressures below 100MPa. (T = 378.150000, p=118548807.495464)

Warning: Density of water is only implemented for temperatures below 647K and pressures below 100MPa. (T = 378.150000, p=124662858.354068)

Warning: Density of water is only implemented for temperatures below 647K and pressures below 100MPa. (T = 378.150000, p=104168396.147429)

Warning: Density of water is only implemented for temperatures below 647K and pressures below 100MPa. (T = 378.150000, p=100194188.956382)

Warning: Density of water is only implemented for temperatures below 647K and pressures below 100MPa. (T = 378.150000, p=110872222.914216)

Warning: Density of water is only implemented for temperatures below 647K and pressures below 100MPa. (T = 378.150000, p=109608636.589582)

Warning: Density of water is only implemented for temperatures below 647K and pressures below 100MPa. (T = 378.150000, p=121454152.149017)

Warning: Density of water is only implemented for temperatures below 647K and pressures below 100MPa. (T = 378.150000, p=119455028.597336)

Warning: Density of water is only implemented for temperatures below 647K and pressures below 100MPa. (T = 378.150000, p=129332156.929991)

Warning: Density of water is only implemented for temperatures below 647K and pressures below 100MPa. (T = 378.150000, p=115692030.784722)

Warning: Density of water is only implemented for temperatures below 647K and pressures below 100MPa. (T = 378.150000, p=124058882.395991)

Warning: Density of water is only implemented for temperatures below 647K and pressures below 100MPa. (T = 378.150000, p=101163767.685543)

Warning: Density of water is only implemented for temperatures below 647K and pressures below 100MPa. (T = 378.150000, p=109208426.253532)

Warning: Density of water is only implemented for temperatures below 647K and pressures below 100MPa. (T = 378.150000, p=108045410.265655)

Warning: Density of water is only implemented for temperatures below 647K and pressures below 100MPa. (T = 378.150000, p=118176172.791993)

Warning: Density of water is only implemented for temperatures below 647K and pressures below 100MPa. (T = 378.150000, p=128904708.992246)

Warning: Density of water is only implemented for temperatures below 647K and pressures below 100MPa. (T = 378.150000, p=113097752.546488)

Warning: Density of water is only implemented for temperatures below 647K and pressures below 100MPa. (T = 378.150000, p=108111237.628279)

Warning: Density of water is only implemented for temperatures below 647K and pressures below 100MPa. (T = 378.150000, p=117538283.935356)

Warning: Density of water is only implemented for temperatures below 647K and pressures below 100MPa. (T = 378.150000, p=110764539.015802)

Warning: Density of water is only implemented for temperatures below 647K and pressures below 100MPa. (T = 378.150000, p=107574168.558227)

Warning: Density of water is only implemented for temperatures below 647K and pressures below 100MPa. (T = 378.150000, p=107056211.728768)

Warning: Density of water is only implemented for temperatures below 647K and pressures below 100MPa. (T = 378.150000, p=102889430.556889)

Problem: Solver convergence failure - Numerical problem encountered
Timestep chopped to 12.943546875 days


Starting time step 328, stepsize 12.9435 days, at day 40932.1/46021, date = 26-Jan-2136
 Newton its= 3, linearizations= 4 (1.3sec), linear its=  4 (4.9sec)

Starting time step 329, stepsize 16.1794 days, at day 40945/46021, date = 08-Feb-2136
 Newton its= 5, linearizations= 6 (2.1sec), linear its=  3 (6.9sec)

Starting time step 330, stepsize 35.5948 days, at day 40961.2/46021, date = 24-Feb-2136
 Newton its= 3, linearizations= 4 (1.4sec), linear its=  7 (6.4sec)

Starting time step 331, stepsize 106.784 days, at day 40996.8/46021, date = 30-Mar-2136
    Oscillating behavior detected: Relaxation set to 0.900000
    Oscillating behavior detected: Relaxation set to 0.800000
 Newton its= 7, linearizations= 8 (2.6sec), linear its= 10 (13.4sec)

Starting time step 332, stepsize 149.498 days, at day 41103.6/46021, date = 15-Jul-2136
 Newton its= 7, linearizations= 8 (2.8sec), linear its= 25 (21.1sec)

Starting time step 333, stepsize 209.297 days, at day 41253.1/46021, date = 12-Dec-2136
 Newton its= 6, linearizations= 7 (2.5sec), linear its= 26 (25.8sec)

Starting time step 334, stepsize 365.25 days, at day 41462.4/46021, date = 09-Jul-2137
    Oscillating behavior detected: Relaxation set to 0.900000
 Newton its=12, linearizations=13 (4.8sec), linear its= 31 (32.3sec)

Starting time step 335, stepsize 243.5 days, at day 41827.7/46021, date = 09-Jul-2138
    Oscillating behavior detected: Relaxation set to 0.900000
 Newton its=11, linearizations=12 (4.3sec), linear its= 22 (23.3sec)

Starting time step 336, stepsize 177.091 days, at day 42071.2/46021, date = 10-Mar-2139
 Newton its= 6, linearizations= 7 (2.5sec), linear its=  8 (15.9sec)

Starting time step 337, stepsize 318.764 days, at day 42248.2/46021, date = 03-Sep-2139
 Newton its= 6, linearizations= 7 (2.5sec), linear its= 15 (14.9sec)

Starting time step 338, stepsize 365.25 days, at day 42567/46021, date = 18-Jul-2140
    Oscillating behavior detected: Relaxation set to 0.900000
    Oscillating behavior detected: Relaxation set to 0.800000

Problem: Solver convergence failure - Iteration limit reached
Timestep chopped to 36.525 days


Starting time step 338, stepsize 36.525 days, at day 42567/46021, date = 18-Jul-2140
 Newton its= 2, linearizations= 3 (1.2sec), linear its=  4 (4.2sec)

Starting time step 339, stepsize 45.6562 days, at day 42603.5/46021, date = 23-Aug-2140
 Newton its= 3, linearizations= 4 (2.3sec), linear its=  8 (6.8sec)

Starting time step 340, stepsize 136.969 days, at day 42649.2/46021, date = 08-Oct-2140
 Newton its= 4, linearizations= 5 (1.7sec), linear its= 10 (15.2sec)

Starting time step 341, stepsize 356.119 days, at day 42786.2/46021, date = 22-Feb-2141
 Newton its= 6, linearizations= 7 (2.5sec), linear its= 13 (13.6sec)

Starting time step 342, stepsize 365.25 days, at day 43142.3/46021, date = 13-Feb-2142
 Newton its= 9, linearizations=10 (3.4sec), linear its= 37 (27.6sec)

Starting time step 343, stepsize 324.667 days, at day 43507.5/46021, date = 13-Feb-2143

Problem: Solver convergence failure - Numerical problem encountered
Timestep chopped to 32.46666666666667 days


Starting time step 343, stepsize 32.4667 days, at day 43507.5/46021, date = 13-Feb-2143
 Newton its= 3, linearizations= 4 (1.5sec), linear its=  6 (6.0sec)

Starting time step 344, stepsize 40.5833 days, at day 43540/46021, date = 17-Mar-2143
 Newton its= 3, linearizations= 4 (1.3sec), linear its=  7 (6.1sec)

Starting time step 345, stepsize 121.75 days, at day 43580.6/46021, date = 27-Apr-2143
    Oscillating behavior detected: Relaxation set to 0.900000
 Newton its= 8, linearizations= 9 (3.3sec), linear its= 18 (23.4sec)

Starting time step 346, stepsize 121.75 days, at day 43702.3/46021, date = 27-Aug-2143
 Newton its= 6, linearizations= 7 (2.5sec), linear its= 14 (14.5sec)

Starting time step 347, stepsize 219.15 days, at day 43824.1/46021, date = 27-Dec-2143
    Oscillating behavior detected: Relaxation set to 0.900000

Problem: Solver convergence failure - Iteration limit reached
Timestep chopped to 21.915 days


Starting time step 347, stepsize 21.915 days, at day 43824.1/46021, date = 27-Dec-2143
 Newton its= 2, linearizations= 3 (1.1sec), linear its=  4 (3.8sec)

Starting time step 348, stepsize 27.3938 days, at day 43846/46021, date = 17-Jan-2144
 Newton its= 3, linearizations= 4 (1.3sec), linear its=  7 (6.2sec)

Starting time step 349, stepsize 82.1813 days, at day 43873.4/46021, date = 14-Feb-2144
 Newton its= 6, linearizations= 7 (3.3sec), linear its= 15 (18.9sec)

Starting time step 350, stepsize 147.926 days, at day 43955.6/46021, date = 06-May-2144
 Newton its= 7, linearizations= 8 (2.5sec), linear its= 20 (17.0sec)

Starting time step 351, stepsize 207.097 days, at day 44103.5/46021, date = 01-Oct-2144
    Oscillating behavior detected: Relaxation set to 0.900000
 Newton its= 9, linearizations=10 (3.6sec), linear its= 28 (23.5sec)

Starting time step 352, stepsize 184.086 days, at day 44310.6/46021, date = 26-Apr-2145
 Newton its= 5, linearizations= 6 (2.0sec), linear its= 18 (15.3sec)

Starting time step 353, stepsize 365.25 days, at day 44494.7/46021, date = 27-Oct-2145

Problem: Solver convergence failure - Numerical problem encountered
Timestep chopped to 36.525 days


Starting time step 353, stepsize 36.525 days, at day 44494.7/46021, date = 27-Oct-2145
    Oscillating behavior detected: Relaxation set to 0.900000
 Newton its= 3, linearizations= 4 (1.4sec), linear its=  7 (6.3sec)

Starting time step 354, stepsize 45.6562 days, at day 44531.2/46021, date = 03-Dec-2145
 Newton its= 3, linearizations= 4 (1.3sec), linear its=  9 (7.3sec)

Starting time step 355, stepsize 136.969 days, at day 44576.9/46021, date = 17-Jan-2146
 Newton its= 6, linearizations= 7 (2.3sec), linear its= 11 (12.9sec)

Starting time step 356, stepsize 246.544 days, at day 44713.8/46021, date = 03-Jun-2146
 Newton its= 7, linearizations= 8 (2.7sec), linear its= 24 (19.2sec)

Starting time step 357, stepsize 345.161 days, at day 44960.4/46021, date = 05-Feb-2147
    Oscillating behavior detected: Relaxation set to 0.900000

Problem: Solver convergence failure - Numerical problem encountered
Timestep chopped to 34.516124999999995 days


Starting time step 357, stepsize 34.5161 days, at day 44960.4/46021, date = 05-Feb-2147
 Newton its= 3, linearizations= 4 (1.3sec), linear its=  5 (5.1sec)

Starting time step 358, stepsize 43.1452 days, at day 44994.9/46021, date = 11-Mar-2147
 Newton its= 4, linearizations= 5 (1.5sec), linear its= 11 (9.3sec)

Starting time step 359, stepsize 112.177 days, at day 45038/46021, date = 24-Apr-2147
 Newton its= 4, linearizations= 5 (1.6sec), linear its= 13 (11.4sec)

Starting time step 360, stepsize 291.661 days, at day 45150.2/46021, date = 14-Aug-2147
 Newton its= 7, linearizations= 8 (2.5sec), linear its= 17 (14.4sec)

Starting time step 361, stepsize 365.25 days, at day 45441.9/46021, date = 31-May-2148

Problem: Solver convergence failure - Numerical problem encountered
Timestep chopped to 36.525 days


Starting time step 361, stepsize 36.525 days, at day 45441.9/46021, date = 31-May-2148
 Newton its= 3, linearizations= 4 (1.2sec), linear its=  7 (6.3sec)

Starting time step 362, stepsize 45.6562 days, at day 45478.4/46021, date = 07-Jul-2148
    Oscillating behavior detected: Relaxation set to 0.900000
 Newton its= 3, linearizations= 4 (1.2sec), linear its=  7 (12.1sec)

Starting time step 363, stepsize 136.969 days, at day 45524/46021, date = 22-Aug-2148
 Newton its= 6, linearizations= 7 (2.1sec), linear its= 20 (14.8sec)

Starting time step 364, stepsize 179.991 days, at day 45661/46021, date = 06-Jan-2149
    Oscillating behavior detected: Relaxation set to 0.900000

Problem: Solver convergence failure - Iteration limit reached
Timestep chopped to 17.99911965515713 days


Starting time step 364, stepsize 17.9991 days, at day 45661/46021, date = 06-Jan-2149
 Newton its= 2, linearizations= 3 (0.9sec), linear its=  2 (3.2sec)

Starting time step 365, stepsize 22.4989 days, at day 45679/46021, date = 24-Jan-2149
 Newton its= 2, linearizations= 3 (1.0sec), linear its=  4 (4.2sec)

Starting time step 366, stepsize 67.4967 days, at day 45701.5/46021, date = 15-Feb-2149
 Newton its= 5, linearizations= 6 (2.1sec), linear its= 12 (12.1sec)

Starting time step 367, stepsize 148.493 days, at day 45769/46021, date = 24-Apr-2149
 Newton its= 6, linearizations= 7 (2.3sec), linear its= 12 (18.0sec)

Starting time step 368, stepsize 103.495 days, at day 45917.5/46021, date = 19-Sep-2149
 Newton its= 8, linearizations= 9 (2.8sec), linear its= 22 (20.6sec)


Report step 64/68 at day 46021/192118, date = 01-Jan-2150

Starting time step 0, stepsize 103.495 days, at day 46021/82545, date = 01-Jan-2150
Restart file written for report step 64/68, date = 01-Jan-2150 00:00:00
 Newton its= 4, linearizations= 5 (1.8sec), linear its= 10 (8.7sec)

Starting time step 1, stepsize 269.087 days, at day 46124.5/82545, date = 14-Apr-2150
 Newton its= 6, linearizations= 7 (2.5sec), linear its= 22 (17.5sec)

Starting time step 2, stepsize 365.25 days, at day 46393.6/82545, date = 08-Jan-2151
 Newton its= 8, linearizations= 9 (3.2sec), linear its= 30 (29.1sec)

Starting time step 3, stepsize 365.25 days, at day 46758.8/82545, date = 08-Jan-2152
    Oscillating behavior detected: Relaxation set to 0.900000

Problem: Solver convergence failure - Iteration limit reached
Timestep chopped to 36.525 days


Starting time step 3, stepsize 36.525 days, at day 46758.8/82545, date = 08-Jan-2152
 Newton its= 5, linearizations= 6 (2.1sec), linear its=  9 (11.6sec)

Starting time step 4, stepsize 45.6562 days, at day 46795.4/82545, date = 14-Feb-2152
 Newton its= 4, linearizations= 5 (1.7sec), linear its=  8 (7.8sec)

Starting time step 5, stepsize 118.706 days, at day 46841/82545, date = 31-Mar-2152
 Newton its= 4, linearizations= 5 (2.7sec), linear its= 13 (10.6sec)

Starting time step 6, stepsize 308.636 days, at day 46959.7/82545, date = 27-Jul-2152
    Oscillating behavior detected: Relaxation set to 0.900000
 Newton its=11, linearizations=12 (4.2sec), linear its= 33 (34.5sec)

Starting time step 7, stepsize 224.463 days, at day 47268.4/82545, date = 01-Jun-2153
 Newton its= 7, linearizations= 8 (2.6sec), linear its= 22 (19.6sec)

Starting time step 8, stepsize 314.248 days, at day 47492.8/82545, date = 11-Jan-2154
 Newton its=10, linearizations=11 (3.8sec), linear its= 32 (27.8sec)

Starting time step 9, stepsize 251.398 days, at day 47807.1/82545, date = 22-Nov-2154
 Newton its= 7, linearizations= 8 (2.8sec), linear its= 24 (26.3sec)

Starting time step 10, stepsize 351.958 days, at day 48058.5/82545, date = 31-Jul-2155
    Oscillating behavior detected: Relaxation set to 0.900000
    Oscillating behavior detected: Relaxation set to 0.800000

Problem: Solver convergence failure - Iteration limit reached
Timestep chopped to 35.19575563636363 days


Starting time step 10, stepsize 35.1958 days, at day 48058.5/82545, date = 31-Jul-2155
 Newton its= 3, linearizations= 4 (1.3sec), linear its=  8 (6.8sec)

Starting time step 11, stepsize 43.9947 days, at day 48093.7/82545, date = 04-Sep-2155
 Newton its= 3, linearizations= 4 (1.4sec), linear its= 10 (8.5sec)

Starting time step 12, stepsize 131.984 days, at day 48137.7/82545, date = 18-Oct-2155
 Newton its= 8, linearizations= 9 (3.2sec), linear its= 13 (16.2sec)

Starting time step 13, stepsize 131.984 days, at day 48269.6/82545, date = 27-Feb-2156
 Newton its= 5, linearizations= 6 (2.1sec), linear its= 15 (19.2sec)

Starting time step 14, stepsize 290.365 days, at day 48401.6/82545, date = 08-Jul-2156
    Oscillating behavior detected: Relaxation set to 0.900000
 Newton its=11, linearizations=12 (4.0sec), linear its= 32 (27.9sec)

Starting time step 15, stepsize 211.175 days, at day 48692/82545, date = 24-Apr-2157
 Newton its= 6, linearizations= 7 (2.3sec), linear its= 18 (14.9sec)

Starting time step 16, stepsize 365.25 days, at day 48903.2/82545, date = 22-Nov-2157

Problem: Solver convergence failure - Numerical problem encountered
Timestep chopped to 36.525 days


Starting time step 16, stepsize 36.525 days, at day 48903.2/82545, date = 22-Nov-2157
 Newton its= 3, linearizations= 4 (1.5sec), linear its=  5 (5.7sec)

Starting time step 17, stepsize 45.6562 days, at day 48939.7/82545, date = 28-Dec-2157
 Newton its= 3, linearizations= 4 (1.5sec), linear its=  5 (11.7sec)

Starting time step 18, stepsize 136.969 days, at day 48985.3/82545, date = 12-Feb-2158
 Newton its= 6, linearizations= 7 (2.4sec), linear its= 18 (15.1sec)

Starting time step 19, stepsize 246.544 days, at day 49122.3/82545, date = 29-Jun-2158
 Newton its= 6, linearizations= 7 (2.5sec), linear its= 21 (17.8sec)

Starting time step 20, stepsize 365.25 days, at day 49368.9/82545, date = 02-Mar-2159
 Newton its= 6, linearizations= 7 (2.6sec), linear its= 21 (16.5sec)

Starting time step 21, stepsize 365.25 days, at day 49734.1/82545, date = 02-Mar-2160
    Oscillating behavior detected: Relaxation set to 0.900000
    Oscillating behavior detected: Relaxation set to 0.800000

Problem: Solver convergence failure - Iteration limit reached
Timestep chopped to 36.525 days


Starting time step 21, stepsize 36.525 days, at day 49734.1/82545, date = 02-Mar-2160
 Newton its= 4, linearizations= 5 (1.9sec), linear its=  8 (7.9sec)

Starting time step 22, stepsize 45.6562 days, at day 49770.6/82545, date = 07-Apr-2160
 Newton its= 4, linearizations= 5 (1.7sec), linear its=  9 (8.5sec)

Starting time step 23, stepsize 118.706 days, at day 49816.3/82545, date = 23-May-2160
 Newton its= 6, linearizations= 7 (2.5sec), linear its= 14 (14.6sec)

Starting time step 24, stepsize 213.671 days, at day 49935/82545, date = 18-Sep-2160
 Newton its= 8, linearizations= 9 (3.2sec), linear its= 18 (19.2sec)

Starting time step 25, stepsize 213.671 days, at day 50148.7/82545, date = 20-Apr-2161
 Newton its= 6, linearizations= 7 (2.7sec), linear its= 24 (19.0sec)

Starting time step 26, stepsize 365.25 days, at day 50362.3/82545, date = 20-Nov-2161

Problem: Solver convergence failure - Iteration limit reached
Timestep chopped to 36.525 days


Starting time step 26, stepsize 36.525 days, at day 50362.3/82545, date = 20-Nov-2161
 Newton its= 3, linearizations= 4 (1.5sec), linear its=  3 (4.7sec)

Starting time step 27, stepsize 45.6562 days, at day 50398.9/82545, date = 26-Dec-2161
 Newton its= 5, linearizations= 6 (2.3sec), linear its= 11 (11.2sec)

Starting time step 28, stepsize 100.444 days, at day 50444.5/82545, date = 10-Feb-2162
 Newton its= 4, linearizations= 5 (1.9sec), linear its= 14 (11.2sec)

Starting time step 29, stepsize 261.154 days, at day 50545/82545, date = 21-May-2162
 Newton its=12, linearizations=13 (4.6sec), linear its= 30 (34.9sec)

Starting time step 30, stepsize 174.102 days, at day 50806.1/82545, date = 07-Feb-2163
 Newton its= 7, linearizations= 8 (3.8sec), linear its= 25 (20.4sec)

Starting time step 31, stepsize 243.743 days, at day 50980.2/82545, date = 31-Jul-2163
 Newton its=12, linearizations=13 (5.5sec), linear its= 30 (27.9sec)

Starting time step 32, stepsize 162.496 days, at day 51224/82545, date = 30-Mar-2164
    Oscillating behavior detected: Relaxation set to 0.900000
    Oscillating behavior detected: Relaxation set to 0.800000
 Newton its=11, linearizations=12 (4.4sec), linear its= 28 (32.4sec)

Starting time step 33, stepsize 118.179 days, at day 51386.5/82545, date = 09-Sep-2164
 Newton its= 6, linearizations= 7 (2.4sec), linear its=  9 (11.4sec)

Starting time step 34, stepsize 212.722 days, at day 51504.6/82545, date = 05-Jan-2165
    Oscillating behavior detected: Relaxation set to 0.900000

Problem: Solver convergence failure - Iteration limit reached
Timestep chopped to 21.27216 days


Starting time step 34, stepsize 21.2722 days, at day 51504.6/82545, date = 05-Jan-2165
 Newton its= 2, linearizations= 3 (1.1sec), linear its=  4 (3.6sec)

Starting time step 35, stepsize 26.5902 days, at day 51525.9/82545, date = 26-Jan-2165
 Newton its= 2, linearizations= 3 (1.1sec), linear its=  4 (4.1sec)

Starting time step 36, stepsize 79.7706 days, at day 51552.5/82545, date = 22-Feb-2165
    Oscillating behavior detected: Relaxation set to 0.900000
 Newton its=12, linearizations=13 (4.4sec), linear its= 28 (32.1sec)

Starting time step 37, stepsize 53.1804 days, at day 51632.3/82545, date = 13-May-2165
 Newton its= 2, linearizations= 3 (1.1sec), linear its=  4 (3.9sec)

Starting time step 38, stepsize 159.541 days, at day 51685.4/82545, date = 05-Jul-2165
 Newton its= 6, linearizations= 7 (2.7sec), linear its=  9 (11.8sec)

Starting time step 39, stepsize 287.174 days, at day 51845/82545, date = 11-Dec-2165
    Oscillating behavior detected: Relaxation set to 0.900000

Problem: Solver convergence failure - Iteration limit reached
Timestep chopped to 28.717416 days


Starting time step 39, stepsize 28.7174 days, at day 51845/82545, date = 11-Dec-2165
 Newton its= 3, linearizations= 4 (1.5sec), linear its=  6 (5.9sec)

Starting time step 40, stepsize 35.8968 days, at day 51873.7/82545, date = 09-Jan-2166
 Newton its= 4, linearizations= 5 (1.7sec), linear its=  7 (8.5sec)

Starting time step 41, stepsize 93.3316 days, at day 51909.6/82545, date = 14-Feb-2166
 Newton its= 4, linearizations= 5 (1.7sec), linear its= 11 (9.0sec)

Starting time step 42, stepsize 242.662 days, at day 52002.9/82545, date = 18-May-2166
 Newton its= 8, linearizations= 9 (2.9sec), linear its= 23 (20.6sec)

Starting time step 43, stepsize 242.662 days, at day 52245.6/82545, date = 16-Jan-2167
    Oscillating behavior detected: Relaxation set to 0.900000
 Newton its=11, linearizations=12 (4.1sec), linear its= 26 (30.3sec)

Starting time step 44, stepsize 176.482 days, at day 52488.3/82545, date = 16-Sep-2167
 Newton its= 7, linearizations= 8 (2.9sec), linear its= 19 (17.1sec)

Starting time step 45, stepsize 247.074 days, at day 52664.7/82545, date = 10-Mar-2168
 Newton its= 9, linearizations=10 (3.5sec), linear its= 20 (17.5sec)

Starting time step 46, stepsize 219.622 days, at day 52911.8/82545, date = 12-Nov-2168

Problem: Solver convergence failure - Numerical problem encountered
Timestep chopped to 21.96215151709091 days


Starting time step 46, stepsize 21.9622 days, at day 52911.8/82545, date = 12-Nov-2168
 Newton its= 2, linearizations= 3 (2.1sec), linear its=  5 (4.4sec)

Starting time step 47, stepsize 27.4527 days, at day 52933.8/82545, date = 04-Dec-2168
 Newton its= 3, linearizations= 4 (1.5sec), linear its=  7 (11.3sec)

Starting time step 48, stepsize 82.3581 days, at day 52961.2/82545, date = 01-Jan-2169
 Newton its= 6, linearizations= 7 (2.5sec), linear its= 14 (12.9sec)

Starting time step 49, stepsize 148.245 days, at day 53043.6/82545, date = 24-Mar-2169
    Oscillating behavior detected: Relaxation set to 0.900000
 Newton its= 8, linearizations= 9 (3.2sec), linear its= 40 (28.6sec)

Starting time step 50, stepsize 148.245 days, at day 53191.8/82545, date = 19-Aug-2169
 Newton its= 5, linearizations= 6 (2.1sec), linear its= 21 (14.7sec)

Starting time step 51, stepsize 326.138 days, at day 53340.1/82545, date = 15-Jan-2170
    Oscillating behavior detected: Relaxation set to 0.900000

Warning: Density of water is only implemented for temperatures below 647K and pressures below 100MPa. (T = 378.150000, p=138129967.951849)

Warning: Density of water is only implemented for temperatures below 647K and pressures below 100MPa. (T = 378.150000, p=138164191.654853)

Warning: Density of water is only implemented for temperatures below 647K and pressures below 100MPa. (T = 378.150000, p=138206339.352561)

Warning: Density of water is only implemented for temperatures below 647K and pressures below 100MPa. (T = 378.150000, p=138256458.555434)

Warning: Density of water is only implemented for temperatures below 647K and pressures below 100MPa. (T = 378.150000, p=138314584.708022)

Warning: Density of water is only implemented for temperatures below 647K and pressures below 100MPa. (T = 378.150000, p=102295428.659137)

Warning: Density of water is only implemented for temperatures below 647K and pressures below 100MPa. (T = 378.150000, p=138381493.825808)

Warning: Density of water is only implemented for temperatures below 647K and pressures below 100MPa. (T = 378.150000, p=111084223.282470)

Warning: Density of water is only implemented for temperatures below 647K and pressures below 100MPa. (T = 378.150000, p=138456534.433174)

Warning: Density of water is only implemented for temperatures below 647K and pressures below 100MPa. (T = 378.150000, p=120075979.898839)

Warning: Density of water is only implemented for temperatures below 647K and pressures below 100MPa. (T = 378.150000, p=138539695.341886)

Warning: Density of water is only implemented for temperatures below 647K and pressures below 100MPa. (T = 378.150000, p=129311770.765405)

Warning: Density of water is only implemented for temperatures below 647K and pressures below 100MPa. (T = 378.150000, p=138630785.383379)

Warning: Density of water is only implemented for temperatures below 647K and pressures below 100MPa. (T = 378.150000, p=102958236.603706)

Warning: Density of water is only implemented for temperatures below 647K and pressures below 100MPa. (T = 378.150000, p=138792404.859430)

Warning: Density of water is only implemented for temperatures below 647K and pressures below 100MPa. (T = 378.150000, p=138729720.726781)

Warning: Density of water is only implemented for temperatures below 647K and pressures below 100MPa. (T = 378.150000, p=125447142.127410)

Warning: Density of water is only implemented for temperatures below 647K and pressures below 100MPa. (T = 378.150000, p=139264281.831005)

Warning: Density of water is only implemented for temperatures below 647K and pressures below 100MPa. (T = 378.150000, p=138836738.221362)

Warning: Density of water is only implemented for temperatures below 647K and pressures below 100MPa. (T = 378.150000, p=138450745.286003)

Warning: Density of water is only implemented for temperatures below 647K and pressures below 100MPa. (T = 378.150000, p=139559066.957940)

Warning: Density of water is only implemented for temperatures below 647K and pressures below 100MPa. (T = 378.150000, p=139431944.676604)

Warning: Density of water is only implemented for temperatures below 647K and pressures below 100MPa. (T = 378.150000, p=104738041.958840)

Warning: Density of water is only implemented for temperatures below 647K and pressures below 100MPa. (T = 378.150000, p=140363172.838529)

Warning: Density of water is only implemented for temperatures below 647K and pressures below 100MPa. (T = 378.150000, p=139883110.325925)

Warning: Density of water is only implemented for temperatures below 647K and pressures below 100MPa. (T = 378.150000, p=107407406.446862)

Warning: Density of water is only implemented for temperatures below 647K and pressures below 100MPa. (T = 378.150000, p=107512725.029324)

Warning: Density of water is only implemented for temperatures below 647K and pressures below 100MPa. (T = 378.150000, p=107706023.812727)

Warning: Density of water is only implemented for temperatures below 647K and pressures below 100MPa. (T = 378.150000, p=107986908.038546)

Warning: Density of water is only implemented for temperatures below 647K and pressures below 100MPa. (T = 378.150000, p=108355234.065025)

Warning: Density of water is only implemented for temperatures below 647K and pressures below 100MPa. (T = 378.150000, p=108792584.252934)

Warning: Density of water is only implemented for temperatures below 647K and pressures below 100MPa. (T = 378.150000, p=107235064.236081)

Warning: Density of water is only implemented for temperatures below 647K and pressures below 100MPa. (T = 378.150000, p=109320347.626875)

Warning: Density of water is only implemented for temperatures below 647K and pressures below 100MPa. (T = 378.150000, p=113859863.898878)

Warning: Density of water is only implemented for temperatures below 647K and pressures below 100MPa. (T = 378.150000, p=116075619.427863)

Warning: Density of water is only implemented for temperatures below 647K and pressures below 100MPa. (T = 378.150000, p=109941824.196110)

Warning: Density of water is only implemented for temperatures below 647K and pressures below 100MPa. (T = 378.150000, p=142897535.909250)

Warning: Density of water is only implemented for temperatures below 647K and pressures below 100MPa. (T = 378.150000, p=125074338.191560)

Warning: Density of water is only implemented for temperatures below 647K and pressures below 100MPa. (T = 378.150000, p=106926850.543167)

Warning: Density of water is only implemented for temperatures below 647K and pressures below 100MPa. (T = 378.150000, p=110659298.077379)

Warning: Density of water is only implemented for temperatures below 647K and pressures below 100MPa. (T = 378.150000, p=162681215.474275)

Warning: Density of water is only implemented for temperatures below 647K and pressures below 100MPa. (T = 378.150000, p=134240185.185666)

Warning: Density of water is only implemented for temperatures below 647K and pressures below 100MPa. (T = 378.150000, p=135481617.901381)

Warning: Density of water is only implemented for temperatures below 647K and pressures below 100MPa. (T = 378.150000, p=111475651.658576)

Warning: Density of water is only implemented for temperatures below 647K and pressures below 100MPa. (T = 378.150000, p=144145566.907221)

Warning: Density of water is only implemented for temperatures below 647K and pressures below 100MPa. (T = 378.150000, p=142686703.059284)

Warning: Density of water is only implemented for temperatures below 647K and pressures below 100MPa. (T = 378.150000, p=161638209.911793)

Warning: Density of water is only implemented for temperatures below 647K and pressures below 100MPa. (T = 378.150000, p=112396679.912723)

Warning: Density of water is only implemented for temperatures below 647K and pressures below 100MPa. (T = 378.150000, p=124990736.458213)

Warning: Density of water is only implemented for temperatures below 647K and pressures below 100MPa. (T = 378.150000, p=151363450.777938)

Warning: Density of water is only implemented for temperatures below 647K and pressures below 100MPa. (T = 378.150000, p=167315566.686929)

Warning: Density of water is only implemented for temperatures below 647K and pressures below 100MPa. (T = 378.150000, p=148544776.431394)

Warning: Density of water is only implemented for temperatures below 647K and pressures below 100MPa. (T = 378.150000, p=152312801.532779)

Warning: Density of water is only implemented for temperatures below 647K and pressures below 100MPa. (T = 378.150000, p=115303903.002571)

Warning: Density of water is only implemented for temperatures below 647K and pressures below 100MPa. (T = 378.150000, p=122429065.711508)

Warning: Density of water is only implemented for temperatures below 647K and pressures below 100MPa. (T = 378.150000, p=149484116.809172)

Problem: Solver convergence failure - Numerical problem encountered
Timestep chopped to 32.61379500288001 days


Starting time step 51, stepsize 32.6138 days, at day 53340.1/82545, date = 15-Jan-2170
 Newton its= 4, linearizations= 5 (1.6sec), linear its= 10 (15.6sec)

Starting time step 52, stepsize 40.7672 days, at day 53372.7/82545, date = 16-Feb-2170
 Newton its= 4, linearizations= 5 (1.6sec), linear its= 10 (8.8sec)

Starting time step 53, stepsize 105.995 days, at day 53413.5/82545, date = 29-Mar-2170
 Newton its= 5, linearizations= 6 (2.0sec), linear its= 14 (12.2sec)

Starting time step 54, stepsize 233.189 days, at day 53519.5/82545, date = 13-Jul-2170
 Newton its= 5, linearizations= 6 (2.0sec), linear its= 12 (12.5sec)

Starting time step 55, stepsize 365.25 days, at day 53752.6/82545, date = 03-Mar-2171
    Oscillating behavior detected: Relaxation set to 0.900000

Problem: Solver convergence failure - Iteration limit reached
Timestep chopped to 36.525 days


Starting time step 55, stepsize 36.525 days, at day 53752.6/82545, date = 03-Mar-2171
 Newton its= 3, linearizations= 4 (1.4sec), linear its=  7 (12.3sec)

Starting time step 56, stepsize 45.6562 days, at day 53789.2/82545, date = 09-Apr-2171
 Newton its= 3, linearizations= 4 (1.4sec), linear its= 10 (7.6sec)

Starting time step 57, stepsize 136.969 days, at day 53834.8/82545, date = 24-May-2171
 Newton its= 4, linearizations= 5 (1.7sec), linear its= 18 (12.5sec)

Starting time step 58, stepsize 356.119 days, at day 53971.8/82545, date = 08-Oct-2171
 Newton its= 7, linearizations= 8 (2.6sec), linear its= 28 (21.1sec)

Starting time step 59, stepsize 365.25 days, at day 54327.9/82545, date = 28-Sep-2172
    Oscillating behavior detected: Relaxation set to 0.900000
    Oscillating behavior detected: Relaxation set to 0.800000

Problem: Solver convergence failure - Iteration limit reached
Timestep chopped to 36.525 days


Starting time step 59, stepsize 36.525 days, at day 54327.9/82545, date = 28-Sep-2172
 Newton its= 4, linearizations= 5 (1.7sec), linear its=  9 (13.8sec)

Starting time step 60, stepsize 45.6562 days, at day 54364.4/82545, date = 04-Nov-2172
 Newton its= 2, linearizations= 3 (1.0sec), linear its=  7 (4.8sec)

Starting time step 61, stepsize 136.969 days, at day 54410.1/82545, date = 20-Dec-2172
 Newton its= 5, linearizations= 6 (2.1sec), linear its=  8 (8.5sec)

Starting time step 62, stepsize 301.331 days, at day 54547.1/82545, date = 06-May-2173
 Newton its= 6, linearizations= 7 (3.3sec), linear its= 24 (17.4sec)

Starting time step 63, stepsize 365.25 days, at day 54848.4/82545, date = 03-Mar-2174
 Newton its= 7, linearizations= 8 (2.6sec), linear its= 21 (18.5sec)

Starting time step 64, stepsize 365.25 days, at day 55213.6/82545, date = 03-Mar-2175
 Newton its= 7, linearizations= 8 (2.7sec), linear its= 15 (14.3sec)

Starting time step 65, stepsize 365.25 days, at day 55578.9/82545, date = 02-Mar-2176
 Newton its= 7, linearizations= 8 (2.7sec), linear its= 22 (24.8sec)

Starting time step 66, stepsize 365.25 days, at day 55944.1/82545, date = 03-Mar-2177
    Oscillating behavior detected: Relaxation set to 0.900000
 Newton its= 7, linearizations= 8 (2.6sec), linear its= 20 (17.6sec)

Starting time step 67, stepsize 365.25 days, at day 56309.4/82545, date = 03-Mar-2178
 Newton its= 7, linearizations= 8 (2.8sec), linear its= 20 (16.8sec)

Starting time step 68, stepsize 365.25 days, at day 56674.6/82545, date = 03-Mar-2179
 Newton its= 7, linearizations= 8 (2.8sec), linear its= 15 (15.7sec)

Starting time step 69, stepsize 365.25 days, at day 57039.9/82545, date = 02-Mar-2180
 Newton its= 6, linearizations= 7 (2.4sec), linear its= 24 (25.1sec)

Starting time step 70, stepsize 365.25 days, at day 57405.1/82545, date = 03-Mar-2181
 Newton its= 6, linearizations= 7 (2.3sec), linear its= 15 (13.5sec)

Starting time step 71, stepsize 365.25 days, at day 57770.4/82545, date = 03-Mar-2182
 Newton its= 9, linearizations=10 (3.5sec), linear its= 25 (21.8sec)

Starting time step 72, stepsize 324.667 days, at day 58135.6/82545, date = 03-Mar-2183
 Newton its= 8, linearizations= 9 (2.9sec), linear its= 21 (20.0sec)

Starting time step 73, stepsize 324.667 days, at day 58460.3/82545, date = 22-Jan-2184
    Oscillating behavior detected: Relaxation set to 0.900000
 Newton its= 8, linearizations= 9 (3.1sec), linear its= 31 (29.5sec)

Starting time step 74, stepsize 324.667 days, at day 58785/82545, date = 11-Dec-2184
 Newton its= 5, linearizations= 6 (2.1sec), linear its= 16 (14.1sec)

Starting time step 75, stepsize 365.25 days, at day 59109.6/82545, date = 01-Nov-2185
    Oscillating behavior detected: Relaxation set to 0.900000

Problem: Solver convergence failure - Iteration limit reached
Timestep chopped to 36.525 days


Starting time step 75, stepsize 36.525 days, at day 59109.6/82545, date = 01-Nov-2185
 Newton its= 3, linearizations= 4 (1.4sec), linear its=  9 (6.8sec)

Starting time step 76, stepsize 45.6562 days, at day 59146.2/82545, date = 08-Dec-2185
 Newton its= 4, linearizations= 5 (1.9sec), linear its= 10 (8.6sec)

Starting time step 77, stepsize 118.706 days, at day 59191.8/82545, date = 22-Jan-2186
 Newton its= 4, linearizations= 5 (1.7sec), linear its= 17 (19.0sec)

Starting time step 78, stepsize 308.636 days, at day 59310.5/82545, date = 21-May-2186

Problem: Solver convergence failure - Numerical problem encountered
Timestep chopped to 30.863625000000003 days


Starting time step 78, stepsize 30.8636 days, at day 59310.5/82545, date = 21-May-2186
 Newton its= 2, linearizations= 3 (1.0sec), linear its=  4 (4.0sec)

Starting time step 79, stepsize 38.5795 days, at day 59341.4/82545, date = 21-Jun-2186
 Newton its= 3, linearizations= 4 (1.3sec), linear its= 10 (7.7sec)

Starting time step 80, stepsize 115.739 days, at day 59380/82545, date = 29-Jul-2186

Problem: Solver convergence failure - Iteration limit reached
Timestep chopped to 11.573859375000001 days


Starting time step 80, stepsize 11.5739 days, at day 59380/82545, date = 29-Jul-2186
 Newton its= 1, linearizations= 2 (0.8sec), linear its=  2 (2.0sec)

Starting time step 81, stepsize 14.4673 days, at day 59391.5/82545, date = 10-Aug-2186
 Newton its= 2, linearizations= 3 (1.2sec), linear its=  2 (8.9sec)

Starting time step 82, stepsize 43.402 days, at day 59406/82545, date = 25-Aug-2186
 Newton its= 2, linearizations= 3 (1.0sec), linear its=  4 (3.8sec)

Starting time step 83, stepsize 130.206 days, at day 59449.4/82545, date = 07-Oct-2186
 Newton its= 7, linearizations= 8 (3.8sec), linear its= 19 (17.1sec)

Starting time step 84, stepsize 182.288 days, at day 59579.6/82545, date = 14-Feb-2187
 Newton its= 6, linearizations= 7 (2.6sec), linear its= 12 (12.4sec)

Starting time step 85, stepsize 328.119 days, at day 59761.9/82545, date = 15-Aug-2187
 Newton its=11, linearizations=12 (4.0sec), linear its= 28 (26.6sec)

Starting time step 86, stepsize 238.632 days, at day 60090/82545, date = 09-Jul-2188
 Newton its= 4, linearizations= 5 (1.8sec), linear its= 17 (18.9sec)

Starting time step 87, stepsize 365.25 days, at day 60328.7/82545, date = 04-Mar-2189
 Newton its= 7, linearizations= 8 (3.7sec), linear its= 19 (16.0sec)

Starting time step 88, stepsize 365.25 days, at day 60693.9/82545, date = 04-Mar-2190
    Oscillating behavior detected: Relaxation set to 0.900000
 Newton its= 8, linearizations= 9 (3.0sec), linear its= 26 (20.3sec)

Starting time step 89, stepsize 365.25 days, at day 61059.2/82545, date = 05-Mar-2191
 Newton its= 9, linearizations=10 (4.6sec), linear its= 27 (21.8sec)

Starting time step 90, stepsize 324.667 days, at day 61424.4/82545, date = 04-Mar-2192
 Newton its= 7, linearizations= 8 (2.8sec), linear its= 16 (22.3sec)

Starting time step 91, stepsize 365.25 days, at day 61749.1/82545, date = 23-Jan-2193
    Oscillating behavior detected: Relaxation set to 0.900000
 Newton its=11, linearizations=12 (4.1sec), linear its= 35 (30.0sec)

Starting time step 92, stepsize 265.636 days, at day 62114.3/82545, date = 23-Jan-2194
    Oscillating behavior detected: Relaxation set to 0.900000
    Oscillating behavior detected: Relaxation set to 0.800000

Problem: Solver convergence failure - Iteration limit reached
Timestep chopped to 26.563636363636363 days


Starting time step 92, stepsize 26.5636 days, at day 62114.3/82545, date = 23-Jan-2194
 Newton its= 4, linearizations= 5 (1.7sec), linear its=  8 (7.6sec)

Starting time step 93, stepsize 33.2045 days, at day 62140.9/82545, date = 18-Feb-2194
 Newton its= 2, linearizations= 3 (1.0sec), linear its=  3 (9.0sec)

Starting time step 94, stepsize 99.6136 days, at day 62174.1/82545, date = 24-Mar-2194
 Newton its= 3, linearizations= 4 (1.6sec), linear its=  8 (8.5sec)

Starting time step 95, stepsize 298.841 days, at day 62273.7/82545, date = 01-Jul-2194
    Oscillating behavior detected: Relaxation set to 0.900000
 Newton its= 7, linearizations= 8 (2.9sec), linear its= 19 (17.8sec)

Starting time step 96, stepsize 365.25 days, at day 62572.6/82545, date = 26-Apr-2195
    Oscillating behavior detected: Relaxation set to 0.900000
    Oscillating behavior detected: Relaxation set to 0.800000
 Newton its=12, linearizations=13 (4.9sec), linear its= 24 (26.7sec)

Starting time step 97, stepsize 243.5 days, at day 62937.8/82545, date = 25-Apr-2196
 Newton its= 5, linearizations= 6 (2.3sec), linear its= 15 (14.5sec)

Starting time step 98, stepsize 365.25 days, at day 63181.3/82545, date = 25-Dec-2196
 Newton its= 9, linearizations=10 (3.8sec), linear its= 24 (29.9sec)

Starting time step 99, stepsize 324.667 days, at day 63546.6/82545, date = 25-Dec-2197
 Newton its= 7, linearizations= 8 (2.8sec), linear its= 24 (20.6sec)

Starting time step 100, stepsize 365.25 days, at day 63871.2/82545, date = 15-Nov-2198
 Newton its= 5, linearizations= 6 (2.1sec), linear its= 17 (13.8sec)

Starting time step 101, stepsize 365.25 days, at day 64236.5/82545, date = 15-Nov-2199
 Newton its= 7, linearizations= 8 (2.9sec), linear its= 16 (17.1sec)

Starting time step 102, stepsize 365.25 days, at day 64601.7/82545, date = 15-Nov-2200

Problem: Solver convergence failure - Iteration limit reached
Timestep chopped to 36.525 days


Starting time step 102, stepsize 36.525 days, at day 64601.7/82545, date = 15-Nov-2200
 Newton its= 3, linearizations= 4 (1.3sec), linear its=  7 (6.8sec)

Starting time step 103, stepsize 45.6562 days, at day 64638.2/82545, date = 22-Dec-2200
 Newton its= 3, linearizations= 4 (1.6sec), linear its=  4 (4.7sec)

Starting time step 104, stepsize 136.969 days, at day 64683.9/82545, date = 05-Feb-2201
 Newton its= 4, linearizations= 5 (1.7sec), linear its=  9 (8.7sec)

Starting time step 105, stepsize 356.119 days, at day 64820.9/82545, date = 22-Jun-2201
    Oscillating behavior detected: Relaxation set to 0.900000

Problem: Solver convergence failure - Numerical problem encountered
Timestep chopped to 35.611875 days


Starting time step 105, stepsize 35.6119 days, at day 64820.9/82545, date = 22-Jun-2201
 Newton its= 3, linearizations= 4 (2.3sec), linear its=  7 (12.2sec)

Starting time step 106, stepsize 44.5148 days, at day 64856.5/82545, date = 28-Jul-2201
 Newton its= 3, linearizations= 4 (1.5sec), linear its=  9 (7.2sec)

Starting time step 107, stepsize 133.545 days, at day 64901/82545, date = 10-Sep-2201
 Newton its= 6, linearizations= 7 (2.3sec), linear its= 13 (12.7sec)

Starting time step 108, stepsize 240.38 days, at day 65034.5/82545, date = 22-Jan-2202
 Newton its= 8, linearizations= 9 (4.3sec), linear its= 13 (14.2sec)

Starting time step 109, stepsize 240.38 days, at day 65274.9/82545, date = 19-Sep-2202
 Newton its= 5, linearizations= 6 (2.3sec), linear its= 20 (16.0sec)

Starting time step 110, stepsize 365.25 days, at day 65515.3/82545, date = 18-May-2203
    Oscillating behavior detected: Relaxation set to 0.900000
 Newton its=10, linearizations=11 (3.8sec), linear its= 26 (28.4sec)

Starting time step 111, stepsize 292.2 days, at day 65880.5/82545, date = 17-May-2204
 Newton its= 6, linearizations= 7 (2.7sec), linear its= 21 (18.4sec)

Starting time step 112, stepsize 365.25 days, at day 66172.7/82545, date = 05-Mar-2205
 Newton its= 9, linearizations=10 (3.6sec), linear its= 24 (21.5sec)

Starting time step 113, stepsize 324.667 days, at day 66538/82545, date = 05-Mar-2206
 Newton its= 7, linearizations= 8 (2.8sec), linear its= 30 (22.7sec)

Starting time step 114, stepsize 365.25 days, at day 66862.7/82545, date = 24-Jan-2207
 Newton its= 7, linearizations= 8 (2.7sec), linear its= 25 (25.5sec)

Starting time step 115, stepsize 365.25 days, at day 67227.9/82545, date = 24-Jan-2208
    Oscillating behavior detected: Relaxation set to 0.900000

Problem: Solver convergence failure - Iteration limit reached
Timestep chopped to 36.525 days


Starting time step 115, stepsize 36.525 days, at day 67227.9/82545, date = 24-Jan-2208
 Newton its= 3, linearizations= 4 (1.5sec), linear its= 10 (7.1sec)

Starting time step 116, stepsize 45.6562 days, at day 67264.4/82545, date = 01-Mar-2208
 Newton its= 2, linearizations= 3 (1.2sec), linear its=  5 (4.1sec)

Starting time step 117, stepsize 136.969 days, at day 67310.1/82545, date = 16-Apr-2208
 Newton its= 5, linearizations= 6 (2.0sec), linear its= 16 (13.5sec)

Starting time step 118, stepsize 301.331 days, at day 67447.1/82545, date = 31-Aug-2208
 Newton its= 6, linearizations= 7 (2.5sec), linear its= 10 (15.5sec)

Starting time step 119, stepsize 365.25 days, at day 67748.4/82545, date = 28-Jun-2209
 Newton its= 6, linearizations= 7 (2.3sec), linear its= 20 (16.2sec)

Starting time step 120, stepsize 365.25 days, at day 68113.6/82545, date = 28-Jun-2210
    Oscillating behavior detected: Relaxation set to 0.900000
    Oscillating behavior detected: Relaxation set to 0.800000

Problem: Solver convergence failure - Iteration limit reached
Timestep chopped to 36.525 days


Starting time step 120, stepsize 36.525 days, at day 68113.6/82545, date = 28-Jun-2210
 Newton its= 3, linearizations= 4 (1.4sec), linear its=  5 (5.6sec)

Starting time step 121, stepsize 45.6562 days, at day 68150.2/82545, date = 04-Aug-2210
 Newton its= 2, linearizations= 3 (1.0sec), linear its=  4 (3.6sec)

Starting time step 122, stepsize 136.969 days, at day 68195.8/82545, date = 18-Sep-2210
 Newton its= 5, linearizations= 6 (2.1sec), linear its= 15 (12.9sec)

Starting time step 123, stepsize 301.331 days, at day 68332.8/82545, date = 02-Feb-2211
 Newton its= 7, linearizations= 8 (2.8sec), linear its= 19 (22.8sec)

Starting time step 124, stepsize 365.25 days, at day 68634.1/82545, date = 01-Dec-2211
 Newton its= 7, linearizations= 8 (2.6sec), linear its= 27 (20.0sec)

Starting time step 125, stepsize 365.25 days, at day 68999.4/82545, date = 30-Nov-2212
    Oscillating behavior detected: Relaxation set to 0.900000
    Oscillating behavior detected: Relaxation set to 0.800000

Problem: Solver convergence failure - Iteration limit reached
Timestep chopped to 36.525 days


Starting time step 125, stepsize 36.525 days, at day 68999.4/82545, date = 30-Nov-2212
    Oscillating behavior detected: Relaxation set to 0.900000
 Newton its= 4, linearizations= 5 (2.7sec), linear its=  6 (12.5sec)

Starting time step 126, stepsize 45.6562 days, at day 69035.9/82545, date = 05-Jan-2213
 Newton its= 2, linearizations= 3 (1.0sec), linear its=  5 (4.4sec)

Starting time step 127, stepsize 136.969 days, at day 69081.6/82545, date = 20-Feb-2213
 Newton its= 5, linearizations= 6 (1.9sec), linear its=  9 (9.1sec)

Starting time step 128, stepsize 301.331 days, at day 69218.5/82545, date = 07-Jul-2213
 Newton its= 9, linearizations=10 (3.5sec), linear its= 21 (20.8sec)

Starting time step 129, stepsize 267.85 days, at day 69519.9/82545, date = 04-May-2214
 Newton its= 7, linearizations= 8 (2.6sec), linear its= 33 (23.3sec)

Starting time step 130, stepsize 365.25 days, at day 69787.7/82545, date = 27-Jan-2215

Problem: Solver convergence failure - Numerical problem encountered
Timestep chopped to 36.525 days


Starting time step 130, stepsize 36.525 days, at day 69787.7/82545, date = 27-Jan-2215
 Newton its= 2, linearizations= 3 (0.9sec), linear its=  3 (3.1sec)

Starting time step 131, stepsize 45.6562 days, at day 69824.2/82545, date = 05-Mar-2215
 Newton its= 2, linearizations= 3 (1.0sec), linear its=  5 (3.7sec)

Starting time step 132, stepsize 136.969 days, at day 69869.9/82545, date = 19-Apr-2215
 Newton its= 5, linearizations= 6 (1.9sec), linear its= 15 (12.6sec)

Starting time step 133, stepsize 301.331 days, at day 70006.9/82545, date = 03-Sep-2215

Problem: Solver convergence failure - Numerical problem encountered
Timestep chopped to 30.133125000000007 days


Starting time step 133, stepsize 30.1331 days, at day 70006.9/82545, date = 03-Sep-2215
 Newton its= 3, linearizations= 4 (1.4sec), linear its=  5 (5.3sec)

Starting time step 134, stepsize 37.6664 days, at day 70037/82545, date = 03-Oct-2215
 Newton its= 3, linearizations= 4 (1.3sec), linear its=  4 (4.7sec)

Starting time step 135, stepsize 112.999 days, at day 70074.7/82545, date = 10-Nov-2215
 Newton its= 3, linearizations= 4 (1.5sec), linear its=  6 (5.8sec)

Starting time step 136, stepsize 338.998 days, at day 70187.7/82545, date = 02-Mar-2216
    Oscillating behavior detected: Relaxation set to 0.900000
 Newton its=12, linearizations=13 (4.5sec), linear its= 35 (35.9sec)

Starting time step 137, stepsize 225.998 days, at day 70526.7/82545, date = 04-Feb-2217
 Newton its= 5, linearizations= 6 (1.9sec), linear its= 16 (13.0sec)

Starting time step 138, stepsize 365.25 days, at day 70752.7/82545, date = 18-Sep-2217
 Newton its= 5, linearizations= 6 (2.0sec), linear its= 25 (18.9sec)

Starting time step 139, stepsize 365.25 days, at day 71117.9/82545, date = 18-Sep-2218
 Newton its= 9, linearizations=10 (3.3sec), linear its= 23 (22.2sec)

Starting time step 140, stepsize 324.667 days, at day 71483.2/82545, date = 19-Sep-2219
 Newton its= 6, linearizations= 7 (2.2sec), linear its= 15 (19.3sec)

Starting time step 141, stepsize 365.25 days, at day 71807.8/82545, date = 08-Aug-2220
    Oscillating behavior detected: Relaxation set to 0.900000
 Newton its= 9, linearizations=10 (3.2sec), linear its= 19 (19.4sec)

Starting time step 142, stepsize 324.667 days, at day 72173.1/82545, date = 09-Aug-2221
 Newton its= 6, linearizations= 7 (2.3sec), linear its= 21 (18.3sec)

Starting time step 143, stepsize 365.25 days, at day 72497.7/82545, date = 29-Jun-2222

Problem: Solver convergence failure - Iteration limit reached
Timestep chopped to 36.525 days


Starting time step 143, stepsize 36.525 days, at day 72497.7/82545, date = 29-Jun-2222
 Newton its= 3, linearizations= 4 (1.4sec), linear its=  6 (11.4sec)

Starting time step 144, stepsize 45.6562 days, at day 72534.3/82545, date = 05-Aug-2222
 Newton its= 3, linearizations= 4 (1.5sec), linear its=  5 (4.9sec)

Starting time step 145, stepsize 136.969 days, at day 72579.9/82545, date = 19-Sep-2222
    Oscillating behavior detected: Relaxation set to 0.900000
 Newton its= 5, linearizations= 6 (1.9sec), linear its= 12 (12.0sec)

Starting time step 146, stepsize 301.331 days, at day 72716.9/82545, date = 03-Feb-2223
    Oscillating behavior detected: Relaxation set to 0.900000
 Newton its= 7, linearizations= 8 (2.8sec), linear its= 27 (21.7sec)

Starting time step 147, stepsize 365.25 days, at day 73018.2/82545, date = 02-Dec-2223

Problem: Solver convergence failure - Iteration limit reached
Timestep chopped to 36.525 days


Starting time step 147, stepsize 36.525 days, at day 73018.2/82545, date = 02-Dec-2223
 Newton its= 2, linearizations= 3 (1.0sec), linear its=  2 (2.8sec)

Starting time step 148, stepsize 45.6562 days, at day 73054.7/82545, date = 07-Jan-2224
 Newton its= 3, linearizations= 4 (1.3sec), linear its=  7 (6.4sec)

Starting time step 149, stepsize 136.969 days, at day 73100.4/82545, date = 22-Feb-2224
 Newton its= 4, linearizations= 5 (1.8sec), linear its= 15 (13.2sec)

Starting time step 150, stepsize 356.119 days, at day 73237.4/82545, date = 08-Jul-2224

Problem: Solver convergence failure - Numerical problem encountered
Timestep chopped to 35.611875 days


Starting time step 150, stepsize 35.6119 days, at day 73237.4/82545, date = 08-Jul-2224
 Newton its= 3, linearizations= 4 (1.4sec), linear its=  5 (7.3sec)

Starting time step 151, stepsize 44.5148 days, at day 73273/82545, date = 12-Aug-2224
 Newton its= 2, linearizations= 3 (1.1sec), linear its=  3 (3.6sec)

Starting time step 152, stepsize 133.545 days, at day 73317.5/82545, date = 26-Sep-2224
 Newton its= 7, linearizations= 8 (2.7sec), linear its= 18 (16.1sec)

Starting time step 153, stepsize 186.962 days, at day 73451/82545, date = 07-Feb-2225
 Newton its= 5, linearizations= 6 (2.0sec), linear its= 17 (20.6sec)

Starting time step 154, stepsize 365.25 days, at day 73638/82545, date = 13-Aug-2225

Problem: Solver convergence failure - Iteration limit reached
Timestep chopped to 36.525 days


Starting time step 154, stepsize 36.525 days, at day 73638/82545, date = 13-Aug-2225
 Newton its= 2, linearizations= 3 (1.0sec), linear its=  2 (3.2sec)

Starting time step 155, stepsize 45.6562 days, at day 73674.5/82545, date = 18-Sep-2225
 Newton its= 2, linearizations= 3 (1.1sec), linear its=  5 (4.4sec)

Starting time step 156, stepsize 136.969 days, at day 73720.2/82545, date = 03-Nov-2225
 Newton its= 6, linearizations= 7 (2.5sec), linear its=  9 (12.4sec)

Starting time step 157, stepsize 246.544 days, at day 73857.2/82545, date = 20-Mar-2226
 Newton its= 5, linearizations= 6 (2.1sec), linear its= 14 (12.9sec)

Starting time step 158, stepsize 365.25 days, at day 74103.7/82545, date = 21-Nov-2226
    Oscillating behavior detected: Relaxation set to 0.900000
 Newton its=10, linearizations=11 (3.7sec), linear its= 32 (34.1sec)

Starting time step 159, stepsize 292.2 days, at day 74468.9/82545, date = 21-Nov-2227
 Newton its= 5, linearizations= 6 (2.1sec), linear its= 21 (15.0sec)

Starting time step 160, stepsize 365.25 days, at day 74761.1/82545, date = 09-Sep-2228
 Newton its= 6, linearizations= 7 (2.5sec), linear its=  9 (11.3sec)

Starting time step 161, stepsize 365.25 days, at day 75126.4/82545, date = 09-Sep-2229
 Newton its= 7, linearizations= 8 (2.7sec), linear its= 18 (16.3sec)

Starting time step 162, stepsize 365.25 days, at day 75491.6/82545, date = 09-Sep-2230
 Newton its= 6, linearizations= 7 (2.6sec), linear its= 24 (25.1sec)

Starting time step 163, stepsize 365.25 days, at day 75856.9/82545, date = 09-Sep-2231
 Newton its=12, linearizations=13 (4.6sec), linear its= 29 (27.6sec)

Starting time step 164, stepsize 243.5 days, at day 76222.1/82545, date = 09-Sep-2232
 Newton its= 5, linearizations= 6 (2.2sec), linear its= 20 (16.4sec)

Starting time step 165, stepsize 365.25 days, at day 76465.6/82545, date = 10-May-2233
    Oscillating behavior detected: Relaxation set to 0.900000
    Oscillating behavior detected: Relaxation set to 0.800000

Problem: Solver convergence failure - Iteration limit reached
Timestep chopped to 36.525 days


Starting time step 165, stepsize 36.525 days, at day 76465.6/82545, date = 10-May-2233
 Newton its= 2, linearizations= 3 (1.0sec), linear its=  3 (3.9sec)

Starting time step 166, stepsize 45.6562 days, at day 76502.2/82545, date = 16-Jun-2233
 Newton its= 3, linearizations= 4 (1.5sec), linear its=  7 (6.1sec)

Starting time step 167, stepsize 136.969 days, at day 76547.8/82545, date = 31-Jul-2233
 Newton its= 4, linearizations= 5 (1.8sec), linear its= 14 (12.4sec)

Starting time step 168, stepsize 356.119 days, at day 76684.8/82545, date = 15-Dec-2233

Problem: Solver convergence failure - Numerical problem encountered
Timestep chopped to 35.611875 days


Starting time step 168, stepsize 35.6119 days, at day 76684.8/82545, date = 15-Dec-2233
 Newton its= 2, linearizations= 3 (0.9sec), linear its=  4 (4.2sec)

Starting time step 169, stepsize 44.5148 days, at day 76720.4/82545, date = 20-Jan-2234
 Newton its= 2, linearizations= 3 (1.1sec), linear its=  4 (3.9sec)

Starting time step 170, stepsize 133.545 days, at day 76764.9/82545, date = 05-Mar-2234
 Newton its= 5, linearizations= 6 (2.2sec), linear its= 18 (16.1sec)

Starting time step 171, stepsize 293.798 days, at day 76898.5/82545, date = 17-Jul-2234
 Newton its= 8, linearizations= 9 (3.5sec), linear its= 30 (31.1sec)

Starting time step 172, stepsize 293.798 days, at day 77192.3/82545, date = 07-May-2235
    Oscillating behavior detected: Relaxation set to 0.900000
 Newton its=10, linearizations=11 (3.9sec), linear its= 41 (33.8sec)

Starting time step 173, stepsize 235.038 days, at day 77486.1/82545, date = 25-Feb-2236
 Newton its= 7, linearizations= 8 (3.0sec), linear its=  9 (12.7sec)

Starting time step 174, stepsize 329.054 days, at day 77721.1/82545, date = 17-Oct-2236
    Oscillating behavior detected: Relaxation set to 0.900000

Problem: Solver convergence failure - Iteration limit reached
Timestep chopped to 32.905372500000006 days


Starting time step 174, stepsize 32.9054 days, at day 77721.1/82545, date = 17-Oct-2236
 Newton its= 2, linearizations= 3 (1.1sec), linear its=  3 (3.7sec)

Starting time step 175, stepsize 41.1317 days, at day 77754/82545, date = 19-Nov-2236
 Newton its= 3, linearizations= 4 (1.5sec), linear its=  7 (6.8sec)

Starting time step 176, stepsize 123.395 days, at day 77795.1/82545, date = 30-Dec-2236
 Newton its= 3, linearizations= 4 (1.5sec), linear its=  6 (7.3sec)

Starting time step 177, stepsize 365.25 days, at day 77918.5/82545, date = 02-May-2237
 Newton its= 8, linearizations= 9 (3.3sec), linear its= 16 (17.2sec)

Starting time step 178, stepsize 365.25 days, at day 78283.8/82545, date = 02-May-2238

Problem: Solver convergence failure - Iteration limit reached
Timestep chopped to 36.525 days


Starting time step 178, stepsize 36.525 days, at day 78283.8/82545, date = 02-May-2238
 Newton its= 2, linearizations= 3 (1.0sec), linear its=  4 (3.9sec)

Starting time step 179, stepsize 45.6562 days, at day 78320.3/82545, date = 08-Jun-2238
 Newton its= 2, linearizations= 3 (1.2sec), linear its=  3 (3.3sec)

Starting time step 180, stepsize 136.969 days, at day 78366/82545, date = 23-Jul-2238
    Oscillating behavior detected: Relaxation set to 0.900000
 Newton its= 7, linearizations= 8 (2.9sec), linear its= 13 (14.5sec)

Starting time step 181, stepsize 191.756 days, at day 78502.9/82545, date = 07-Dec-2238
 Newton its= 5, linearizations= 6 (2.1sec), linear its= 20 (14.8sec)

Starting time step 182, stepsize 365.25 days, at day 78694.7/82545, date = 17-Jun-2239
 Newton its= 7, linearizations= 8 (2.8sec), linear its= 12 (14.5sec)

Starting time step 183, stepsize 365.25 days, at day 79059.9/82545, date = 16-Jun-2240
 Newton its= 6, linearizations= 7 (2.5sec), linear its= 15 (20.0sec)

Starting time step 184, stepsize 365.25 days, at day 79425.2/82545, date = 17-Jun-2241
 Newton its= 5, linearizations= 6 (2.1sec), linear its=  9 (10.1sec)

Starting time step 185, stepsize 365.25 days, at day 79790.4/82545, date = 17-Jun-2242
 Newton its= 5, linearizations= 6 (2.3sec), linear its= 25 (18.3sec)

Starting time step 186, stepsize 365.25 days, at day 80155.7/82545, date = 17-Jun-2243
 Newton its= 6, linearizations= 7 (2.5sec), linear its= 11 (12.4sec)

Starting time step 187, stepsize 365.25 days, at day 80520.9/82545, date = 16-Jun-2244
    Oscillating behavior detected: Relaxation set to 0.900000

Problem: Solver convergence failure - Iteration limit reached
Timestep chopped to 36.525 days


Starting time step 187, stepsize 36.525 days, at day 80520.9/82545, date = 16-Jun-2244
 Newton its= 2, linearizations= 3 (1.0sec), linear its=  4 (3.6sec)

Starting time step 188, stepsize 45.6562 days, at day 80557.5/82545, date = 23-Jul-2244
 Newton its= 3, linearizations= 4 (1.5sec), linear its=  9 (8.1sec)

Starting time step 189, stepsize 136.969 days, at day 80603.1/82545, date = 07-Sep-2244
 Newton its= 4, linearizations= 5 (1.7sec), linear its= 13 (12.0sec)

Starting time step 190, stepsize 356.119 days, at day 80740.1/82545, date = 22-Jan-2245
 Newton its= 6, linearizations= 7 (2.4sec), linear its= 18 (16.2sec)

Starting time step 191, stepsize 365.25 days, at day 81096.2/82545, date = 13-Jan-2246
 Newton its= 5, linearizations= 6 (2.1sec), linear its= 11 (10.8sec)

Starting time step 192, stepsize 365.25 days, at day 81461.5/82545, date = 13-Jan-2247
 Newton its=12, linearizations=13 (4.2sec), linear its= 24 (30.0sec)

Starting time step 193, stepsize 243.5 days, at day 81826.7/82545, date = 13-Jan-2248
 Newton its= 5, linearizations= 6 (2.2sec), linear its= 16 (13.7sec)

Starting time step 194, stepsize 237.396 days, at day 82070.2/82545, date = 13-Sep-2248
 Newton its= 5, linearizations= 6 (2.0sec), linear its= 14 (10.7sec)

Starting time step 195, stepsize 237.396 days, at day 82307.6/82545, date = 08-May-2249
    Oscillating behavior detected: Relaxation set to 0.900000
 Newton its= 8, linearizations= 9 (3.1sec), linear its= 30 (23.0sec)


Report step 65/68 at day 82545/192118, date = 01-Jan-2250

Starting time step 0, stepsize 237.396 days, at day 82545/119069, date = 01-Jan-2250
Restart file written for report step 65/68, date = 01-Jan-2250 00:00:00
    Oscillating behavior detected: Relaxation set to 0.900000
 Newton its= 5, linearizations= 6 (3.1sec), linear its= 13 (11.4sec)

Starting time step 1, stepsize 365.25 days, at day 82782.4/119069, date = 26-Aug-2250
 Newton its= 8, linearizations= 9 (3.1sec), linear its= 27 (28.0sec)

Starting time step 2, stepsize 365.25 days, at day 83147.6/119069, date = 26-Aug-2251
    Oscillating behavior detected: Relaxation set to 0.900000
 Newton its=11, linearizations=12 (4.0sec), linear its= 16 (20.5sec)

Starting time step 3, stepsize 265.636 days, at day 83512.9/119069, date = 25-Aug-2252
 Newton its= 4, linearizations= 5 (1.5sec), linear its= 14 (11.1sec)

Starting time step 4, stepsize 365.25 days, at day 83778.5/119069, date = 18-May-2253
    Oscillating behavior detected: Relaxation set to 0.900000
    Oscillating behavior detected: Relaxation set to 0.800000

Problem: Solver convergence failure - Iteration limit reached
Timestep chopped to 36.525 days


Starting time step 4, stepsize 36.525 days, at day 83778.5/119069, date = 18-May-2253
 Newton its= 2, linearizations= 3 (1.1sec), linear its=  2 (3.5sec)

Starting time step 5, stepsize 45.6562 days, at day 83815.1/119069, date = 24-Jun-2253
 Newton its= 3, linearizations= 4 (1.3sec), linear its=  5 (6.5sec)

Starting time step 6, stepsize 136.969 days, at day 83860.7/119069, date = 08-Aug-2253
 Newton its= 3, linearizations= 4 (1.3sec), linear its=  6 (6.1sec)

Starting time step 7, stepsize 365.25 days, at day 83997.7/119069, date = 23-Dec-2253

Problem: Solver convergence failure - Iteration limit reached
Timestep chopped to 36.525 days


Starting time step 7, stepsize 36.525 days, at day 83997.7/119069, date = 23-Dec-2253
 Newton its= 2, linearizations= 3 (1.0sec), linear its=  5 (4.6sec)

Starting time step 8, stepsize 45.6562 days, at day 84034.2/119069, date = 29-Jan-2254
 Newton its= 3, linearizations= 4 (1.2sec), linear its=  8 (12.5sec)

Starting time step 9, stepsize 136.969 days, at day 84079.9/119069, date = 15-Mar-2254
 Newton its= 6, linearizations= 7 (2.3sec), linear its= 12 (13.2sec)

Starting time step 10, stepsize 246.544 days, at day 84216.8/119069, date = 30-Jul-2254
 Newton its= 4, linearizations= 5 (1.6sec), linear its=  7 (7.5sec)

Starting time step 11, stepsize 365.25 days, at day 84463.4/119069, date = 03-Apr-2255
    Oscillating behavior detected: Relaxation set to 0.900000
 Newton its= 8, linearizations= 9 (3.1sec), linear its= 21 (19.2sec)

Starting time step 12, stepsize 365.25 days, at day 84828.6/119069, date = 02-Apr-2256
 Newton its= 4, linearizations= 5 (1.6sec), linear its= 22 (15.8sec)

Starting time step 13, stepsize 365.25 days, at day 85193.9/119069, date = 02-Apr-2257
 Newton its= 8, linearizations= 9 (3.0sec), linear its= 21 (23.1sec)

Starting time step 14, stepsize 365.25 days, at day 85559.1/119069, date = 03-Apr-2258
 Newton its= 5, linearizations= 6 (2.0sec), linear its= 11 (10.9sec)

Starting time step 15, stepsize 365.25 days, at day 85924.4/119069, date = 03-Apr-2259
 Newton its= 4, linearizations= 5 (1.7sec), linear its=  8 (8.1sec)

Starting time step 16, stepsize 365.25 days, at day 86289.6/119069, date = 02-Apr-2260
 Newton its= 6, linearizations= 7 (2.2sec), linear its= 12 (13.1sec)

Starting time step 17, stepsize 365.25 days, at day 86654.9/119069, date = 02-Apr-2261
 Newton its= 5, linearizations= 6 (1.9sec), linear its= 11 (9.9sec)

Starting time step 18, stepsize 365.25 days, at day 87020.1/119069, date = 03-Apr-2262

Problem: Solver convergence failure - Numerical problem encountered
Timestep chopped to 36.525 days


Starting time step 18, stepsize 36.525 days, at day 87020.1/119069, date = 03-Apr-2262
 Newton its= 2, linearizations= 3 (1.1sec), linear its=  4 (4.2sec)

Starting time step 19, stepsize 45.6562 days, at day 87056.7/119069, date = 09-May-2262
 Newton its= 6, linearizations= 7 (2.2sec), linear its=  3 (8.4sec)

Starting time step 20, stepsize 82.1813 days, at day 87102.3/119069, date = 24-Jun-2262
 Newton its= 3, linearizations= 4 (1.2sec), linear its= 10 (7.8sec)

Starting time step 21, stepsize 246.544 days, at day 87184.5/119069, date = 14-Sep-2262
 Newton its= 5, linearizations= 6 (2.0sec), linear its=  9 (9.7sec)

Starting time step 22, stepsize 365.25 days, at day 87431/119069, date = 19-May-2263
 Newton its=12, linearizations=13 (4.4sec), linear its= 29 (28.0sec)

Starting time step 23, stepsize 243.5 days, at day 87796.3/119069, date = 18-May-2264
 Newton its= 4, linearizations= 5 (1.5sec), linear its=  8 (13.7sec)

Starting time step 24, stepsize 365.25 days, at day 88039.8/119069, date = 16-Jan-2265
 Newton its=10, linearizations=11 (3.4sec), linear its= 14 (17.6sec)

Starting time step 25, stepsize 292.2 days, at day 88405/119069, date = 17-Jan-2266
 Newton its= 5, linearizations= 6 (2.0sec), linear its= 19 (14.0sec)

Starting time step 26, stepsize 365.25 days, at day 88697.2/119069, date = 05-Nov-2266
    Oscillating behavior detected: Relaxation set to 0.900000
 Newton its=11, linearizations=12 (3.8sec), linear its= 28 (26.6sec)

Starting time step 27, stepsize 265.636 days, at day 89062.5/119069, date = 05-Nov-2267
    Oscillating behavior detected: Relaxation set to 0.900000
 Newton its= 8, linearizations= 9 (3.2sec), linear its= 23 (27.0sec)

Starting time step 28, stepsize 265.636 days, at day 89328.1/119069, date = 28-Jul-2268
 Newton its= 5, linearizations= 6 (2.2sec), linear its= 18 (14.4sec)

Starting time step 29, stepsize 365.25 days, at day 89593.8/119069, date = 19-Apr-2269

Problem: Solver convergence failure - Numerical problem encountered
Timestep chopped to 36.525 days


Starting time step 29, stepsize 36.525 days, at day 89593.8/119069, date = 19-Apr-2269
 Newton its= 3, linearizations= 4 (1.5sec), linear its=  4 (4.5sec)

Starting time step 30, stepsize 45.6562 days, at day 89630.3/119069, date = 26-May-2269
 Newton its= 3, linearizations= 4 (1.3sec), linear its=  5 (5.3sec)

Starting time step 31, stepsize 136.969 days, at day 89675.9/119069, date = 10-Jul-2269
 Newton its= 4, linearizations= 5 (2.0sec), linear its=  7 (14.5sec)

Starting time step 32, stepsize 356.119 days, at day 89812.9/119069, date = 24-Nov-2269
    Oscillating behavior detected: Relaxation set to 0.900000
    Oscillating behavior detected: Relaxation set to 0.800000
 Newton its=12, linearizations=13 (4.7sec), linear its= 33 (29.8sec)

Starting time step 33, stepsize 237.412 days, at day 90169/119069, date = 16-Nov-2270
 Newton its= 6, linearizations= 7 (2.4sec), linear its= 22 (18.0sec)

Starting time step 34, stepsize 365.25 days, at day 90406.4/119069, date = 11-Jul-2271
 Newton its= 6, linearizations= 7 (2.6sec), linear its= 25 (20.1sec)

Starting time step 35, stepsize 365.25 days, at day 90771.7/119069, date = 10-Jul-2272

Problem: Solver convergence failure - Numerical problem encountered
Timestep chopped to 36.525 days


Starting time step 35, stepsize 36.525 days, at day 90771.7/119069, date = 10-Jul-2272
 Newton its= 2, linearizations= 3 (1.0sec), linear its=  4 (4.1sec)

Starting time step 36, stepsize 45.6562 days, at day 90808.2/119069, date = 16-Aug-2272
 Newton its= 3, linearizations= 4 (1.3sec), linear its=  6 (6.8sec)

Starting time step 37, stepsize 136.969 days, at day 90853.9/119069, date = 30-Sep-2272
 Newton its= 4, linearizations= 5 (1.6sec), linear its= 14 (11.6sec)

Starting time step 38, stepsize 356.119 days, at day 90990.8/119069, date = 14-Feb-2273
    Oscillating behavior detected: Relaxation set to 0.900000

Problem: Solver convergence failure - Iteration limit reached
Timestep chopped to 35.611875 days


Starting time step 38, stepsize 35.6119 days, at day 90990.8/119069, date = 14-Feb-2273
 Newton its= 2, linearizations= 3 (1.0sec), linear its=  4 (4.0sec)

Starting time step 39, stepsize 44.5148 days, at day 91026.4/119069, date = 22-Mar-2273
 Newton its= 3, linearizations= 4 (1.5sec), linear its=  6 (5.7sec)

Starting time step 40, stepsize 133.545 days, at day 91071/119069, date = 05-May-2273
 Newton its= 4, linearizations= 5 (1.7sec), linear its= 12 (16.2sec)

Starting time step 41, stepsize 347.216 days, at day 91204.5/119069, date = 16-Sep-2273

Problem: Solver convergence failure - Numerical problem encountered
Timestep chopped to 34.721578125 days


Starting time step 41, stepsize 34.7216 days, at day 91204.5/119069, date = 16-Sep-2273
 Newton its= 2, linearizations= 3 (0.9sec), linear its=  4 (3.5sec)

Starting time step 42, stepsize 43.402 days, at day 91239.2/119069, date = 21-Oct-2273
 Newton its= 2, linearizations= 3 (1.1sec), linear its=  6 (4.7sec)

Starting time step 43, stepsize 130.206 days, at day 91282.6/119069, date = 03-Dec-2273
 Newton its= 4, linearizations= 5 (1.7sec), linear its= 13 (11.8sec)

Starting time step 44, stepsize 338.535 days, at day 91412.8/119069, date = 12-Apr-2274

Problem: Solver convergence failure - Numerical problem encountered
Timestep chopped to 33.85353867187501 days


Starting time step 44, stepsize 33.8535 days, at day 91412.8/119069, date = 12-Apr-2274
 Newton its= 2, linearizations= 3 (1.2sec), linear its=  2 (3.1sec)

Starting time step 45, stepsize 42.3169 days, at day 91446.7/119069, date = 16-May-2274
 Newton its= 6, linearizations= 7 (2.5sec), linear its=  8 (15.9sec)

Starting time step 46, stepsize 76.1705 days, at day 91489/119069, date = 28-Jun-2274
 Newton its= 2, linearizations= 3 (1.0sec), linear its=  7 (6.6sec)

Starting time step 47, stepsize 228.511 days, at day 91565.2/119069, date = 12-Sep-2274
 Newton its= 3, linearizations= 4 (1.3sec), linear its= 15 (10.9sec)

Starting time step 48, stepsize 365.25 days, at day 91793.7/119069, date = 28-Apr-2275
 Newton its= 9, linearizations=10 (3.8sec), linear its= 24 (23.0sec)

Starting time step 49, stepsize 324.667 days, at day 92158.9/119069, date = 27-Apr-2276
 Newton its= 5, linearizations= 6 (2.3sec), linear its= 20 (16.4sec)

Starting time step 50, stepsize 365.25 days, at day 92483.6/119069, date = 18-Mar-2277

Problem: Solver convergence failure - Iteration limit reached
Timestep chopped to 36.525 days


Starting time step 50, stepsize 36.525 days, at day 92483.6/119069, date = 18-Mar-2277
 Newton its= 2, linearizations= 3 (1.1sec), linear its=  4 (4.1sec)

Starting time step 51, stepsize 45.6562 days, at day 92520.1/119069, date = 24-Apr-2277
 Newton its= 2, linearizations= 3 (1.1sec), linear its=  5 (4.7sec)

Starting time step 52, stepsize 136.969 days, at day 92565.8/119069, date = 08-Jun-2277
 Newton its= 4, linearizations= 5 (1.7sec), linear its= 14 (12.5sec)

Starting time step 53, stepsize 356.119 days, at day 92702.8/119069, date = 23-Oct-2277
 Newton its= 5, linearizations= 6 (2.1sec), linear its= 22 (16.8sec)

Starting time step 54, stepsize 365.25 days, at day 93058.9/119069, date = 14-Oct-2278
 Newton its= 6, linearizations= 7 (2.4sec), linear its= 24 (20.3sec)

Starting time step 55, stepsize 365.25 days, at day 93424.1/119069, date = 15-Oct-2279
    Oscillating behavior detected: Relaxation set to 0.900000
 Newton its= 9, linearizations=10 (3.5sec), linear its= 17 (23.8sec)

Starting time step 56, stepsize 324.667 days, at day 93789.4/119069, date = 14-Oct-2280
 Newton its= 4, linearizations= 5 (1.7sec), linear its= 15 (13.0sec)

Starting time step 57, stepsize 365.25 days, at day 94114/119069, date = 04-Sep-2281
 Newton its= 5, linearizations= 6 (2.3sec), linear its= 11 (11.4sec)

Starting time step 58, stepsize 365.25 days, at day 94479.3/119069, date = 04-Sep-2282
 Newton its= 6, linearizations= 7 (2.4sec), linear its= 20 (17.5sec)

Starting time step 59, stepsize 365.25 days, at day 94844.5/119069, date = 04-Sep-2283
 Newton its= 9, linearizations=10 (3.4sec), linear its= 17 (18.6sec)

Starting time step 60, stepsize 324.667 days, at day 95209.8/119069, date = 03-Sep-2284
 Newton its= 6, linearizations= 7 (2.5sec), linear its= 24 (24.8sec)

Starting time step 61, stepsize 365.25 days, at day 95534.5/119069, date = 25-Jul-2285
 Newton its= 8, linearizations= 9 (3.1sec), linear its= 14 (16.8sec)

Starting time step 62, stepsize 365.25 days, at day 95899.7/119069, date = 25-Jul-2286
 Newton its= 6, linearizations= 7 (2.4sec), linear its= 19 (16.7sec)

Starting time step 63, stepsize 365.25 days, at day 96265/119069, date = 25-Jul-2287
 Newton its= 4, linearizations= 5 (1.7sec), linear its= 16 (12.3sec)

Starting time step 64, stepsize 365.25 days, at day 96630.2/119069, date = 25-Jul-2288
 Newton its= 8, linearizations= 9 (3.1sec), linear its= 37 (28.1sec)

Starting time step 65, stepsize 365.25 days, at day 96995.5/119069, date = 25-Jul-2289
 Newton its= 4, linearizations= 5 (1.8sec), linear its= 20 (20.1sec)

Starting time step 66, stepsize 365.25 days, at day 97360.7/119069, date = 25-Jul-2290
    Oscillating behavior detected: Relaxation set to 0.900000
 Newton its= 6, linearizations= 7 (2.3sec), linear its= 13 (12.3sec)

Starting time step 67, stepsize 365.25 days, at day 97726/119069, date = 25-Jul-2291
    Oscillating behavior detected: Relaxation set to 0.900000

Problem: Solver convergence failure - Iteration limit reached
Timestep chopped to 36.525 days


Starting time step 67, stepsize 36.525 days, at day 97726/119069, date = 25-Jul-2291
 Newton its= 2, linearizations= 3 (1.1sec), linear its=  5 (5.5sec)

Starting time step 68, stepsize 45.6562 days, at day 97762.5/119069, date = 31-Aug-2291
 Newton its= 2, linearizations= 3 (1.1sec), linear its=  3 (3.8sec)

Starting time step 69, stepsize 136.969 days, at day 97808.1/119069, date = 16-Oct-2291
 Newton its= 3, linearizations= 4 (1.4sec), linear its=  8 (6.7sec)

Starting time step 70, stepsize 365.25 days, at day 97945.1/119069, date = 01-Mar-2292
 Newton its= 6, linearizations= 7 (2.5sec), linear its= 13 (19.1sec)

Starting time step 71, stepsize 365.25 days, at day 98310.4/119069, date = 01-Mar-2293
 Newton its= 5, linearizations= 6 (2.2sec), linear its= 10 (9.4sec)

Starting time step 72, stepsize 365.25 days, at day 98675.6/119069, date = 01-Mar-2294
 Newton its= 5, linearizations= 6 (2.2sec), linear its= 20 (16.0sec)

Starting time step 73, stepsize 365.25 days, at day 99040.9/119069, date = 01-Mar-2295
 Newton its= 7, linearizations= 8 (3.1sec), linear its= 19 (16.3sec)

Starting time step 74, stepsize 365.25 days, at day 99406.1/119069, date = 01-Mar-2296
 Newton its= 8, linearizations= 9 (3.2sec), linear its= 22 (19.9sec)

Starting time step 75, stepsize 365.25 days, at day 99771.4/119069, date = 01-Mar-2297
    Oscillating behavior detected: Relaxation set to 0.900000

Problem: Solver convergence failure - Iteration limit reached
Timestep chopped to 36.525 days


Starting time step 75, stepsize 36.525 days, at day 99771.4/119069, date = 01-Mar-2297
 Newton its= 2, linearizations= 3 (2.3sec), linear its=  4 (3.5sec)

Starting time step 76, stepsize 45.6562 days, at day 99807.9/119069, date = 06-Apr-2297
 Newton its= 2, linearizations= 3 (0.9sec), linear its=  5 (4.7sec)

Starting time step 77, stepsize 136.969 days, at day 99853.5/119069, date = 22-May-2297
 Newton its= 5, linearizations= 6 (2.0sec), linear its= 15 (12.3sec)

Starting time step 78, stepsize 301.331 days, at day 99990.5/119069, date = 06-Oct-2297
    Oscillating behavior detected: Relaxation set to 0.900000
 Newton its= 7, linearizations= 8 (2.7sec), linear its= 18 (16.6sec)

Starting time step 79, stepsize 365.25 days, at day 100292/119069, date = 03-Aug-2298
 Newton its= 5, linearizations= 6 (3.2sec), linear its= 21 (21.2sec)

Starting time step 80, stepsize 365.25 days, at day 100657/119069, date = 04-Aug-2299
 Newton its= 7, linearizations= 8 (2.7sec), linear its= 19 (16.2sec)

Starting time step 81, stepsize 365.25 days, at day 101022/119069, date = 04-Aug-2300
 Newton its= 6, linearizations= 7 (2.5sec), linear its= 27 (20.4sec)

Starting time step 82, stepsize 365.25 days, at day 101388/119069, date = 04-Aug-2301
    Oscillating behavior detected: Relaxation set to 0.900000
 Newton its=11, linearizations=12 (4.2sec), linear its= 20 (22.2sec)

Starting time step 83, stepsize 265.636 days, at day 101753/119069, date = 04-Aug-2302
    Oscillating behavior detected: Relaxation set to 0.900000
 Newton its= 7, linearizations= 8 (2.7sec), linear its= 33 (29.5sec)

Starting time step 84, stepsize 365.25 days, at day 102018/119069, date = 27-Apr-2303
 Newton its= 4, linearizations= 5 (1.7sec), linear its= 16 (12.7sec)

Starting time step 85, stepsize 365.25 days, at day 102384/119069, date = 26-Apr-2304
 Newton its= 5, linearizations= 6 (1.9sec), linear its= 22 (15.8sec)

Starting time step 86, stepsize 365.25 days, at day 102749/119069, date = 26-Apr-2305
    Oscillating behavior detected: Relaxation set to 0.900000
 Newton its=10, linearizations=11 (3.6sec), linear its= 30 (26.2sec)

Starting time step 87, stepsize 292.2 days, at day 103114/119069, date = 27-Apr-2306
    Oscillating behavior detected: Relaxation set to 0.900000
 Newton its= 9, linearizations=10 (3.4sec), linear its= 25 (27.8sec)

Starting time step 88, stepsize 259.733 days, at day 103406/119069, date = 13-Feb-2307
 Newton its= 5, linearizations= 6 (2.0sec), linear its= 16 (13.5sec)

Starting time step 89, stepsize 365.25 days, at day 103666/119069, date = 31-Oct-2307
 Newton its= 3, linearizations= 4 (1.3sec), linear its= 11 (8.3sec)

Starting time step 90, stepsize 365.25 days, at day 104031/119069, date = 30-Oct-2308
    Oscillating behavior detected: Relaxation set to 0.900000
 Newton its=10, linearizations=11 (3.3sec), linear its= 28 (25.0sec)

Starting time step 91, stepsize 292.2 days, at day 104397/119069, date = 30-Oct-2309
    Oscillating behavior detected: Relaxation set to 0.900000

Problem: Solver convergence failure - Iteration limit reached
Timestep chopped to 29.22 days


Starting time step 91, stepsize 29.22 days, at day 104397/119069, date = 30-Oct-2309
 Newton its= 2, linearizations= 3 (1.0sec), linear its=  3 (3.4sec)

Starting time step 92, stepsize 36.525 days, at day 104426/119069, date = 28-Nov-2309
 Newton its= 2, linearizations= 3 (0.9sec), linear its=  4 (3.7sec)

Starting time step 93, stepsize 109.575 days, at day 104462/119069, date = 04-Jan-2310
 Newton its= 3, linearizations= 4 (1.2sec), linear its= 11 (9.3sec)

Starting time step 94, stepsize 328.725 days, at day 104572/119069, date = 23-Apr-2310
    Oscillating behavior detected: Relaxation set to 0.900000
 Newton its=11, linearizations=12 (3.8sec), linear its= 20 (20.8sec)

Starting time step 95, stepsize 239.073 days, at day 104901/119069, date = 18-Mar-2311
 Newton its= 2, linearizations= 3 (1.0sec), linear its= 10 (8.2sec)

Starting time step 96, stepsize 365.25 days, at day 105140/119069, date = 12-Nov-2311
 Newton its= 4, linearizations= 5 (1.7sec), linear its= 27 (17.1sec)

Starting time step 97, stepsize 365.25 days, at day 105505/119069, date = 12-Nov-2312
 Newton its= 5, linearizations= 6 (1.9sec), linear its= 31 (27.4sec)

Starting time step 98, stepsize 365.25 days, at day 105870/119069, date = 12-Nov-2313
 Newton its= 6, linearizations= 7 (2.3sec), linear its= 13 (13.4sec)

Starting time step 99, stepsize 365.25 days, at day 106236/119069, date = 12-Nov-2314
 Newton its= 6, linearizations= 7 (3.3sec), linear its= 26 (19.3sec)

Starting time step 100, stepsize 365.25 days, at day 106601/119069, date = 12-Nov-2315

Problem: Solver convergence failure - Numerical problem encountered
Timestep chopped to 36.525 days


Starting time step 100, stepsize 36.525 days, at day 106601/119069, date = 12-Nov-2315
 Newton its= 2, linearizations= 3 (0.9sec), linear its=  4 (5.6sec)

Starting time step 101, stepsize 45.6562 days, at day 106637/119069, date = 19-Dec-2315
 Newton its= 3, linearizations= 4 (1.4sec), linear its=  9 (7.6sec)

Starting time step 102, stepsize 136.969 days, at day 106683/119069, date = 02-Feb-2316
 Newton its= 4, linearizations= 5 (1.7sec), linear its= 17 (12.0sec)

Starting time step 103, stepsize 356.119 days, at day 106820/119069, date = 18-Jun-2316

Problem: Solver convergence failure - Numerical problem encountered
Timestep chopped to 35.611875 days


Starting time step 103, stepsize 35.6119 days, at day 106820/119069, date = 18-Jun-2316
 Newton its= 3, linearizations= 4 (1.3sec), linear its=  8 (7.8sec)

Starting time step 104, stepsize 44.5148 days, at day 106856/119069, date = 24-Jul-2316
 Newton its= 2, linearizations= 3 (1.1sec), linear its=  6 (4.8sec)

Starting time step 105, stepsize 133.545 days, at day 106900/119069, date = 07-Sep-2316
 Newton its= 4, linearizations= 5 (1.6sec), linear its=  7 (7.2sec)

Starting time step 106, stepsize 347.216 days, at day 107034/119069, date = 18-Jan-2317

Problem: Solver convergence failure - Numerical problem encountered
Timestep chopped to 34.721578125 days


Starting time step 106, stepsize 34.7216 days, at day 107034/119069, date = 18-Jan-2317
 Newton its= 2, linearizations= 3 (1.0sec), linear its=  3 (3.8sec)

Starting time step 107, stepsize 43.402 days, at day 107068/119069, date = 22-Feb-2317
 Newton its= 2, linearizations= 3 (1.1sec), linear its=  6 (4.6sec)

Starting time step 108, stepsize 130.206 days, at day 107112/119069, date = 06-Apr-2317
 Newton its= 5, linearizations= 6 (2.1sec), linear its= 11 (11.7sec)

Starting time step 109, stepsize 286.453 days, at day 107242/119069, date = 14-Aug-2317
 Newton its= 8, linearizations= 9 (4.2sec), linear its= 14 (21.2sec)

Starting time step 110, stepsize 286.453 days, at day 107528/119069, date = 28-May-2318
 Newton its= 4, linearizations= 5 (1.6sec), linear its= 21 (14.9sec)

Starting time step 111, stepsize 365.25 days, at day 107815/119069, date = 10-Mar-2319
    Oscillating behavior detected: Relaxation set to 0.900000

Problem: Solver convergence failure - Iteration limit reached
Timestep chopped to 36.525 days


Starting time step 111, stepsize 36.525 days, at day 107815/119069, date = 10-Mar-2319
 Newton its= 2, linearizations= 3 (1.0sec), linear its=  2 (3.4sec)

Starting time step 112, stepsize 45.6562 days, at day 107851/119069, date = 16-Apr-2319
 Newton its= 2, linearizations= 3 (1.0sec), linear its=  5 (4.4sec)

Starting time step 113, stepsize 136.969 days, at day 107897/119069, date = 01-Jun-2319
 Newton its= 6, linearizations= 7 (2.5sec), linear its= 10 (18.1sec)

Starting time step 114, stepsize 246.544 days, at day 108034/119069, date = 15-Oct-2319
 Newton its= 4, linearizations= 5 (1.6sec), linear its= 17 (12.6sec)

Starting time step 115, stepsize 365.25 days, at day 108281/119069, date = 18-Jun-2320
 Newton its= 4, linearizations= 5 (1.7sec), linear its= 17 (13.5sec)

Starting time step 116, stepsize 365.25 days, at day 108646/119069, date = 18-Jun-2321
 Newton its= 5, linearizations= 6 (1.9sec), linear its= 26 (20.8sec)

Starting time step 117, stepsize 365.25 days, at day 109011/119069, date = 19-Jun-2322
    Oscillating behavior detected: Relaxation set to 0.900000
    Oscillating behavior detected: Relaxation set to 0.800000
    Oscillating behavior detected: Relaxation set to 0.700000

Problem: Solver convergence failure - Iteration limit reached
Timestep chopped to 36.525 days


Starting time step 117, stepsize 36.525 days, at day 109011/119069, date = 19-Jun-2322
 Newton its= 2, linearizations= 3 (1.0sec), linear its=  3 (4.7sec)

Starting time step 118, stepsize 45.6562 days, at day 109048/119069, date = 25-Jul-2322
 Newton its= 2, linearizations= 3 (1.0sec), linear its=  6 (5.1sec)

Starting time step 119, stepsize 136.969 days, at day 109093/119069, date = 09-Sep-2322
 Newton its= 4, linearizations= 5 (1.7sec), linear its= 13 (10.6sec)

Starting time step 120, stepsize 356.119 days, at day 109230/119069, date = 24-Jan-2323
    Oscillating behavior detected: Relaxation set to 0.900000
    Oscillating behavior detected: Relaxation set to 0.800000
    Oscillating behavior detected: Relaxation set to 0.700000

Problem: Solver convergence failure - Iteration limit reached
Timestep chopped to 35.611875 days


Starting time step 120, stepsize 35.6119 days, at day 109230/119069, date = 24-Jan-2323
 Newton its= 2, linearizations= 3 (1.1sec), linear its=  4 (4.2sec)

Starting time step 121, stepsize 44.5148 days, at day 109266/119069, date = 28-Feb-2323
 Newton its= 2, linearizations= 3 (1.2sec), linear its=  5 (4.7sec)

Starting time step 122, stepsize 133.545 days, at day 109310/119069, date = 14-Apr-2323
 Newton its= 4, linearizations= 5 (1.7sec), linear its= 11 (9.9sec)

Starting time step 123, stepsize 347.216 days, at day 109444/119069, date = 25-Aug-2323
    Oscillating behavior detected: Relaxation set to 0.900000
    Oscillating behavior detected: Relaxation set to 0.800000

Problem: Solver convergence failure - Iteration limit reached
Timestep chopped to 34.721578125 days


Starting time step 123, stepsize 34.7216 days, at day 109444/119069, date = 25-Aug-2323
 Newton its= 2, linearizations= 3 (1.1sec), linear its=  4 (4.0sec)

Starting time step 124, stepsize 43.402 days, at day 109479/119069, date = 29-Sep-2323
 Newton its= 3, linearizations= 4 (2.6sec), linear its=  8 (6.7sec)

Starting time step 125, stepsize 130.206 days, at day 109522/119069, date = 11-Nov-2323
 Newton its= 3, linearizations= 4 (1.2sec), linear its= 13 (9.7sec)

Starting time step 126, stepsize 365.25 days, at day 109652/119069, date = 21-Mar-2324
 Newton its=10, linearizations=11 (4.9sec), linear its= 26 (29.3sec)

Starting time step 127, stepsize 292.2 days, at day 110017/119069, date = 21-Mar-2325
 Newton its= 6, linearizations= 7 (2.6sec), linear its= 18 (17.0sec)

Starting time step 128, stepsize 365.25 days, at day 110310/119069, date = 07-Jan-2326
 Newton its= 6, linearizations= 7 (2.4sec), linear its= 18 (15.4sec)

Starting time step 129, stepsize 365.25 days, at day 110675/119069, date = 07-Jan-2327
 Newton its=10, linearizations=11 (3.9sec), linear its= 25 (25.2sec)

Starting time step 130, stepsize 292.2 days, at day 111040/119069, date = 08-Jan-2328
 Newton its= 5, linearizations= 6 (2.2sec), linear its= 23 (18.4sec)

Starting time step 131, stepsize 365.25 days, at day 111332/119069, date = 26-Oct-2328
 Newton its= 5, linearizations= 6 (2.2sec), linear its= 17 (21.0sec)

Starting time step 132, stepsize 365.25 days, at day 111698/119069, date = 26-Oct-2329
 Newton its= 6, linearizations= 7 (2.3sec), linear its= 20 (15.7sec)

Starting time step 133, stepsize 365.25 days, at day 112063/119069, date = 26-Oct-2330
 Newton its=10, linearizations=11 (4.1sec), linear its= 33 (29.0sec)

Starting time step 134, stepsize 292.2 days, at day 112428/119069, date = 27-Oct-2331
    Oscillating behavior detected: Relaxation set to 0.900000
 Newton its=12, linearizations=13 (5.7sec), linear its= 23 (30.4sec)

Starting time step 135, stepsize 194.8 days, at day 112720/119069, date = 14-Aug-2332
 Newton its= 3, linearizations= 4 (1.4sec), linear its= 12 (9.1sec)

Starting time step 136, stepsize 365.25 days, at day 112915/119069, date = 25-Feb-2333
 Newton its= 6, linearizations= 7 (2.3sec), linear its= 19 (17.3sec)

Starting time step 137, stepsize 365.25 days, at day 113280/119069, date = 25-Feb-2334
    Oscillating behavior detected: Relaxation set to 0.900000
    Oscillating behavior detected: Relaxation set to 0.800000

Problem: Solver convergence failure - Iteration limit reached
Timestep chopped to 36.525 days


Starting time step 137, stepsize 36.525 days, at day 113280/119069, date = 25-Feb-2334
 Newton its= 2, linearizations= 3 (1.1sec), linear its=  3 (3.6sec)

Starting time step 138, stepsize 45.6562 days, at day 113317/119069, date = 02-Apr-2334
 Newton its= 3, linearizations= 4 (1.4sec), linear its=  9 (7.2sec)

Starting time step 139, stepsize 136.969 days, at day 113363/119069, date = 18-May-2334
 Newton its= 6, linearizations= 7 (2.3sec), linear its= 11 (18.3sec)

Starting time step 140, stepsize 246.544 days, at day 113499/119069, date = 02-Oct-2334
 Newton its= 6, linearizations= 7 (2.7sec), linear its= 19 (15.1sec)

Starting time step 141, stepsize 365.25 days, at day 113746/119069, date = 06-Jun-2335
    Oscillating behavior detected: Relaxation set to 0.900000
 Newton its= 7, linearizations= 8 (2.9sec), linear its= 18 (17.1sec)

Starting time step 142, stepsize 365.25 days, at day 114111/119069, date = 05-Jun-2336

Problem: Solver convergence failure - Numerical problem encountered
Timestep chopped to 36.525 days


Starting time step 142, stepsize 36.525 days, at day 114111/119069, date = 05-Jun-2336
 Newton its= 2, linearizations= 3 (1.0sec), linear its=  2 (3.2sec)

Starting time step 143, stepsize 45.6562 days, at day 114148/119069, date = 11-Jul-2336
 Newton its= 3, linearizations= 4 (1.5sec), linear its=  7 (6.6sec)

Starting time step 144, stepsize 136.969 days, at day 114193/119069, date = 26-Aug-2336
 Newton its= 5, linearizations= 6 (2.0sec), linear its= 15 (19.2sec)

Starting time step 145, stepsize 301.331 days, at day 114330/119069, date = 10-Jan-2337

Warning: Full linear solver tolerance not achieved. The reduction is:0.00957322 after 20 iterations

Problem: Solver convergence failure - Numerical problem encountered
Timestep chopped to 30.133125000000007 days


Starting time step 145, stepsize 30.1331 days, at day 114330/119069, date = 10-Jan-2337
 Newton its= 1, linearizations= 2 (0.7sec), linear its=  2 (2.2sec)

Starting time step 146, stepsize 37.6664 days, at day 114361/119069, date = 09-Feb-2337
 Newton its= 2, linearizations= 3 (1.1sec), linear its=  4 (4.0sec)

Starting time step 147, stepsize 112.999 days, at day 114398/119069, date = 19-Mar-2337
 Newton its= 5, linearizations= 6 (2.1sec), linear its= 13 (12.8sec)

Starting time step 148, stepsize 248.598 days, at day 114511/119069, date = 10-Jul-2337
 Newton its= 6, linearizations= 7 (2.3sec), linear its= 18 (15.5sec)

Starting time step 149, stepsize 365.25 days, at day 114760/119069, date = 15-Mar-2338
 Newton its= 5, linearizations= 6 (3.1sec), linear its= 14 (11.8sec)

Starting time step 150, stepsize 365.25 days, at day 115125/119069, date = 16-Mar-2339
 Newton its= 6, linearizations= 7 (2.5sec), linear its= 21 (22.0sec)

Starting time step 151, stepsize 365.25 days, at day 115490/119069, date = 15-Mar-2340
 Newton its= 6, linearizations= 7 (2.1sec), linear its= 27 (17.8sec)

Starting time step 152, stepsize 365.25 days, at day 115856/119069, date = 15-Mar-2341

Problem: Solver convergence failure - Numerical problem encountered
Timestep chopped to 36.525 days


Starting time step 152, stepsize 36.525 days, at day 115856/119069, date = 15-Mar-2341
 Newton its= 2, linearizations= 3 (1.0sec), linear its=  4 (3.3sec)

Starting time step 153, stepsize 45.6562 days, at day 115892/119069, date = 21-Apr-2341
 Newton its= 2, linearizations= 3 (1.0sec), linear its=  5 (3.7sec)

Starting time step 154, stepsize 136.969 days, at day 115938/119069, date = 05-Jun-2341
 Newton its= 4, linearizations= 5 (1.6sec), linear its=  7 (7.7sec)

Starting time step 155, stepsize 356.119 days, at day 116075/119069, date = 20-Oct-2341
 Newton its= 6, linearizations= 7 (2.3sec), linear its= 20 (15.3sec)

Starting time step 156, stepsize 365.25 days, at day 116431/119069, date = 11-Oct-2342
 Newton its= 5, linearizations= 6 (2.0sec), linear its= 23 (23.4sec)

Starting time step 157, stepsize 365.25 days, at day 116796/119069, date = 12-Oct-2343
 Newton its= 5, linearizations= 6 (2.2sec), linear its= 23 (17.5sec)

Starting time step 158, stepsize 365.25 days, at day 117161/119069, date = 11-Oct-2344
 Newton its= 5, linearizations= 6 (2.2sec), linear its= 16 (12.8sec)

Starting time step 159, stepsize 365.25 days, at day 117527/119069, date = 11-Oct-2345
 Newton its= 4, linearizations= 5 (1.6sec), linear its= 23 (15.8sec)

Starting time step 160, stepsize 365.25 days, at day 117892/119069, date = 11-Oct-2346
    Oscillating behavior detected: Relaxation set to 0.900000

Problem: Solver convergence failure - Iteration limit reached
Timestep chopped to 36.525 days


Starting time step 160, stepsize 36.525 days, at day 117892/119069, date = 11-Oct-2346
 Newton its= 3, linearizations= 4 (1.5sec), linear its=  5 (5.4sec)

Starting time step 161, stepsize 45.6562 days, at day 117928/119069, date = 17-Nov-2346
 Newton its= 3, linearizations= 4 (1.4sec), linear its=  5 (5.2sec)

Starting time step 162, stepsize 136.969 days, at day 117974/119069, date = 02-Jan-2347
 Newton its= 3, linearizations= 4 (2.3sec), linear its= 10 (7.6sec)

Starting time step 163, stepsize 365.25 days, at day 118111/119069, date = 18-May-2347
    Oscillating behavior detected: Relaxation set to 0.900000

Problem: Solver convergence failure - Iteration limit reached
Timestep chopped to 36.525 days


Starting time step 163, stepsize 36.525 days, at day 118111/119069, date = 18-May-2347
 Newton its= 2, linearizations= 3 (1.1sec), linear its=  5 (4.6sec)

Starting time step 164, stepsize 45.6562 days, at day 118148/119069, date = 24-Jun-2347
 Newton its= 2, linearizations= 3 (0.9sec), linear its=  6 (4.5sec)

Starting time step 165, stepsize 136.969 days, at day 118193/119069, date = 09-Aug-2347
 Newton its= 3, linearizations= 4 (1.4sec), linear its=  6 (12.1sec)

Starting time step 166, stepsize 365.25 days, at day 118330/119069, date = 24-Dec-2347

Problem: Solver convergence failure - Numerical problem encountered
Timestep chopped to 36.525 days


Starting time step 166, stepsize 36.525 days, at day 118330/119069, date = 24-Dec-2347
    Oscillating behavior detected: Relaxation set to 0.900000
 Newton its= 6, linearizations= 7 (2.4sec), linear its= 13 (11.3sec)

Starting time step 167, stepsize 45.6562 days, at day 118367/119069, date = 29-Jan-2348
 Newton its= 3, linearizations= 4 (1.2sec), linear its=  4 (4.6sec)

Starting time step 168, stepsize 136.969 days, at day 118412/119069, date = 15-Mar-2348
 Newton its= 2, linearizations= 3 (0.9sec), linear its=  7 (5.0sec)

Starting time step 169, stepsize 259.856 days, at day 118549/119069, date = 30-Jul-2348
 Newton its= 9, linearizations=10 (3.3sec), linear its= 32 (23.1sec)

Starting time step 170, stepsize 129.928 days, at day 118809/119069, date = 16-Apr-2349
    Oscillating behavior detected: Relaxation set to 0.900000
 Newton its= 4, linearizations= 5 (1.7sec), linear its=  7 (13.9sec)

Starting time step 171, stepsize 129.928 days, at day 118939/119069, date = 24-Aug-2349
 Newton its= 3, linearizations= 4 (1.3sec), linear its= 11 (7.6sec)


Report step 66/68 at day 119069/192118, date = 01-Jan-2350

Starting time step 0, stepsize 365.25 days, at day 119069/155594, date = 01-Jan-2350
Restart file written for report step 66/68, date = 01-Jan-2350 00:00:00
 Newton its= 5, linearizations= 6 (3.0sec), linear its= 14 (10.2sec)

Starting time step 1, stepsize 365.25 days, at day 119434/155594, date = 01-Jan-2351
 Newton its= 8, linearizations= 9 (2.9sec), linear its= 25 (17.4sec)

Starting time step 2, stepsize 365.25 days, at day 119800/155594, date = 01-Jan-2352
 Newton its= 4, linearizations= 5 (1.6sec), linear its= 11 (8.9sec)

Starting time step 3, stepsize 365.25 days, at day 120165/155594, date = 31-Dec-2352
 Newton its= 5, linearizations= 6 (1.9sec), linear its= 22 (13.9sec)

Starting time step 4, stepsize 365.25 days, at day 120530/155594, date = 01-Jan-2354
 Newton its= 6, linearizations= 7 (2.4sec), linear its= 33 (27.8sec)

Starting time step 5, stepsize 365.25 days, at day 120895/155594, date = 01-Jan-2355
 Newton its= 8, linearizations= 9 (2.9sec), linear its= 21 (18.8sec)

Starting time step 6, stepsize 365.25 days, at day 121260/155594, date = 01-Jan-2356
 Newton its= 7, linearizations= 8 (2.7sec), linear its= 19 (16.3sec)

Starting time step 7, stepsize 365.25 days, at day 121626/155594, date = 31-Dec-2356
 Newton its= 4, linearizations= 5 (1.8sec), linear its= 10 (9.5sec)

Starting time step 8, stepsize 365.25 days, at day 121991/155594, date = 01-Jan-2358
 Newton its= 5, linearizations= 6 (2.2sec), linear its= 15 (11.5sec)

Starting time step 9, stepsize 365.25 days, at day 122356/155594, date = 01-Jan-2359

Problem: Solver convergence failure - Numerical problem encountered
Timestep chopped to 36.525 days


Starting time step 9, stepsize 36.525 days, at day 122356/155594, date = 01-Jan-2359
 Newton its= 2, linearizations= 3 (1.0sec), linear its=  2 (2.8sec)

Starting time step 10, stepsize 45.6562 days, at day 122393/155594, date = 06-Feb-2359
 Newton its= 2, linearizations= 3 (0.9sec), linear its=  5 (4.2sec)

Starting time step 11, stepsize 136.969 days, at day 122438/155594, date = 24-Mar-2359
 Newton its= 4, linearizations= 5 (1.6sec), linear its=  9 (8.3sec)

Starting time step 12, stepsize 356.119 days, at day 122575/155594, date = 08-Aug-2359
 Newton its= 7, linearizations= 8 (2.8sec), linear its= 23 (18.9sec)

Starting time step 13, stepsize 365.25 days, at day 122932/155594, date = 29-Jul-2360
    Oscillating behavior detected: Relaxation set to 0.900000
 Newton its= 9, linearizations=10 (3.5sec), linear its= 18 (17.3sec)

Starting time step 14, stepsize 324.667 days, at day 123297/155594, date = 29-Jul-2361
 Newton its= 6, linearizations= 7 (2.4sec), linear its= 10 (15.8sec)

Starting time step 15, stepsize 365.25 days, at day 123621/155594, date = 19-Jun-2362
    Oscillating behavior detected: Relaxation set to 0.900000
    Oscillating behavior detected: Relaxation set to 0.800000

Problem: Solver convergence failure - Iteration limit reached
Timestep chopped to 36.525 days


Starting time step 15, stepsize 36.525 days, at day 123621/155594, date = 19-Jun-2362
 Newton its= 3, linearizations= 4 (1.3sec), linear its=  4 (4.4sec)

Starting time step 16, stepsize 45.6562 days, at day 123658/155594, date = 25-Jul-2362
 Newton its= 3, linearizations= 4 (1.3sec), linear its=  7 (5.3sec)

Starting time step 17, stepsize 136.969 days, at day 123704/155594, date = 09-Sep-2362
 Newton its= 4, linearizations= 5 (1.6sec), linear its=  7 (6.4sec)

Starting time step 18, stepsize 356.119 days, at day 123841/155594, date = 24-Jan-2363
    Oscillating behavior detected: Relaxation set to 0.900000
 Newton its=11, linearizations=12 (4.1sec), linear its= 32 (30.5sec)

Starting time step 19, stepsize 258.995 days, at day 124197/155594, date = 15-Jan-2364
    Oscillating behavior detected: Relaxation set to 0.900000
 Newton its= 6, linearizations= 7 (2.4sec), linear its= 20 (15.2sec)

Starting time step 20, stepsize 365.25 days, at day 124456/155594, date = 30-Sep-2364
    Oscillating behavior detected: Relaxation set to 0.900000
 Newton its= 9, linearizations=10 (3.3sec), linear its= 31 (22.8sec)

Starting time step 21, stepsize 324.667 days, at day 124821/155594, date = 30-Sep-2365

Problem: Solver convergence failure - Iteration limit reached
Timestep chopped to 32.46666666666667 days


Starting time step 21, stepsize 32.4667 days, at day 124821/155594, date = 30-Sep-2365
 Newton its= 2, linearizations= 3 (1.1sec), linear its=  4 (3.6sec)

Starting time step 22, stepsize 40.5833 days, at day 124853/155594, date = 02-Nov-2365
 Newton its= 2, linearizations= 3 (0.9sec), linear its=  3 (3.2sec)

Starting time step 23, stepsize 121.75 days, at day 124894/155594, date = 12-Dec-2365
 Newton its= 7, linearizations= 8 (2.8sec), linear its= 15 (15.5sec)

Starting time step 24, stepsize 170.45 days, at day 125016/155594, date = 13-Apr-2366
 Newton its= 4, linearizations= 5 (1.8sec), linear its= 11 (9.2sec)

Starting time step 25, stepsize 365.25 days, at day 125186/155594, date = 01-Oct-2366
 Newton its= 5, linearizations= 6 (2.2sec), linear its= 25 (17.5sec)

Starting time step 26, stepsize 365.25 days, at day 125551/155594, date = 01-Oct-2367
 Newton its= 8, linearizations= 9 (2.8sec), linear its= 15 (22.0sec)

Starting time step 27, stepsize 365.25 days, at day 125917/155594, date = 30-Sep-2368
 Newton its= 6, linearizations= 7 (2.4sec), linear its= 21 (15.7sec)

Starting time step 28, stepsize 365.25 days, at day 126282/155594, date = 30-Sep-2369
 Newton its= 4, linearizations= 5 (1.7sec), linear its= 23 (15.1sec)

Starting time step 29, stepsize 365.25 days, at day 126647/155594, date = 01-Oct-2370
 Newton its= 5, linearizations= 6 (2.1sec), linear its= 16 (13.1sec)

Starting time step 30, stepsize 365.25 days, at day 127012/155594, date = 01-Oct-2371
 Newton its= 5, linearizations= 6 (2.1sec), linear its= 24 (16.9sec)

Starting time step 31, stepsize 365.25 days, at day 127378/155594, date = 30-Sep-2372
 Newton its= 8, linearizations= 9 (3.2sec), linear its= 29 (22.9sec)

Starting time step 32, stepsize 365.25 days, at day 127743/155594, date = 30-Sep-2373
    Oscillating behavior detected: Relaxation set to 0.900000
    Oscillating behavior detected: Relaxation set to 0.800000
    Oscillating behavior detected: Relaxation set to 0.700000
    Oscillating behavior detected: Relaxation set to 0.600000

Problem: Solver convergence failure - Iteration limit reached
Timestep chopped to 36.525 days


Starting time step 32, stepsize 36.525 days, at day 127743/155594, date = 30-Sep-2373
 Newton its= 2, linearizations= 3 (1.0sec), linear its=  3 (3.5sec)

Starting time step 33, stepsize 45.6562 days, at day 127779/155594, date = 06-Nov-2373
 Newton its= 3, linearizations= 4 (1.5sec), linear its=  6 (5.6sec)

Starting time step 34, stepsize 136.969 days, at day 127825/155594, date = 22-Dec-2373
 Newton its= 6, linearizations= 7 (2.5sec), linear its= 15 (14.5sec)

Starting time step 35, stepsize 246.544 days, at day 127962/155594, date = 08-May-2374
 Newton its=10, linearizations=11 (3.9sec), linear its= 29 (31.6sec)

Starting time step 36, stepsize 197.235 days, at day 128209/155594, date = 09-Jan-2375
 Newton its= 5, linearizations= 6 (2.1sec), linear its= 13 (13.5sec)

Starting time step 37, stepsize 365.25 days, at day 128406/155594, date = 25-Jul-2375

Problem: Solver convergence failure - Numerical problem encountered
Timestep chopped to 36.525 days


Starting time step 37, stepsize 36.525 days, at day 128406/155594, date = 25-Jul-2375
 Newton its= 2, linearizations= 3 (1.1sec), linear its=  4 (4.2sec)

Starting time step 38, stepsize 45.6562 days, at day 128442/155594, date = 31-Aug-2375
 Newton its= 2, linearizations= 3 (1.0sec), linear its=  5 (4.6sec)

Starting time step 39, stepsize 136.969 days, at day 128488/155594, date = 16-Oct-2375
    Oscillating behavior detected: Relaxation set to 0.900000
 Newton its=11, linearizations=12 (4.4sec), linear its= 21 (28.8sec)

Starting time step 40, stepsize 99.6136 days, at day 128625/155594, date = 01-Mar-2376
 Newton its= 3, linearizations= 4 (1.4sec), linear its= 11 (9.2sec)

Starting time step 41, stepsize 298.841 days, at day 128725/155594, date = 08-Jun-2376
 Newton its= 4, linearizations= 5 (1.7sec), linear its= 21 (14.4sec)

Starting time step 42, stepsize 365.25 days, at day 129023/155594, date = 03-Apr-2377
 Newton its= 7, linearizations= 8 (3.0sec), linear its= 32 (23.3sec)

Starting time step 43, stepsize 365.25 days, at day 129389/155594, date = 03-Apr-2378
 Newton its= 7, linearizations= 8 (2.8sec), linear its= 20 (18.0sec)

Starting time step 44, stepsize 365.25 days, at day 129754/155594, date = 03-Apr-2379
 Newton its= 5, linearizations= 6 (2.3sec), linear its= 22 (22.5sec)

Starting time step 45, stepsize 365.25 days, at day 130119/155594, date = 03-Apr-2380
    Oscillating behavior detected: Relaxation set to 0.900000
 Newton its= 9, linearizations=10 (3.4sec), linear its= 21 (18.8sec)

Starting time step 46, stepsize 324.667 days, at day 130484/155594, date = 03-Apr-2381
 Newton its= 5, linearizations= 6 (2.0sec), linear its= 20 (14.2sec)

Starting time step 47, stepsize 365.25 days, at day 130809/155594, date = 22-Feb-2382
 Newton its= 4, linearizations= 5 (1.6sec), linear its= 20 (13.1sec)

Starting time step 48, stepsize 365.25 days, at day 131174/155594, date = 22-Feb-2383
 Newton its= 7, linearizations= 8 (2.7sec), linear its= 35 (22.9sec)

Starting time step 49, stepsize 365.25 days, at day 131540/155594, date = 22-Feb-2384
 Newton its= 7, linearizations= 8 (2.6sec), linear its= 37 (30.4sec)

Starting time step 50, stepsize 365.25 days, at day 131905/155594, date = 21-Feb-2385

Problem: Solver convergence failure - Numerical problem encountered
Timestep chopped to 36.525 days


Starting time step 50, stepsize 36.525 days, at day 131905/155594, date = 21-Feb-2385
 Newton its= 3, linearizations= 4 (1.6sec), linear its=  7 (6.5sec)

Starting time step 51, stepsize 45.6562 days, at day 131941/155594, date = 30-Mar-2385
 Newton its= 2, linearizations= 3 (1.1sec), linear its=  3 (3.5sec)

Starting time step 52, stepsize 136.969 days, at day 131987/155594, date = 15-May-2385
 Newton its= 4, linearizations= 5 (1.6sec), linear its= 16 (11.2sec)

Starting time step 53, stepsize 356.119 days, at day 132124/155594, date = 29-Sep-2385

Problem: Solver convergence failure - Numerical problem encountered
Timestep chopped to 35.611875 days


Starting time step 53, stepsize 35.6119 days, at day 132124/155594, date = 29-Sep-2385
 Newton its= 2, linearizations= 3 (1.1sec), linear its=  4 (3.8sec)

Starting time step 54, stepsize 44.5148 days, at day 132160/155594, date = 03-Nov-2385
    Oscillating behavior detected: Relaxation set to 0.900000
 Newton its= 3, linearizations= 4 (1.4sec), linear its=  5 (10.3sec)

Starting time step 55, stepsize 133.545 days, at day 132204/155594, date = 18-Dec-2385
 Newton its= 5, linearizations= 6 (1.9sec), linear its= 14 (11.5sec)

Starting time step 56, stepsize 293.798 days, at day 132338/155594, date = 30-Apr-2386
 Newton its= 4, linearizations= 5 (1.7sec), linear its= 16 (10.7sec)

Starting time step 57, stepsize 365.25 days, at day 132632/155594, date = 18-Feb-2387
 Newton its= 4, linearizations= 5 (1.8sec), linear its= 18 (11.9sec)

Starting time step 58, stepsize 365.25 days, at day 132997/155594, date = 18-Feb-2388
 Newton its=10, linearizations=11 (3.8sec), linear its= 18 (19.4sec)

Starting time step 59, stepsize 292.2 days, at day 133362/155594, date = 18-Feb-2389
 Newton its= 4, linearizations= 5 (1.6sec), linear its= 14 (12.0sec)

Starting time step 60, stepsize 365.25 days, at day 133654/155594, date = 07-Dec-2389
 Newton its= 4, linearizations= 5 (1.9sec), linear its= 11 (14.8sec)

Starting time step 61, stepsize 365.25 days, at day 134019/155594, date = 07-Dec-2390
 Newton its= 5, linearizations= 6 (1.9sec), linear its= 23 (17.0sec)

Starting time step 62, stepsize 365.25 days, at day 134385/155594, date = 07-Dec-2391
    Oscillating behavior detected: Relaxation set to 0.900000
    Oscillating behavior detected: Relaxation set to 0.800000
 Newton its=12, linearizations=13 (4.5sec), linear its= 38 (30.5sec)

Starting time step 63, stepsize 243.5 days, at day 134750/155594, date = 06-Dec-2392
 Newton its= 4, linearizations= 5 (1.7sec), linear its= 19 (13.4sec)

Starting time step 64, stepsize 365.25 days, at day 134993/155594, date = 07-Aug-2393
 Newton its= 6, linearizations= 7 (2.3sec), linear its= 18 (14.5sec)

Starting time step 65, stepsize 365.25 days, at day 135359/155594, date = 07-Aug-2394
 Newton its= 4, linearizations= 5 (1.6sec), linear its= 15 (17.7sec)

Starting time step 66, stepsize 365.25 days, at day 135724/155594, date = 07-Aug-2395
 Newton its= 2, linearizations= 3 (1.0sec), linear its=  9 (5.9sec)

Starting time step 67, stepsize 365.25 days, at day 136089/155594, date = 07-Aug-2396
 Newton its= 5, linearizations= 6 (1.9sec), linear its= 23 (16.5sec)

Starting time step 68, stepsize 365.25 days, at day 136454/155594, date = 07-Aug-2397
    Oscillating behavior detected: Relaxation set to 0.900000
 Newton its=11, linearizations=12 (4.0sec), linear its= 23 (22.8sec)

Starting time step 69, stepsize 265.636 days, at day 136820/155594, date = 07-Aug-2398
 Newton its= 5, linearizations= 6 (2.2sec), linear its= 14 (13.1sec)

Starting time step 70, stepsize 365.25 days, at day 137085/155594, date = 30-Apr-2399
    Oscillating behavior detected: Relaxation set to 0.900000
 Newton its= 4, linearizations= 5 (1.9sec), linear its= 15 (19.8sec)

Starting time step 71, stepsize 365.25 days, at day 137451/155594, date = 29-Apr-2400
 Newton its= 5, linearizations= 6 (2.1sec), linear its= 18 (13.4sec)

Starting time step 72, stepsize 365.25 days, at day 137816/155594, date = 29-Apr-2401
 Newton its= 4, linearizations= 5 (1.8sec), linear its= 18 (14.0sec)

Starting time step 73, stepsize 365.25 days, at day 138181/155594, date = 30-Apr-2402
 Newton its= 4, linearizations= 5 (1.7sec), linear its= 16 (11.1sec)

Starting time step 74, stepsize 365.25 days, at day 138546/155594, date = 30-Apr-2403
    Oscillating behavior detected: Relaxation set to 0.900000
 Newton its= 8, linearizations= 9 (3.1sec), linear its= 24 (20.0sec)

Starting time step 75, stepsize 365.25 days, at day 138912/155594, date = 29-Apr-2404
 Newton its= 5, linearizations= 6 (2.2sec), linear its= 19 (13.8sec)

Starting time step 76, stepsize 365.25 days, at day 139277/155594, date = 29-Apr-2405
 Newton its= 4, linearizations= 5 (1.7sec), linear its= 16 (18.0sec)

Starting time step 77, stepsize 365.25 days, at day 139642/155594, date = 30-Apr-2406
    Oscillating behavior detected: Relaxation set to 0.900000
 Newton its= 7, linearizations= 8 (2.6sec), linear its= 26 (20.8sec)

Starting time step 78, stepsize 365.25 days, at day 140007/155594, date = 30-Apr-2407
    Oscillating behavior detected: Relaxation set to 0.900000
 Newton its= 9, linearizations=10 (3.4sec), linear its= 19 (18.0sec)

Starting time step 79, stepsize 324.667 days, at day 140373/155594, date = 29-Apr-2408
 Newton its= 4, linearizations= 5 (1.6sec), linear its=  8 (7.3sec)

Starting time step 80, stepsize 365.25 days, at day 140697/155594, date = 20-Mar-2409
 Newton its= 4, linearizations= 5 (1.6sec), linear its= 18 (12.5sec)

Starting time step 81, stepsize 365.25 days, at day 141063/155594, date = 20-Mar-2410
 Newton its= 5, linearizations= 6 (2.0sec), linear its= 24 (16.7sec)

Starting time step 82, stepsize 365.25 days, at day 141428/155594, date = 20-Mar-2411
    Oscillating behavior detected: Relaxation set to 0.900000
 Newton its=11, linearizations=12 (3.9sec), linear its= 18 (23.5sec)

Starting time step 83, stepsize 265.636 days, at day 141793/155594, date = 20-Mar-2412
 Newton its= 4, linearizations= 5 (1.5sec), linear its= 11 (8.5sec)

Starting time step 84, stepsize 365.25 days, at day 142059/155594, date = 10-Dec-2412
 Newton its= 9, linearizations=10 (3.1sec), linear its= 15 (16.4sec)

Starting time step 85, stepsize 324.667 days, at day 142424/155594, date = 10-Dec-2413
 Newton its= 6, linearizations= 7 (2.1sec), linear its= 24 (18.3sec)

Starting time step 86, stepsize 365.25 days, at day 142749/155594, date = 31-Oct-2414
 Newton its= 8, linearizations= 9 (4.0sec), linear its= 27 (25.5sec)

Starting time step 87, stepsize 365.25 days, at day 143114/155594, date = 31-Oct-2415
 Newton its=10, linearizations=11 (3.6sec), linear its= 15 (16.7sec)

Starting time step 88, stepsize 292.2 days, at day 143479/155594, date = 31-Oct-2416
    Oscillating behavior detected: Relaxation set to 0.900000
 Newton its= 6, linearizations= 7 (2.4sec), linear its= 21 (17.1sec)

Starting time step 89, stepsize 365.25 days, at day 143771/155594, date = 19-Aug-2417
    Oscillating behavior detected: Relaxation set to 0.900000
 Newton its= 5, linearizations= 6 (1.9sec), linear its= 13 (11.4sec)

Starting time step 90, stepsize 365.25 days, at day 144137/155594, date = 19-Aug-2418
 Newton its= 8, linearizations= 9 (2.9sec), linear its= 25 (25.8sec)

Starting time step 91, stepsize 365.25 days, at day 144502/155594, date = 19-Aug-2419
 Newton its= 8, linearizations= 9 (3.1sec), linear its= 16 (16.9sec)

Starting time step 92, stepsize 365.25 days, at day 144867/155594, date = 19-Aug-2420
 Newton its= 4, linearizations= 5 (1.9sec), linear its= 17 (12.1sec)

Starting time step 93, stepsize 365.25 days, at day 145232/155594, date = 19-Aug-2421
 Newton its= 7, linearizations= 8 (2.7sec), linear its= 18 (16.6sec)

Starting time step 94, stepsize 365.25 days, at day 145598/155594, date = 19-Aug-2422
 Newton its= 6, linearizations= 7 (2.4sec), linear its= 19 (21.5sec)

Starting time step 95, stepsize 365.25 days, at day 145963/155594, date = 19-Aug-2423
 Newton its= 5, linearizations= 6 (2.0sec), linear its= 27 (18.1sec)

Starting time step 96, stepsize 365.25 days, at day 146328/155594, date = 19-Aug-2424
 Newton its= 5, linearizations= 6 (2.0sec), linear its= 25 (18.0sec)

Starting time step 97, stepsize 365.25 days, at day 146693/155594, date = 19-Aug-2425
 Newton its= 6, linearizations= 7 (2.5sec), linear its= 25 (19.1sec)

Starting time step 98, stepsize 365.25 days, at day 147059/155594, date = 19-Aug-2426
 Newton its= 5, linearizations= 6 (2.2sec), linear its=  9 (9.3sec)

Starting time step 99, stepsize 365.25 days, at day 147424/155594, date = 19-Aug-2427

Problem: Solver convergence failure - Iteration limit reached
Timestep chopped to 36.525 days


Starting time step 99, stepsize 36.525 days, at day 147424/155594, date = 19-Aug-2427
 Newton its= 2, linearizations= 3 (1.0sec), linear its=  6 (5.2sec)

Starting time step 100, stepsize 45.6562 days, at day 147460/155594, date = 25-Sep-2427
 Newton its= 2, linearizations= 3 (1.1sec), linear its=  3 (4.1sec)

Starting time step 101, stepsize 136.969 days, at day 147506/155594, date = 09-Nov-2427
 Newton its= 2, linearizations= 3 (1.0sec), linear its=  7 (4.6sec)

Starting time step 102, stepsize 365.25 days, at day 147643/155594, date = 25-Mar-2428
 Newton its= 5, linearizations= 6 (2.1sec), linear its= 22 (16.2sec)

Starting time step 103, stepsize 365.25 days, at day 148008/155594, date = 26-Mar-2429
    Oscillating behavior detected: Relaxation set to 0.900000
 Newton its= 7, linearizations= 8 (3.0sec), linear its= 16 (16.3sec)

Starting time step 104, stepsize 365.25 days, at day 148373/155594, date = 26-Mar-2430
 Newton its= 5, linearizations= 6 (2.0sec), linear its= 22 (16.2sec)

Starting time step 105, stepsize 365.25 days, at day 148739/155594, date = 26-Mar-2431
 Newton its= 4, linearizations= 5 (1.7sec), linear its= 17 (18.5sec)

Starting time step 106, stepsize 365.25 days, at day 149104/155594, date = 25-Mar-2432
 Newton its= 5, linearizations= 6 (2.0sec), linear its= 20 (16.5sec)

Starting time step 107, stepsize 365.25 days, at day 149469/155594, date = 26-Mar-2433
 Newton its= 5, linearizations= 6 (2.0sec), linear its= 22 (16.7sec)

Starting time step 108, stepsize 365.25 days, at day 149834/155594, date = 26-Mar-2434
 Newton its= 6, linearizations= 7 (2.4sec), linear its= 29 (18.3sec)

Starting time step 109, stepsize 365.25 days, at day 150200/155594, date = 26-Mar-2435
 Newton its= 6, linearizations= 7 (2.4sec), linear its= 24 (18.6sec)

Starting time step 110, stepsize 365.25 days, at day 150565/155594, date = 25-Mar-2436
 Newton its= 5, linearizations= 6 (2.1sec), linear its= 17 (12.6sec)

Starting time step 111, stepsize 365.25 days, at day 150930/155594, date = 26-Mar-2437

Problem: Solver convergence failure - Numerical problem encountered
Timestep chopped to 36.525 days


Starting time step 111, stepsize 36.525 days, at day 150930/155594, date = 26-Mar-2437
 Newton its= 1, linearizations= 2 (0.7sec), linear its=  2 (1.8sec)

Starting time step 112, stepsize 45.6562 days, at day 150967/155594, date = 01-May-2437
 Newton its= 2, linearizations= 3 (1.1sec), linear its=  6 (5.1sec)

Starting time step 113, stepsize 136.969 days, at day 151012/155594, date = 16-Jun-2437
    Oscillating behavior detected: Relaxation set to 0.900000
 Newton its= 7, linearizations= 8 (2.8sec), linear its= 15 (13.4sec)

Starting time step 114, stepsize 191.756 days, at day 151149/155594, date = 31-Oct-2437
 Newton its= 4, linearizations= 5 (1.9sec), linear its= 15 (12.0sec)

Starting time step 115, stepsize 365.25 days, at day 151341/155594, date = 11-May-2438
 Newton its= 6, linearizations= 7 (2.5sec), linear its= 26 (17.4sec)

Starting time step 116, stepsize 365.25 days, at day 151706/155594, date = 11-May-2439
    Oscillating behavior detected: Relaxation set to 0.900000
    Oscillating behavior detected: Relaxation set to 0.800000
 Newton its= 5, linearizations= 6 (2.1sec), linear its= 22 (21.5sec)

Starting time step 117, stepsize 365.25 days, at day 152072/155594, date = 10-May-2440
 Newton its= 6, linearizations= 7 (2.4sec), linear its= 21 (16.9sec)

Starting time step 118, stepsize 365.25 days, at day 152437/155594, date = 10-May-2441
 Newton its= 7, linearizations= 8 (3.0sec), linear its= 17 (16.0sec)

Starting time step 119, stepsize 365.25 days, at day 152802/155594, date = 11-May-2442
 Newton its= 5, linearizations= 6 (2.0sec), linear its= 21 (17.2sec)

Starting time step 120, stepsize 365.25 days, at day 153167/155594, date = 11-May-2443
 Newton its= 4, linearizations= 5 (1.7sec), linear its= 16 (12.8sec)

Starting time step 121, stepsize 365.25 days, at day 153533/155594, date = 10-May-2444
 Newton its= 5, linearizations= 6 (2.1sec), linear its= 26 (20.2sec)

Starting time step 122, stepsize 365.25 days, at day 153898/155594, date = 10-May-2445
 Newton its= 4, linearizations= 5 (1.7sec), linear its= 18 (20.2sec)

Starting time step 123, stepsize 365.25 days, at day 154263/155594, date = 11-May-2446
 Newton its= 7, linearizations= 8 (3.0sec), linear its= 19 (18.0sec)

Starting time step 124, stepsize 365.25 days, at day 154628/155594, date = 11-May-2447
 Newton its= 7, linearizations= 8 (2.8sec), linear its= 24 (20.0sec)

Starting time step 125, stepsize 365.25 days, at day 154994/155594, date = 10-May-2448
 Newton its= 6, linearizations= 7 (2.8sec), linear its= 15 (14.6sec)

Starting time step 126, stepsize 235.169 days, at day 155359/155594, date = 10-May-2449
 Newton its= 3, linearizations= 4 (1.6sec), linear its= 19 (12.8sec)


Report step 67/68 at day 155594/192118, date = 01-Jan-2450

Starting time step 0, stepsize 365.25 days, at day 155594/192118, date = 01-Jan-2450
Restart file written for report step 67/68, date = 01-Jan-2450 00:00:00
 Newton its= 4, linearizations= 5 (1.8sec), linear its=  8 (9.1sec)

Starting time step 1, stepsize 365.25 days, at day 155959/192118, date = 01-Jan-2451
 Newton its= 4, linearizations= 5 (1.9sec), linear its= 18 (19.6sec)

Starting time step 2, stepsize 365.25 days, at day 156324/192118, date = 01-Jan-2452
 Newton its= 5, linearizations= 6 (2.3sec), linear its= 19 (15.1sec)

Starting time step 3, stepsize 365.25 days, at day 156690/192118, date = 31-Dec-2452
 Newton its= 4, linearizations= 5 (1.9sec), linear its= 21 (16.3sec)

Starting time step 4, stepsize 365.25 days, at day 157055/192118, date = 01-Jan-2454
 Newton its= 4, linearizations= 5 (1.8sec), linear its= 16 (12.5sec)

Starting time step 5, stepsize 365.25 days, at day 157420/192118, date = 01-Jan-2455
 Newton its= 5, linearizations= 6 (2.9sec), linear its= 17 (14.0sec)

Starting time step 6, stepsize 365.25 days, at day 157786/192118, date = 01-Jan-2456
 Newton its= 3, linearizations= 4 (1.5sec), linear its= 11 (8.0sec)

Starting time step 7, stepsize 365.25 days, at day 158151/192118, date = 31-Dec-2456
    Oscillating behavior detected: Relaxation set to 0.900000
 Newton its= 8, linearizations= 9 (3.1sec), linear its= 22 (25.5sec)

Starting time step 8, stepsize 365.25 days, at day 158516/192118, date = 01-Jan-2458
 Newton its= 4, linearizations= 5 (1.6sec), linear its=  9 (8.2sec)

Starting time step 9, stepsize 365.25 days, at day 158881/192118, date = 01-Jan-2459
 Newton its= 6, linearizations= 7 (3.5sec), linear its= 17 (14.3sec)

Starting time step 10, stepsize 365.25 days, at day 159246/192118, date = 01-Jan-2460
 Newton its= 5, linearizations= 6 (2.1sec), linear its= 18 (13.7sec)

Starting time step 11, stepsize 365.25 days, at day 159612/192118, date = 31-Dec-2460
 Newton its= 5, linearizations= 6 (2.1sec), linear its= 18 (15.4sec)

Starting time step 12, stepsize 365.25 days, at day 159977/192118, date = 01-Jan-2462
 Newton its= 4, linearizations= 5 (1.7sec), linear its= 20 (14.8sec)

Starting time step 13, stepsize 365.25 days, at day 160342/192118, date = 01-Jan-2463
 Newton its= 5, linearizations= 6 (2.1sec), linear its= 20 (20.3sec)

Starting time step 14, stepsize 365.25 days, at day 160708/192118, date = 01-Jan-2464
 Newton its= 5, linearizations= 6 (2.1sec), linear its= 18 (15.4sec)

Starting time step 15, stepsize 365.25 days, at day 161073/192118, date = 31-Dec-2464
 Newton its= 2, linearizations= 3 (1.1sec), linear its=  9 (6.0sec)

Starting time step 16, stepsize 365.25 days, at day 161438/192118, date = 01-Jan-2466
 Newton its= 5, linearizations= 6 (2.2sec), linear its= 17 (15.2sec)

Starting time step 17, stepsize 365.25 days, at day 161803/192118, date = 01-Jan-2467
 Newton its= 4, linearizations= 5 (1.7sec), linear its= 17 (12.0sec)

Starting time step 18, stepsize 365.25 days, at day 162168/192118, date = 01-Jan-2468
 Newton its= 3, linearizations= 4 (1.3sec), linear its=  9 (7.4sec)

Starting time step 19, stepsize 365.25 days, at day 162534/192118, date = 31-Dec-2468
 Newton its= 4, linearizations= 5 (1.8sec), linear its= 21 (16.0sec)

Starting time step 20, stepsize 365.25 days, at day 162899/192118, date = 01-Jan-2470
 Newton its= 4, linearizations= 5 (1.8sec), linear its= 10 (8.9sec)

Starting time step 21, stepsize 365.25 days, at day 163264/192118, date = 01-Jan-2471
    Oscillating behavior detected: Relaxation set to 0.900000
 Newton its= 9, linearizations=10 (3.8sec), linear its= 20 (25.1sec)

Starting time step 22, stepsize 324.667 days, at day 163630/192118, date = 01-Jan-2472
 Newton its= 5, linearizations= 6 (3.1sec), linear its= 18 (13.3sec)

Starting time step 23, stepsize 365.25 days, at day 163954/192118, date = 21-Nov-2472
 Newton its= 4, linearizations= 5 (1.8sec), linear its= 13 (10.0sec)

Starting time step 24, stepsize 365.25 days, at day 164319/192118, date = 21-Nov-2473
 Newton its= 5, linearizations= 6 (2.0sec), linear its= 19 (14.9sec)

Starting time step 25, stepsize 365.25 days, at day 164685/192118, date = 21-Nov-2474
    Oscillating behavior detected: Relaxation set to 0.900000
 Newton its= 5, linearizations= 6 (2.0sec), linear its= 12 (10.7sec)

Starting time step 26, stepsize 365.25 days, at day 165050/192118, date = 21-Nov-2475
 Newton its= 6, linearizations= 7 (3.5sec), linear its= 17 (18.8sec)

Starting time step 27, stepsize 365.25 days, at day 165415/192118, date = 21-Nov-2476
 Newton its= 2, linearizations= 3 (1.0sec), linear its=  9 (6.5sec)

Starting time step 28, stepsize 365.25 days, at day 165780/192118, date = 21-Nov-2477
 Newton its= 5, linearizations= 6 (1.9sec), linear its=  9 (9.0sec)

Starting time step 29, stepsize 365.25 days, at day 166146/192118, date = 21-Nov-2478
 Newton its= 5, linearizations= 6 (2.1sec), linear its= 21 (14.8sec)

Starting time step 30, stepsize 365.25 days, at day 166511/192118, date = 21-Nov-2479
 Newton its= 4, linearizations= 5 (1.7sec), linear its= 19 (14.3sec)

Starting time step 31, stepsize 365.25 days, at day 166876/192118, date = 21-Nov-2480
 Newton its= 6, linearizations= 7 (2.2sec), linear its= 27 (18.7sec)

Starting time step 32, stepsize 365.25 days, at day 167241/192118, date = 21-Nov-2481
 Newton its= 5, linearizations= 6 (1.9sec), linear its= 22 (16.8sec)

Starting time step 33, stepsize 365.25 days, at day 167607/192118, date = 21-Nov-2482
 Newton its= 4, linearizations= 5 (1.8sec), linear its= 18 (19.9sec)

Starting time step 34, stepsize 365.25 days, at day 167972/192118, date = 21-Nov-2483
 Newton its= 3, linearizations= 4 (1.4sec), linear its= 18 (11.4sec)

Starting time step 35, stepsize 365.25 days, at day 168337/192118, date = 21-Nov-2484
 Newton its= 4, linearizations= 5 (2.1sec), linear its= 10 (10.2sec)

Starting time step 36, stepsize 365.25 days, at day 168702/192118, date = 21-Nov-2485
    Oscillating behavior detected: Relaxation set to 0.900000
 Newton its= 5, linearizations= 6 (2.0sec), linear its= 24 (16.6sec)

Starting time step 37, stepsize 365.25 days, at day 169068/192118, date = 21-Nov-2486
 Newton its= 4, linearizations= 5 (1.7sec), linear its= 16 (13.1sec)

Starting time step 38, stepsize 365.25 days, at day 169433/192118, date = 21-Nov-2487
 Newton its= 4, linearizations= 5 (1.6sec), linear its= 20 (13.5sec)

Starting time step 39, stepsize 365.25 days, at day 169798/192118, date = 21-Nov-2488
 Newton its= 3, linearizations= 4 (1.4sec), linear its=  9 (7.3sec)

Starting time step 40, stepsize 365.25 days, at day 170163/192118, date = 21-Nov-2489
 Newton its= 3, linearizations= 4 (1.4sec), linear its= 10 (8.7sec)

Starting time step 41, stepsize 365.25 days, at day 170529/192118, date = 21-Nov-2490
 Newton its= 3, linearizations= 4 (1.5sec), linear its= 10 (13.3sec)

Starting time step 42, stepsize 365.25 days, at day 170894/192118, date = 21-Nov-2491
 Newton its= 3, linearizations= 4 (1.3sec), linear its= 11 (9.0sec)

Starting time step 43, stepsize 365.25 days, at day 171259/192118, date = 21-Nov-2492
 Newton its= 6, linearizations= 7 (2.1sec), linear its= 24 (16.5sec)

Starting time step 44, stepsize 365.25 days, at day 171624/192118, date = 21-Nov-2493
 Newton its= 3, linearizations= 4 (1.3sec), linear its= 11 (8.0sec)

Starting time step 45, stepsize 365.25 days, at day 171990/192118, date = 21-Nov-2494
 Newton its= 5, linearizations= 6 (1.9sec), linear its= 20 (14.2sec)

Starting time step 46, stepsize 365.25 days, at day 172355/192118, date = 21-Nov-2495
    Oscillating behavior detected: Relaxation set to 0.900000
 Newton its= 4, linearizations= 5 (2.7sec), linear its= 17 (11.5sec)

Starting time step 47, stepsize 365.25 days, at day 172720/192118, date = 21-Nov-2496
    Oscillating behavior detected: Relaxation set to 0.900000
 Newton its= 3, linearizations= 4 (1.3sec), linear its= 19 (11.5sec)

Starting time step 48, stepsize 365.25 days, at day 173085/192118, date = 21-Nov-2497
    Oscillating behavior detected: Relaxation set to 0.900000
 Newton its= 4, linearizations= 5 (1.7sec), linear its=  9 (7.6sec)

Starting time step 49, stepsize 365.25 days, at day 173451/192118, date = 21-Nov-2498
 Newton its= 3, linearizations= 4 (1.3sec), linear its= 14 (16.7sec)

Starting time step 50, stepsize 365.25 days, at day 173816/192118, date = 21-Nov-2499
 Newton its= 4, linearizations= 5 (1.7sec), linear its=  9 (7.6sec)

Starting time step 51, stepsize 365.25 days, at day 174181/192118, date = 22-Nov-2500
 Newton its= 3, linearizations= 4 (1.3sec), linear its= 11 (7.4sec)

Starting time step 52, stepsize 365.25 days, at day 174546/192118, date = 22-Nov-2501
    Oscillating behavior detected: Relaxation set to 0.900000
 Newton its= 7, linearizations= 8 (2.7sec), linear its= 22 (18.5sec)

Starting time step 53, stepsize 365.25 days, at day 174912/192118, date = 22-Nov-2502
 Newton its= 5, linearizations= 6 (1.9sec), linear its= 17 (14.4sec)

Starting time step 54, stepsize 365.25 days, at day 175277/192118, date = 22-Nov-2503
 Newton its= 8, linearizations= 9 (2.8sec), linear its= 21 (18.6sec)

Starting time step 55, stepsize 365.25 days, at day 175642/192118, date = 22-Nov-2504
 Newton its=12, linearizations=13 (4.5sec), linear its= 20 (28.5sec)

Starting time step 56, stepsize 243.5 days, at day 176007/192118, date = 22-Nov-2505
 Newton its= 4, linearizations= 5 (1.6sec), linear its=  9 (8.2sec)

Starting time step 57, stepsize 365.25 days, at day 176251/192118, date = 23-Jul-2506
 Newton its= 5, linearizations= 6 (2.0sec), linear its= 19 (14.5sec)

Starting time step 58, stepsize 365.25 days, at day 176616/192118, date = 24-Jul-2507
    Oscillating behavior detected: Relaxation set to 0.900000
    Oscillating behavior detected: Relaxation set to 0.800000
 Newton its=10, linearizations=11 (3.7sec), linear its= 12 (23.1sec)

Starting time step 59, stepsize 292.2 days, at day 176981/192118, date = 23-Jul-2508
 Newton its= 4, linearizations= 5 (1.7sec), linear its=  9 (9.9sec)

Starting time step 60, stepsize 365.25 days, at day 177274/192118, date = 11-May-2509
 Newton its= 6, linearizations= 7 (2.4sec), linear its= 13 (12.5sec)

Starting time step 61, stepsize 365.25 days, at day 177639/192118, date = 11-May-2510
 Newton its= 4, linearizations= 5 (1.6sec), linear its= 21 (15.4sec)

Starting time step 62, stepsize 365.25 days, at day 178004/192118, date = 12-May-2511
 Newton its= 4, linearizations= 5 (1.7sec), linear its= 21 (13.7sec)

Starting time step 63, stepsize 365.25 days, at day 178369/192118, date = 11-May-2512
 Newton its= 4, linearizations= 5 (1.7sec), linear its= 19 (14.2sec)

Starting time step 64, stepsize 365.25 days, at day 178735/192118, date = 11-May-2513
 Newton its= 4, linearizations= 5 (1.8sec), linear its= 23 (14.2sec)

Starting time step 65, stepsize 365.25 days, at day 179100/192118, date = 11-May-2514
 Newton its= 4, linearizations= 5 (1.7sec), linear its= 12 (15.9sec)

Starting time step 66, stepsize 365.25 days, at day 179465/192118, date = 12-May-2515
 Newton its= 5, linearizations= 6 (2.1sec), linear its= 18 (12.6sec)

Starting time step 67, stepsize 365.25 days, at day 179830/192118, date = 11-May-2516
 Newton its= 6, linearizations= 7 (2.4sec), linear its= 15 (14.1sec)

Starting time step 68, stepsize 365.25 days, at day 180196/192118, date = 11-May-2517
    Oscillating behavior detected: Relaxation set to 0.900000
 Newton its= 4, linearizations= 5 (1.8sec), linear its= 10 (8.6sec)

Starting time step 69, stepsize 365.25 days, at day 180561/192118, date = 11-May-2518

Problem: Solver convergence failure - Iteration limit reached
Timestep chopped to 36.525 days


Starting time step 69, stepsize 36.525 days, at day 180561/192118, date = 11-May-2518
 Newton its= 1, linearizations= 2 (0.8sec), linear its=  2 (2.0sec)

Starting time step 70, stepsize 45.6562 days, at day 180597/192118, date = 17-Jun-2518
 Newton its= 2, linearizations= 3 (1.0sec), linear its=  3 (9.6sec)

Starting time step 71, stepsize 136.969 days, at day 180643/192118, date = 02-Aug-2518
 Newton its= 2, linearizations= 3 (1.1sec), linear its=  6 (4.4sec)

Starting time step 72, stepsize 365.25 days, at day 180780/192118, date = 17-Dec-2518
 Newton its= 3, linearizations= 4 (1.4sec), linear its= 11 (7.9sec)

Starting time step 73, stepsize 365.25 days, at day 181145/192118, date = 17-Dec-2519
 Newton its= 4, linearizations= 5 (1.8sec), linear its= 15 (11.3sec)

Starting time step 74, stepsize 365.25 days, at day 181511/192118, date = 16-Dec-2520
 Newton its= 5, linearizations= 6 (2.1sec), linear its= 18 (13.3sec)

Starting time step 75, stepsize 365.25 days, at day 181876/192118, date = 16-Dec-2521
 Newton its= 4, linearizations= 5 (1.6sec), linear its= 13 (10.1sec)

Starting time step 76, stepsize 365.25 days, at day 182241/192118, date = 17-Dec-2522
 Newton its= 5, linearizations= 6 (2.2sec), linear its= 22 (16.7sec)

Starting time step 77, stepsize 365.25 days, at day 182606/192118, date = 17-Dec-2523
 Newton its= 5, linearizations= 6 (2.1sec), linear its= 21 (15.9sec)

Starting time step 78, stepsize 365.25 days, at day 182972/192118, date = 16-Dec-2524
 Newton its= 4, linearizations= 5 (1.8sec), linear its= 18 (18.5sec)

Starting time step 79, stepsize 365.25 days, at day 183337/192118, date = 16-Dec-2525
 Newton its= 2, linearizations= 3 (1.1sec), linear its= 10 (7.5sec)

Starting time step 80, stepsize 365.25 days, at day 183702/192118, date = 17-Dec-2526
 Newton its= 4, linearizations= 5 (1.7sec), linear its= 18 (12.4sec)

Starting time step 81, stepsize 365.25 days, at day 184067/192118, date = 17-Dec-2527
 Newton its= 4, linearizations= 5 (1.8sec), linear its= 17 (11.7sec)

Starting time step 82, stepsize 365.25 days, at day 184433/192118, date = 16-Dec-2528
 Newton its= 4, linearizations= 5 (1.8sec), linear its= 14 (11.1sec)

Starting time step 83, stepsize 365.25 days, at day 184798/192118, date = 16-Dec-2529
 Newton its= 4, linearizations= 5 (1.6sec), linear its= 18 (12.0sec)

Starting time step 84, stepsize 365.25 days, at day 185163/192118, date = 17-Dec-2530
 Newton its= 4, linearizations= 5 (1.9sec), linear its= 21 (15.0sec)

Starting time step 85, stepsize 365.25 days, at day 185528/192118, date = 17-Dec-2531
 Newton its= 5, linearizations= 6 (2.1sec), linear its= 23 (22.6sec)

Starting time step 86, stepsize 365.25 days, at day 185894/192118, date = 16-Dec-2532
 Newton its= 8, linearizations= 9 (3.0sec), linear its= 14 (14.3sec)

Starting time step 87, stepsize 365.25 days, at day 186259/192118, date = 16-Dec-2533
 Newton its= 3, linearizations= 4 (1.5sec), linear its=  9 (8.1sec)

Starting time step 88, stepsize 365.25 days, at day 186624/192118, date = 17-Dec-2534
 Newton its= 5, linearizations= 6 (2.3sec), linear its= 18 (12.7sec)

Starting time step 89, stepsize 365.25 days, at day 186989/192118, date = 17-Dec-2535
 Newton its= 4, linearizations= 5 (1.8sec), linear its= 11 (12.1sec)

Starting time step 90, stepsize 365.25 days, at day 187355/192118, date = 16-Dec-2536
 Newton its= 4, linearizations= 5 (1.8sec), linear its= 20 (14.3sec)

Starting time step 91, stepsize 365.25 days, at day 187720/192118, date = 16-Dec-2537
 Newton its= 2, linearizations= 3 (1.0sec), linear its=  9 (6.6sec)

Starting time step 92, stepsize 365.25 days, at day 188085/192118, date = 17-Dec-2538
 Newton its= 4, linearizations= 5 (1.7sec), linear its= 19 (20.1sec)

Starting time step 93, stepsize 365.25 days, at day 188450/192118, date = 17-Dec-2539
 Newton its= 4, linearizations= 5 (1.7sec), linear its= 24 (18.6sec)

Starting time step 94, stepsize 365.25 days, at day 188816/192118, date = 16-Dec-2540
 Newton its= 3, linearizations= 4 (1.3sec), linear its= 11 (8.9sec)

Starting time step 95, stepsize 365.25 days, at day 189181/192118, date = 16-Dec-2541
 Newton its= 4, linearizations= 5 (1.8sec), linear its=  8 (8.7sec)

Starting time step 96, stepsize 365.25 days, at day 189546/192118, date = 17-Dec-2542
    Oscillating behavior detected: Relaxation set to 0.900000
 Newton its= 7, linearizations= 8 (2.7sec), linear its= 29 (23.4sec)

Starting time step 97, stepsize 365.25 days, at day 189911/192118, date = 17-Dec-2543
 Newton its= 4, linearizations= 5 (1.8sec), linear its= 16 (14.4sec)

Starting time step 98, stepsize 365.25 days, at day 190277/192118, date = 16-Dec-2544
 Newton its= 4, linearizations= 5 (1.7sec), linear its= 10 (9.3sec)

Starting time step 99, stepsize 365.25 days, at day 190642/192118, date = 16-Dec-2545
 Newton its= 6, linearizations= 7 (2.3sec), linear its= 18 (23.0sec)

Starting time step 100, stepsize 365.25 days, at day 191007/192118, date = 17-Dec-2546
 Newton its= 6, linearizations= 7 (2.6sec), linear its= 11 (12.1sec)

Starting time step 101, stepsize 365.25 days, at day 191372/192118, date = 17-Dec-2547
    Oscillating behavior detected: Relaxation set to 0.900000
 Newton its= 4, linearizations= 5 (1.7sec), linear its=  8 (8.6sec)

Starting time step 102, stepsize 190.242 days, at day 191738/192118, date = 16-Dec-2548

Problem: Solver convergence failure - Iteration limit reached
Timestep chopped to 19.024166666666666 days


Starting time step 102, stepsize 19.0242 days, at day 191738/192118, date = 16-Dec-2548
 Newton its= 1, linearizations= 2 (0.7sec), linear its=  2 (1.7sec)

Starting time step 103, stepsize 23.7802 days, at day 191757/192118, date = 04-Jan-2549
 Newton its= 1, linearizations= 2 (0.7sec), linear its=  2 (2.2sec)

Starting time step 104, stepsize 71.3406 days, at day 191780/192118, date = 28-Jan-2549
 Newton its= 3, linearizations= 4 (1.4sec), linear its=  4 (12.0sec)

Starting time step 105, stepsize 133.169 days, at day 191852/192118, date = 09-Apr-2549
    Oscillating behavior detected: Relaxation set to 0.900000
 Newton its= 3, linearizations= 4 (1.5sec), linear its= 13 (10.3sec)

Starting time step 106, stepsize 133.169 days, at day 191985/192118, date = 20-Aug-2549
 Newton its= 2, linearizations= 3 (1.0sec), linear its=  7 (5.6sec)

Restart file written for report step 68/68, date = 01-Jan-2550 00:00:00


================    End of simulation     ===============

Number of MPI processes:        16
Threads per MPI process:         2
Setup time:                    242.50 s
  Deck input:                   33.18 s
Number of timesteps:          1648
Simulation time:             31775.57 s
  Assembly time:              3989.82 s (Wasted: 790.7 s; 19.8%)
    Well assembly:              10.81 s (Wasted: 2.4 s; 22.5%)
  Linear solve time:         24521.32 s (Wasted: 6165.3 s; 25.1%)
    Linear setup:             9649.24 s (Wasted: 2109.4 s; 21.9%)
  Props/update time:          2587.31 s (Wasted: 562.3 s; 21.7%)
  Pre/post step:               528.73 s (Wasted: 12.0 s; 2.3%)
  Output write time:            68.49 s
Overall Linearizations:      11228      (Wasted:  2215; 19.7%)
Overall Newton Iterations:    9786      (Wasted:  2205; 22.5%)
Overall Linear Iterations:   24450      (Wasted:  6803; 27.8%)



Error summary:
Warnings          2816
Info              3707
Errors            0
Bugs              0
Debug             0
Problems          216
